Date,fii_fut_idx_net,fii_call_net,fii_put_net,FII_Direction,DII_Direction,Pro_Direction,Client_Direction,Nifty_Close,Nifty_Change_Pct,Market_Direction,FII_Correct
2025-08-11,-179727,-66446,229285,Neutral,Neutral,Neutral,Neutral,24585.05078125,-0.4,Bearish,
2025-08-12,-185258,-87161,252147,Bearish,Neutral,Neutral,Neutral,24487.400390625,0.54,Bullish,Incorrect
2025-08-13,-182757,-51745,190624,Neutral,Bullish,Bullish,Bearish,24619.349609375,0.05,Bullish,
2025-08-14,-182879,-32029,255844,Neutral,Neutral,Bearish,Neutral,24631.30078125,1.0,Bullish,
2025-08-18,-171324,-29105,254862,Bullish,Neutral,Bullish,Bearish,24876.94921875,0.42,Bullish,Correct
2025-08-19,-171531,-12657,262465,Bullish,Neutral,Bullish,Bearish,24980.650390625,0.28,Bullish,Correct
2025-08-20,-173192,-37921,211298,Bullish,Neutral,Bullish,Bearish,25050.55078125,0.13,Bullish,Correct
2025-08-21,-168050,-14965,262534,Neutral,Bullish,Neutral,Neutral,25083.75,-0.85,Bearish,
2025-08-22,-171509,-59392,294569,Neutral,Neutral,Neutral,Neutral,24870.099609375,0.39,Bullish,
2025-08-25,-170238,-47379,261702,Bullish,Neutral,Bullish,Bearish,24967.75,-1.02,Bearish,Incorrect
2025-08-26,-176929,-52912,291534,Neutral,Neutral,Neutral,Neutral,24712.05078125,-0.85,Bearish,
2025-08-28,-168514,-46009,286019,Bullish,Bullish,Bullish,Bearish,24500.900390625,-0.3,Bearish,Incorrect
2025-08-29,-175195,-75153,275057,Neutral,Neutral,Neutral,Neutral,24426.849609375,0.81,Bullish,
2025-09-01,-172547,-51703,196350,Neutral,Neutral,Bullish,Bearish,24625.05078125,-0.18,Bearish,
2025-09-02,-180425,-38055,297866,Neutral,Neutral,Bullish,Neutral,24579.599609375,0.55,Bullish,
2025-09-03,-182796,-62856,219295,Neutral,Bullish,Bullish,Bearish,24715.05078125,0.08,Bullish,
2025-09-04,-188577,-59403,270400,Neutral,Neutral,Neutral,Neutral,24734.30078125,0.03,Bullish,
2025-09-05,-191415,-42232,284954,Neutral,Bullish,Bullish,Bearish,24741.0,0.13,Bullish,
2025-09-08,-191360,7637,286112,Bullish,Bullish,Neutral,Neutral,24773.150390625,0.39,Bullish,Correct
2025-09-09,-189850,-19235,277202,Neutral,Neutral,Bullish,Bearish,24868.599609375,0.42,Bullish,
2025-09-10,-186140,-53064,240351,Bullish,Bullish,Bullish,Bearish,24973.099609375,0.13,Bullish,Correct
2025-09-11,-182800,-30491,259087,Bullish,Neutral,Bullish,Bearish,25005.5,0.43,Bullish,Correct
2025-09-12,-172349,-772,276276,Bullish,Bullish,Bullish,Bearish,25114.0,-0.18,Bearish,Incorrect
2025-09-15,-171156,-36439,287426,Neutral,Neutral,Neutral,Neutral,25069.19921875,0.68,Bullish,
2025-09-16,-159561,-10237,261102,Bullish,Bullish,Bullish,Bearish,25239.099609375,0.36,Bullish,Correct
2025-09-17,-150660,-10844,242628,Bullish,Neutral,Bullish,Bearish,25330.25,0.37,Bullish,Correct
2025-09-18,-143659,12237,276271,Neutral,Neutral,Neutral,Neutral,25423.599609375,-0.38,Bearish,
2025-09-19,-146773,33971,268175,Bullish,Bullish,Neutral,Neutral,25327.05078125,-0.49,Bearish,Incorrect
2025-09-22,-144254,-34183,285979,Neutral,Bullish,Neutral,Neutral,25202.349609375,-0.13,Bearish,
2025-09-23,-142178,-32454,267371,Bullish,Bullish,Bullish,Bearish,25169.5,-0.45,Bearish,Incorrect
2025-09-24,-145299,-58698,275063,Neutral,Bullish,Neutral,Neutral,25056.900390625,-0.66,Bearish,
2025-09-25,-147886,-75734,319619,Neutral,Bullish,Neutral,Neutral,24890.849609375,-0.95,Bearish,
2025-09-26,-166962,-56905,335802,Neutral,Bullish,Bullish,Bearish,24654.69921875,-0.08,Bearish,
2025-09-29,-169584,-25559,321929,Bullish,Neutral,Neutral,Bearish,24634.900390625,-0.1,Bearish,Incorrect
2025-09-30,-176090,-63294,271509,Bullish,Neutral,Neutral,Bearish,24611.099609375,0.92,Bullish,Correct
2025-10-01,-176910,-14807,281249,Bullish,Bullish,Bullish,Bearish,24836.30078125,0.23,Bullish,Correct
2025-10-03,-189496,-4659,290735,Neutral,Bullish,Bullish,Bearish,24894.25,0.74,Bullish,
2025-10-06,-197578,26524,281369,Bullish,Neutral,Neutral,Bearish,25077.650390625,0.12,Bullish,Correct
2025-10-07,-189530,-22575,257378,Neutral,Neutral,Neutral,Neutral,25108.30078125,-0.25,Bearish,
2025-10-08,-188676,-43914,283828,Neutral,Neutral,Neutral,Neutral,25046.150390625,0.54,Bullish,
2025-10-09,-185810,-20617,260340,Bullish,Neutral,Bullish,Bearish,25181.80078125,0.41,Bullish,Correct
2025-10-10,-181339,12449,280334,Bullish,Neutral,Neutral,Neutral,25285.349609375,-0.23,Bearish,Incorrect
2025-10-13,-185709,-35515,318732,Neutral,Bullish,Neutral,Neutral,25227.349609375,-0.32,Bearish,
2025-10-14,-194380,-31163,291407,Bullish,Neutral,Neutral,Neutral,25145.5,0.71,Bullish,Correct
2025-10-15,-189115,-2367,258528,Bullish,Neutral,Bullish,Bearish,25323.55078125,1.03,Bullish,Correct
2025-10-16,-162938,91311,288213,Bullish,Bullish,Neutral,Bearish,25585.30078125,0.49,Bullish,Correct
2025-10-17,-142520,82288,280403,Bullish,Neutral,Neutral,Neutral,25709.849609375,0.52,Bullish,Correct
2025-10-20,-137328,45727,260277,Neutral,Neutral,Neutral,Bearish,25843.150390625,0.1,Bullish,
2025-10-21,-137029,39472,245026,Bullish,Neutral,Neutral,Neutral,25868.599609375,0.09,Bullish,Correct
2025-10-23,-113511,72227,254684,Bullish,Neutral,Neutral,Neutral,25891.400390625,-0.37,Bearish,Incorrect
2025-10-24,-106547,53446,262300,Neutral,Bullish,Bullish,Bearish,25795.150390625,0.66,Bullish,
2025-10-27,-107632,49704,231924,Bullish,Neutral,Bullish,Bearish,25966.05078125,-0.11,Bearish,Incorrect
2025-10-28,-92166,-14133,178320,Bullish,Neutral,Neutral,Neutral,25936.19921875,0.45,Bullish,Correct
2025-10-29,-98314,5107,147643,Bullish,Bullish,Bullish,Bearish,26053.900390625,-0.68,Bearish,Incorrect
2025-10-30,-110448,-22567,222315,Neutral,Bullish,Neutral,Neutral,25877.849609375,-0.6,Bearish,
2025-10-31,-118673,10856,240084,Bullish,Bullish,Neutral,Neutral,25722.099609375,0.16,Bullish,Correct
2025-11-03,-124827,9676,218944,Bullish,Bullish,Neutral,Bearish,25763.349609375,-0.64,Bearish,Incorrect
2025-11-04,-135218,11181,243162,Neutral,Bullish,Neutral,Neutral,25597.650390625,-0.34,Bearish,
2025-11-06,-137854,-20332,244052,Neutral,Bullish,Bullish,Neutral,25509.69921875,-0.07,Bearish,
2025-11-07,-152091,11608,275667,Neutral,Bullish,Bullish,Bearish,25492.30078125,0.32,Bullish,
2025-11-10,-156707,-11044,251578,Neutral,Neutral,Neutral,Neutral,25574.349609375,0.47,Bullish,
2025-11-11,-159830,1836,224249,Bullish,Bullish,Bullish,Bearish,25694.94921875,0.7,Bullish,Correct
2025-11-12,-162240,15227,178108,Bullish,Bullish,Bullish,Bearish,25875.80078125,0.01,Bullish,Correct
2025-11-13,-159947,15167,219887,Neutral,Neutral,Bearish,Neutral,25879.150390625,0.12,Bullish,
2025-11-14,-169619,20202,266690,Neutral,Bullish,Neutral,Neutral,25910.05078125,0.4,Bullish,
2025-11-17,-169285,31435,230962,Bullish,Neutral,Bullish,Bearish,26013.44921875,-0.4,Bearish,Incorrect
2025-11-18,-168789,-13812,230801,Neutral,Bullish,Neutral,Neutral,25910.05078125,0.55,Bullish,
2025-11-19,-167571,22528,156818,Bullish,Neutral,Bullish,Bearish,26052.650390625,0.54,Bullish,Correct
2025-11-20,-165565,56530,187380,Bullish,Bullish,Bullish,Bearish,26192.150390625,-0.47,Bearish,Incorrect
2025-11-21,-169847,43648,282285,Neutral,Neutral,Neutral,Neutral,26068.150390625,-0.42,Bearish,
2025-11-24,-161697,5080,289017,Neutral,Neutral,Neutral,Neutral,25959.5,-0.29,Bearish,
2025-11-25,-94689,-51812,258250,Bullish,Neutral,Bullish,Bearish,25884.80078125,1.24,Bullish,Correct
2025-11-26,-90747,21468,151051,Bullish,Neutral,Bullish,Bearish,26205.30078125,0.04,Bullish,Correct
2025-11-27,-87263,22381,196796,Neutral,Neutral,Neutral,Neutral,26215.55078125,-0.05,Bearish,
2025-11-28,-87596,-4251,251004,Neutral,Bullish,Neutral,Neutral,26202.94921875,-0.1,Bearish,
2025-12-01,-87170,-12587,265161,Neutral,Neutral,Neutral,Neutral,26175.75,-0.55,Bearish,
2025-12-02,-99859,-26530,265296,Neutral,Neutral,Bullish,Neutral,26032.19921875,-0.18,Bearish,
2025-12-03,-113469,-10959,291072,Neutral,Neutral,Neutral,Neutral,25986.0,0.18,Bullish,
2025-12-04,-122530,-37160,290799,Neutral,Bullish,Bullish,Bearish,26033.75,0.59,Bullish,
2025-12-05,-121302,14369,258172,Bullish,Bullish,Bullish,Bearish,26186.44921875,-0.86,Bearish,Incorrect
2025-12-08,-138529,-114170,331461,Neutral,Bullish,Bearish,Neutral,25960.55078125,-0.47,Bearish,
2025-12-09,-142498,-42900,314190,Bullish,Bullish,Neutral,Bearish,25839.650390625,-0.32,Bearish,Incorrect
2025-12-10,-148339,-33747,314450,Bullish,Bullish,Bearish,Neutral,25758.0,0.55,Bullish,Correct
2025-12-11,-146984,-33494,264917,Bullish,Bullish,Bullish,Bearish,25898.55078125,0.57,Bullish,Correct
2025-12-12,-150416,16124,248484,Bullish,Bullish,Neutral,Bearish,26046.94921875,-0.08,Bearish,Incorrect
2025-12-15,-147925,-5619,235733,Neutral,Neutral,Neutral,Bearish,26027.30078125,-0.64,Bearish,
2025-12-16,-156845,-27383,291214,Neutral,Bullish,Bearish,Neutral,25860.099609375,-0.16,Bearish,
2025-12-17,-164650,-47057,285226,Neutral,Bullish,Neutral,Neutral,25818.55078125,-0.01,Bearish,
2025-12-18,-165482,-41468,271232,Bullish,Bullish,Bullish,Bearish,25815.55078125,0.58,Bullish,Correct
2025-12-19,-158785,16685,223109,Bullish,Neutral,Bullish,Bearish,25966.400390625,0.79,Bullish,Correct
2025-12-22,-144701,58157,200696,Bullish,Neutral,Bullish,Bearish,26172.400390625,0.02,Bullish,Correct
2025-12-23,-133758,21392,204129,Neutral,Neutral,Neutral,Neutral,26177.150390625,-0.13,Bearish,
2025-12-24,-129051,-2422,222817,Neutral,Neutral,Neutral,Neutral,26142.099609375,-0.38,Bearish,
2025-12-26,-139153,-13953,274895,Neutral,Bullish,Neutral,Neutral,26042.30078125,-0.38,Bearish,
2025-12-29,-154940,-18961,274013,Neutral,Neutral,Bullish,Bearish,25942.099609375,-0.01,Bearish,
2025-12-30,-144062,-31118,235064,Bullish,Neutral,Bullish,Bearish,25938.849609375,0.74,Bullish,Correct
2025-12-31,-145886,12948,239241,Bullish,Bullish,Bullish,Bearish,26129.599609375,0.06,Bullish,Correct
2026-01-01,-143926,13356,221309,Bullish,Bullish,Neutral,Neutral,26146.55078125,0.7,Bullish,Correct
2026-01-02,-130246,68310,156249,Bullish,Bullish,Bullish,Bearish,26328.55078125,-0.3,Bearish,Incorrect
2026-01-05,-128023,-2053,211205,Neutral,Neutral,Neutral,Neutral,26250.30078125,-0.27,Bearish,
2026-01-06,-127888,34403,218676,Bullish,Bullish,Bullish,Bearish,26178.69921875,-0.14,Bearish,Incorrect
2026-01-07,-136272,19451,223340,Neutral,Bullish,Neutral,Neutral,26140.75,-1.01,Bearish,
2026-01-08,-167347,-82137,255381,Neutral,Neutral,Neutral,Neutral,25876.849609375,-0.75,Bearish,
2026-01-09,-186063,-29047,285421,Bullish,Bullish,Neutral,Neutral,25683.30078125,0.42,Bullish,Correct
2026-01-12,-193409,-5534,266038,Bullish,Neutral,Bullish,Bearish,25790.25,-0.22,Bearish,Incorrect
2026-01-13,-197655,-32983,281756,Neutral,Bullish,Bullish,Neutral,25732.30078125,-0.26,Bearish,
2026-01-14,-199134,-53113,270948,Neutral,Bullish,Bullish,Bearish,25665.599609375,0.11,Bullish,
2026-01-16,-190375,741,318813,Bullish,Neutral,Neutral,Neutral,25694.349609375,-0.42,Bearish,Incorrect
2026-01-19,-193097,-28364,301966,Neutral,Bullish,Neutral,Neutral,25585.5,-1.38,Bearish,
2026-01-20,-201567,-60114,309239,Neutral,Neutral,Bearish,Neutral,25232.5,-0.3,Bearish,
2026-01-21,-204722,-116655,307482,Bearish,Neutral,Neutral,Bearish,25157.5,0.53,Bullish,Incorrect
2026-01-22,-216200,-106131,290474,Neutral,Bullish,Neutral,Neutral,25289.900390625,-0.95,Bearish,
2026-01-23,-227533,-29006,340536,Bullish,Bullish,Neutral,Neutral,25048.650390625,0.51,Bullish,Correct
2026-01-27,-175625,-104758,342872,Neutral,Bullish,Bullish,Bearish,25175.400390625,0.66,Bullish,
2026-01-28,-174555,-132270,361381,Neutral,Neutral,Bullish,Neutral,25342.75,0.3,Bullish,
2026-01-29,-185548,-132312,338311,Bullish,Bullish,Bullish,Bearish,25418.900390625,-0.39,Bearish,Incorrect
2026-01-30,-193822,-110292,388654,Neutral,Bullish,Bearish,Neutral,25320.650390625,-0.92,Bearish,
2026-02-02,-197139,-174265,418965,Neutral,Neutral,Neutral,Neutral,25088.400390625,2.55,Bullish,
2026-02-03,-157452,-93770,291050,Bullish,Bullish,Bullish,Bearish,25727.55078125,0.19,Bullish,Correct
2026-02-04,-147316,-67959,233915,Bullish,Bullish,Bullish,Bearish,25776.0,-0.52,Bearish,Incorrect
2026-02-05,-144022,-72743,293863,Neutral,Neutral,Bearish,Neutral,25642.80078125,0.2,Bullish,
2026-02-06,-150250,-30696,316908,Bullish,Bullish,Neutral,Bearish,25693.69921875,0.68,Bullish,Correct
2026-02-09,-145919,20560,293152,Bullish,Bullish,Bearish,Neutral,25867.30078125,0.26,Bullish,Correct
2026-02-10,-133614,19747,259419,Bullish,Neutral,Neutral,Bearish,25935.150390625,0.07,Bullish,Correct
2026-02-11,-132215,11043,224432,Bullish,Neutral,Bearish,Bearish,25953.849609375,-0.57,Bearish,Incorrect
2026-02-12,-133207,-15971,245892,Neutral,Neutral,Bearish,Neutral,25807.19921875,-1.3,Bearish,
2026-02-13,-147573,27707,371000,Neutral,Bullish,Neutral,Neutral,25471.099609375,0.83,Bullish,
2026-02-16,-145138,35902,328328,Bullish,Bullish,Bullish,Bearish,25682.75,0.17,Bullish,Correct
2026-02-17,-141258,29358,301378,Bullish,Bullish,Neutral,Bearish,25725.400390625,0.37,Bullish,Correct
2026-02-18,-134594,33910,267011,Bullish,Neutral,Neutral,Bearish,25819.349609375,-1.41,Bearish,Incorrect
2026-02-19,-137872,-23592,337685,Neutral,Neutral,Neutral,Neutral,25454.349609375,0.46,Bullish,
2026-02-20,-133664,60555,304887,Bullish,Neutral,Bullish,Bearish,25571.25,0.55,Bullish,Correct
2026-02-23,-129085,49883,333798,Neutral,Neutral,Neutral,Neutral,25713.0,-1.12,Bearish,
2026-02-24,-106071,-60371,308272,Neutral,Bullish,Bearish,Neutral,25424.650390625,0.23,Bullish,
2026-02-25,-104481,-68648,292492,Bullish,Neutral,Bearish,Neutral,25482.5,0.06,Bullish,Correct
2026-02-26,-102980,-86756,297815,Neutral,Neutral,Neutral,Neutral,25496.55078125,-1.25,Bearish,
2026-02-27,-124368,-85157,383150,Neutral,Bullish,Neutral,Neutral,25178.650390625,-1.24,Bearish,
2026-03-02,-144473,-59338,365136,Bullish,Bullish,Neutral,Bearish,24865.69921875,-1.55,Bearish,Incorrect
2026-03-04,-163713,-79182,343229,Neutral,Neutral,Neutral,Neutral,24480.5,1.17,Bullish,
2026-03-05,-161848,-122756,364674,Neutral,Bullish,Neutral,Neutral,24765.900390625,-1.27,Bearish,
2026-03-06,-174291,-174445,453015,Neutral,Bullish,Neutral,Neutral,24450.44921875,-1.73,Bearish,
2026-03-09,-193902,-157826,395449,Bullish,Bullish,Neutral,Bearish,24028.05078125,0.97,Bullish,Correct
2026-03-10,-187070,-128883,416387,Bullish,Neutral,Neutral,Bearish,24261.599609375,-1.63,Bearish,Incorrect
2026-03-11,-206301,-184967,452737,Neutral,Bullish,Bearish,Neutral,23866.849609375,-0.95,Bearish,
2026-03-12,-226327,-214420,412249,Bearish,Bullish,Neutral,Bearish,23639.150390625,-2.06,Bearish,Correct
2026-03-13,-260540,-260556,455524,Bearish,Bullish,Bullish,Neutral,23151.099609375,1.11,Bullish,Incorrect
2026-03-16,-248769,-244680,426100,Neutral,Bullish,Neutral,Bearish,23408.80078125,0.74,Bullish,
2026-03-17,-240775,-164648,388744,Neutral,Neutral,Neutral,Neutral,23581.150390625,0.83,Bullish,
2026-03-18,-225797,-175211,374348,Neutral,Neutral,Neutral,Neutral,23777.80078125,-3.26,Bearish,
2026-03-19,-228952,-223504,414041,Bearish,Neutral,Bearish,Neutral,23002.150390625,0.49,Bullish,Incorrect
2026-03-20,-234508,-248220,439696,Bearish,Neutral,Bullish,Neutral,23114.5,-2.6,Bearish,Correct
2026-03-23,-243961,-254875,439270,Bearish,Bullish,Bearish,Bullish,22512.650390625,1.78,Bullish,Incorrect
2026-03-24,-248712,-263791,421071,Neutral,Bullish,Neutral,Neutral,22912.400390625,1.72,Bullish,
2026-03-25,-238126,-221482,402079,Neutral,Bullish,Neutral,Bearish,23306.44921875,-2.09,Bearish,
2026-03-27,-279467,-210546,408479,Bearish,Bullish,Neutral,Neutral,22819.599609375,-2.14,Bearish,Correct
2026-03-30,-264046,-232437,363572,Neutral,Bullish,Neutral,Neutral,22331.400390625,1.56,Bullish,
2026-04-01,-264821,-254390,356314,Bearish,Bullish,Bullish,Neutral,22679.400390625,0.15,Bullish,Incorrect
2026-04-02,-268020,-249557,324386,Neutral,Bullish,Bullish,Bearish,22713.099609375,1.12,Bullish,
2026-04-06,-268462,-232653,317928,Neutral,Neutral,Bullish,Bearish,22968.25,0.68,Bullish,
2026-04-07,-259435,-206744,320809,Neutral,Neutral,Neutral,Neutral,23123.650390625,3.78,Bullish,
2026-04-08,-227400,-194807,288492,Neutral,Neutral,Bullish,Neutral,23997.349609375,-0.93,Bearish,
2026-04-09,-227718,-225152,331713,Bearish,Neutral,Neutral,Neutral,23775.099609375,1.16,Bullish,Incorrect
2026-04-10,-206227,-178598,333261,Neutral,Neutral,Bullish,Bearish,24050.599609375,-0.86,Bearish,
2026-04-13,-208354,-150994,341221,Neutral,Bullish,Bullish,Bearish,23842.650390625,1.63,Bullish,
2026-04-15,-200718,-165059,325646,Neutral,Bullish,Neutral,Neutral,24231.30078125,-0.14,Bearish,
2026-04-16,-198989,-215666,371041,Bearish,Neutral,Neutral,Neutral,24196.75,0.65,Bullish,Incorrect
2026-04-17,-190953,-140697,321945,Neutral,Neutral,Bullish,Bearish,24353.55078125,0.05,Bullish,
2026-04-20,-189761,-180010,296845,Bearish,Neutral,Neutral,Neutral,24364.849609375,0.87,Bullish,Incorrect
2026-04-21,-173948,-131313,300331,Neutral,Neutral,Bullish,Bearish,24576.599609375,-0.81,Bearish,
2026-04-22,-183314,-208551,345946,Bearish,Bullish,Neutral,Neutral,24378.099609375,-0.84,Bearish,Correct
2026-04-23,-190914,-246860,375470,Bearish,Neutral,Neutral,Neutral,24173.05078125,-1.14,Bearish,Correct
2026-04-24,-204079,-226750,383812,Bearish,Neutral,Neutral,Neutral,23897.94921875,0.81,Bullish,Incorrect
2026-04-27,-205981,-204579,327754,Neutral,Neutral,Bullish,Bearish,24092.69921875,-0.4,Bearish,
2026-04-28,-170678,-201818,343512,Neutral,Neutral,Neutral,Neutral,23995.69921875,0.76,Bullish,
2026-04-29,-171058,-216058,333151,Bearish,Bullish,Bullish,Bearish,24177.650390625,-0.74,Bearish,Correct
2026-04-30,-184476,-220338,359365,Bearish,Neutral,Neutral,Neutral,23997.55078125,0.51,Bullish,Incorrect
2026-05-04,-192572,-186566,351232,Neutral,Neutral,Neutral,Neutral,24119.30078125,-0.36,Bearish,
2026-05-05,-198133,-207484,382291,Bearish,Neutral,Bullish,Bearish,24032.80078125,1.24,Bullish,Incorrect
2026-05-06,-194595,-190420,356403,Neutral,Bullish,Bullish,Bearish,24330.94921875,-0.02,Bearish,
2026-05-07,-195948,-256900,378186,Bearish,Bullish,Neutral,Neutral,24326.650390625,-0.62,Bearish,Correct
2026-05-08,-210112,-250134,385953,Bearish,Bullish,Neutral,Neutral,24176.150390625,-1.49,Bearish,Correct
2026-05-11,-220969,-298757,412595,Bearish,Neutral,Neutral,Neutral,23815.849609375,-1.83,Bearish,Correct
2026-05-12,-237144,-250003,475949,Bearish,Bullish,Neutral,Neutral,23379.55078125,0.14,Bullish,Incorrect
2026-05-13,-237874,-254012,444048,Neutral,Neutral,Bullish,Bearish,23412.599609375,1.18,Bullish,
2026-05-14,-225611,-232048,379629,Neutral,Neutral,Bullish,Bearish,23689.599609375,-0.19,Bearish,
2026-05-15,-216507,-256519,391241,Bearish,Neutral,Bullish,Neutral,23643.5,0.03,Bullish,Incorrect
2026-05-18,-209866,-214366,403164,Neutral,Neutral,Bullish,Bearish,23649.94921875,-0.14,Bearish,
2026-05-19,-216280,-205334,427803,Neutral,Bullish,Neutral,Neutral,23618.0,0.17,Bullish,
2026-05-20,-222520,-222156,378471,Neutral,Bullish,Bullish,Bearish,23659.0,-0.02,Bearish,
2026-05-21,-231190,-256062,414447,Bearish,Bullish,Neutral,Neutral,23654.69921875,0.27,Bullish,Incorrect
2026-05-22,-224992,-161949,393961,Bullish,Bullish,Bullish,Bearish,23719.30078125,1.32,Bullish,Correct
2026-05-25,-214977,-43834,355458,Bullish,Neutral,Bullish,Bearish,24031.69921875,-0.49,Bearish,Incorrect
2026-05-26,-152865,-200355,434742,Neutral,Bullish,Neutral,Neutral,23913.69921875,-0.03,Bearish,
2026-05-27,-163012,-207169,437410,Neutral,Neutral,Neutral,Neutral,23907.150390625,-1.5,Bearish,
2026-05-29,-201309,-270624,461686,Bearish,Bullish,Neutral,Neutral,23547.75,-0.7,Bearish,Correct
2026-06-01,-223180,-253687,494046,Neutral,Bullish,Neutral,Neutral,23382.599609375,0.43,Bullish,
2026-06-02,-230096,-279783,495102,Bearish,Neutral,Bullish,Bearish,23483.55078125,-0.33,Bearish,Correct
2026-06-03,-259253,-251345,538004,Neutral,Bullish,Bullish,Bearish,23405.599609375,0.05,Bullish,
2026-06-04,-264568,-273988,516866,Bearish,Bullish,Neutral,Neutral,23416.55078125,-0.21,Bearish,Correct
2026-06-05,-267706,-276059,530228,Bearish,Bullish,Bullish,Bearish,23366.69921875,-1.04,Bearish,Correct
2026-06-08,-277614,-293936,549435,Bearish,Bullish,Neutral,Neutral,23123.0,0.52,Bullish,Incorrect
2026-06-09,-277001,-266470,527058,Neutral,Bullish,Bullish,Bearish,23242.099609375,-0.12,Bearish,
2026-06-10,-271979,-277427,530987,Bearish,Bullish,Neutral,Neutral,23214.94921875,-0.23,Bearish,Correct
2026-06-11,-266983,-293925,537839,Bearish,Bullish,Bullish,Bearish,23161.599609375,1.99,Bullish,Incorrect
2026-06-12,-243623,-209020,542612,Bullish,Bullish,Bullish,Bearish,23622.900390625,0.98,Bullish,Correct
2026-06-15,-241241,-252327,545186,Neutral,Bullish,Neutral,Neutral,23853.900390625,0.57,Bullish,
2026-06-16,-229600,-232022,551288,Bullish,Neutral,Bullish,Bearish,23989.150390625,0.4,Bullish,Correct
2026-06-17,-224688,-263051,547474,Neutral,Neutral,Bullish,Bearish,24085.69921875,0.34,Bullish,
2026-06-18,-221476,-240679,562663,Bullish,Neutral,Bullish,Bearish,24168.0,-0.64,Bearish,Incorrect
2026-06-19,-226423,-300320,629690,Neutral,Bullish,Neutral,Neutral,24013.099609375,0.37,Bullish,
2026-06-22,-222784,-295482,646742,Neutral,Neutral,Bullish,Bearish,24102.900390625,-1.16,Bearish,
2026-06-23,-228561,-274993,672256,Neutral,Bullish,Bearish,Neutral,23824.099609375,0.83,Bullish,
2026-06-24,-229053,-290765,603410,Bullish,Bullish,Bullish,Bearish,24021.650390625,0.14,Bullish,Correct
2026-06-25,-223809,-259912,596646,Bullish,Neutral,Neutral,Neutral,24056.0,-0.46,Bearish,Incorrect
2026-06-29,-234451,-245372,616220,Neutral,Neutral,Neutral,Neutral,23946.25,-0.34,Bearish,
2026-06-30,-256410,-233098,532536,Bullish,Neutral,Neutral,Bearish,23865.75,0.59,Bullish,Correct
2026-07-01,-260059,-249120,505784,Neutral,Neutral,Bullish,Bearish,24005.849609375,0.71,Bullish,
2026-07-02,-256900,-224900,442042,Neutral,Bullish,Bullish,Bearish,24175.69921875,0.39,Bullish,
2026-07-03,-250767,-233473,477175,Bearish,Neutral,Neutral,Neutral,24270.849609375,0.66,Bullish,Incorrect
2026-07-06,-241279,-188653,457027,Bullish,Bullish,Bullish,Bearish,24430.349609375,-0.13,Bearish,Incorrect
2026-07-07,-238838,-188521,443783,Bullish,Bullish,Neutral,Neutral,24398.69921875,-2.12,Bearish,Incorrect
2026-07-08,-268586,-283151,546664,Bearish,Bullish,Neutral,Neutral,23882.05078125,0.34,Bullish,Incorrect
2026-07-09,-266251,-256228,524225,Bullish,Neutral,Bullish,Bearish,23962.80078125,1.02,Bullish,Correct
2026-07-10,-254711,-218611,478558,Bullish,Neutral,Bullish,Bearish,24206.900390625,0.02,Bullish,Correct
2026-07-13,-255113,-176174,454159,Bullish,Neutral,Neutral,Bearish,24211.0,-0.66,Bearish,Incorrect
2026-07-14,-265465,-179134,498324,Neutral,Neutral,Neutral,Neutral,24052.05078125,0.11,Bullish,
2026-07-15,-262712,-229394,500928,Neutral,Bullish,Bullish,Neutral,24078.5,-0.02,Bearish,
2026-07-16,-249886,-218883,488171,Bullish,Bullish,Bullish,Bearish,24072.75,1.09,Bullish,Correct
2026-07-17,-216528,-69411,397859,Bullish,Neutral,Bullish,Bearish,24334.30078125,-0.39,Bearish,Incorrect
2026-07-20,-219823,-149857,410533,Neutral,Neutral,Neutral,Neutral,24238.5,-0.21,Bearish,
2026-07-21,-228847,-170055,508927,Neutral,Bullish,Neutral,Neutral,24187.69921875,-0.79,Bearish,
2026-07-22,-251704,-248973,544408,Neutral,Neutral,Bullish,Neutral,23996.25,-0.53,Bearish,
2026-07-23,-263082,-314487,546528,Bearish,Neutral,Bullish,Neutral,23869.599609375,-0.43,Bearish,Correct
2026-07-24,-270847,-258810,535178,Bullish,Neutral,Bullish,Bearish,23767.44921875,0.96,Bullish,Correct
2026-07-27,-266925,-225538,482049,Neutral,Neutral,Neutral,Bearish,23995.94921875,-0.04,Bearish,
2026-07-28,-205601,-247547,521900,Neutral,Neutral,Neutral,Neutral,23985.349609375,1.1,Bullish,
2026-07-29,-194818,-158213,477176,Bullish,Neutral,Bullish,Bearish,24250.19921875,0.28,Bullish,Correct
2026-07-30,-186612,-176285,440725,Bullish,Neutral,Neutral,Neutral,24317.150390625,0.27,Bullish,Correct
2026-07-31,-173113,-184525,453770,Neutral,Neutral,Neutral,Neutral,24383.599609375,1.6,Bullish,
2026-08-03,-150816,-128530,433395,Bullish,Bullish,Bullish,Bearish,24774.30078125,-0.64,Bearish,Incorrect
2026-08-04,-153773,-164997,485728,Neutral,Neutral,Bearish,Neutral,24614.900390625,0.04,Bullish,
2026-08-05,-158903,-228591,461172,Neutral,Neutral,Bullish,Bearish,24624.650390625,0.05,Bullish,
2026-08-06,-145118,-163045,387627,Bullish,Neutral,Bullish,Bearish,24636.0,-0.27,Bearish,Incorrect
2026-08-07,-150058,-213031,414412,Neutral,Neutral,Neutral,Neutral,24570.650390625,,Neutral,
2026-08-10,-152163,-199936,429792,Neutral,Neutral,Neutral,Neutral,24583.80078125,0.05,Neutral,
2026-08-11,-156131,-197579,485144,Neutral,Neutral,Neutral,Neutral,24471.69921875,-0.46,Bearish,
2026-08-12,-165169,-230939,499737,Bearish,Neutral,Neutral,Neutral,24435.94921875,-0.15,Bearish,Correct
2026-08-13,-168702,-288841,474116,Neutral,Neutral,Neutral,Neutral,24395.849609375,-0.16,Bearish,
2026-08-14,-176698,-276645,497176,Bearish,Neutral,Neutral,Neutral,24366.0,-0.12,Bearish,Correct
2026-08-17,-181587,-228525,502455,Neutral,Neutral,Neutral,Neutral,24287.650390625,-0.32,Bearish,
2026-08-18,-194158,-231661,611080,Bearish,Neutral,Neutral,Neutral,24154.900390625,-0.55,Bearish,Correct
2026-08-19,-209807,-313586,571624,Bearish,Neutral,Neutral,Neutral,24078.30078125,-0.32,Bearish,Correct
2026-08-20,-212113,-233793,478916,Neutral,Neutral,Neutral,Neutral,24231.849609375,0.64,Bullish,
2026-08-21,-209855,-218113,467947,Neutral,Neutral,Neutral,Neutral,24252.0,0.08,Neutral,
2026-08-24,-219383,-199680,581958,Bearish,Neutral,Neutral,Neutral,24219.05078125,-0.14,Bearish,Correct
2026-08-25,-184227,-198430,549436,Bullish,Neutral,Neutral,Neutral,24334.55078125,,Neutral,
