date,day_of_week,expiry_type,chart,nifty_open,nifty_high,nifty_low,nifty_close,vix_open,vix_close,vix_predicted_move_pct,actual_range_pct,actual_open_close_pct,intraday_high_pct,intraday_low_pct,range_vs_vix_ratio,diff_pct,vix_accuracy,move_direction,close_in_prev_range,prev_close_to_close_pct,fii_fut_idx_net,fii_call_net,fii_put_net,FII_Direction,DII_Direction,Pro_Direction,Client_Direction,Nifty_Close,Nifty_Change_Pct,Market_Direction,FII_Correct,t1_fii_fut_idx_net,t1_fii_call_net,t1_fii_put_net,t1_FII_Direction,fii_pcr,fii_net_sentiment,fii_put_change,is_blowout,fii_direction_matches_market,consensus_count,t1_fii_pcr,vix_change
2025-08-14,Thursday,weekly,▂↓▁↑█↓▄ 📈,24607.25,24673.65,24596.9,24631.3,12.14,12.36,0.64,0.31,0.1,0.27,0.04,0.49,-0.32,Overestimated,Down to Up,No,0.19,-182879,-32029,255844,Neutral,Neutral,Bearish,Neutral,24631.30078125,1.0,Bullish,,-182757,-51745,190624,Neutral,7.9878859783321365,-470752,,0,0,0,3.6839114890327567,0.21999999999999886
2025-08-21,Thursday,weekly,▇↓▁↑█↓▃ 📉,25142.0,25153.65,25054.9,25083.75,11.79,11.37,0.62,0.39,0.23,0.05,0.35,0.64,-0.22,Overestimated,Top to Down,No,0.83,-168050,-14965,262534,Neutral,Bullish,Neutral,Neutral,25083.75,-0.85,Bearish,,-173192,-37921,211298,Bullish,17.543200801871034,-445549,6690.0,0,0,0,5.572057698900346,-0.41999999999999993
2025-08-28,Thursday,monthly,█↓▁↑█↓▂ 📉,24695.8,24702.65,24481.6,24500.9,12.19,12.18,0.64,0.9,0.79,0.03,0.87,1.4,0.26,Overestimated,Top to Down,No,-1.48,-168514,-46009,286019,Bullish,Bullish,Bullish,Bearish,24500.900390625,-0.3,Bearish,Incorrect,-176929,-52912,291534,Neutral,6.21658805885805,-500542,23485.0,0,0,1,5.509789839733898,-0.009999999999999787
2025-09-02,Tuesday,weekly,▅↓▁↑█↓▃ 📉,24653.0,24756.1,24522.35,24579.6,11.29,11.4,0.59,0.95,0.3,0.42,0.53,1.6,0.36,Overestimated,Top to Down,Yes,0.32,-180425,-38055,297866,Neutral,Neutral,Bullish,Neutral,24579.599609375,0.55,Bullish,,-172547,-51703,196350,Neutral,7.827250032847195,-516346,11847.0,0,0,1,3.797651973773282,0.11000000000000121
2025-09-09,Tuesday,weekly,▆↓▁↑█↓▆ 📈,24864.1,24891.8,24814.0,24868.6,10.84,10.69,0.57,0.31,0.02,0.11,0.2,0.55,-0.25,Overestimated,Down to Up,Yes,0.54,-189850,-19235,277202,Neutral,Neutral,Bullish,Bearish,24868.599609375,0.42,Bullish,,-191360,7637,286112,Bullish,14.41133350662854,-486287,-20664.0,0,0,1,37.463925625245516,-0.15000000000000036
2025-09-16,Tuesday,weekly,▁↑▁↑█↓▇ 📈,25073.6,25261.4,25070.45,25239.1,10.4,10.27,0.54,0.76,0.66,0.75,0.01,1.4,0.22,Overestimated,Down to Up,No,0.93,-159561,-10237,261102,Bullish,Bullish,Bullish,Bearish,25239.099609375,0.36,Bullish,Correct,-171156,-36439,287426,Neutral,25.50571456481391,-430900,-16100.0,0,1,3,7.887867394824227,-0.13000000000000078
2025-09-23,Tuesday,weekly,▆↓▁↑█↓▄ 📉,25209.0,25261.9,25084.65,25169.5,10.56,10.63,0.55,0.7,0.16,0.21,0.49,1.27,0.15,Overestimated,Top to Down,No,-1.0,-142178,-32454,267371,Bullish,Bullish,Bullish,Bearish,25169.5,-0.45,Bearish,Incorrect,-144254,-34183,285979,Neutral,8.238460590374068,-442003,6269.0,0,0,1,8.366117660825557,0.07000000000000028
2025-09-30,Tuesday,monthly,▆↓▁↑█↓▂ 📉,24691.95,24731.8,24587.7,24611.1,11.37,11.07,0.6,0.58,0.33,0.16,0.42,0.98,-0.01,Overestimated,Top to Down,No,-1.12,-176090,-63294,271509,Bullish,Neutral,Neutral,Bearish,24611.099609375,0.92,Bullish,Correct,-169584,-25559,321929,Bullish,4.289648307896483,-510893,4138.0,0,1,1,12.595524081536837,-0.29999999999999893
2025-10-07,Tuesday,weekly,▁↑▁↑█↓▃ 📈,25085.3,25220.9,25076.3,25108.3,10.19,10.05,0.53,0.58,0.09,0.54,0.04,1.08,0.04,Overestimated,Down to Up,No,1.1,-189530,-22575,257378,Neutral,Neutral,Neutral,Neutral,25108.30078125,-0.25,Bearish,,-197578,26524,281369,Bullish,11.401018826135106,-469483,-14131.0,0,0,0,10.608090785703514,-0.1399999999999988
2025-10-14,Tuesday,weekly,▇↓▁↑█↓▃ 📉,25277.55,25310.35,25060.55,25145.5,11.01,11.16,0.58,0.99,0.52,0.13,0.86,1.71,0.41,Overestimated,Top to Down,Yes,-0.14,-194380,-31163,291407,Bullish,Neutral,Neutral,Neutral,25145.5,0.71,Bullish,Correct,-185709,-35515,318732,Neutral,9.351057343644706,-516950,34029.0,0,1,1,8.974574123609742,0.15000000000000036
2025-10-21,Tuesday,weekly,▆↓▁↑█↓▄ 📉,25901.2,25934.35,25825.8,25868.6,11.36,11.3,0.59,0.42,0.13,0.13,0.29,0.7,-0.18,Overestimated,Top to Down,No,1.11,-137029,39472,245026,Bullish,Neutral,Neutral,Neutral,25868.599609375,0.09,Bullish,Correct,-137328,45727,260277,Neutral,6.207590190514796,-342583,-46381.0,0,1,1,5.691976294093205,-0.05999999999999872
2025-10-28,Tuesday,monthly,▅↓▁↑█↓▅ 📉,25939.95,26041.7,25810.05,25936.2,11.86,11.95,0.62,0.89,0.01,0.39,0.5,1.44,0.27,Overestimated,Top to Down,Yes,0.17,-92166,-14133,178320,Bullish,Neutral,Neutral,Neutral,25936.19921875,0.45,Bullish,Correct,-107632,49704,231924,Bullish,12.617278709403523,-284619,-66706.0,0,1,1,4.6661033317238045,0.08999999999999986
2025-11-04,Tuesday,weekly,▇↓▁↑█↓▂ 📉,25744.75,25787.4,25578.4,25597.65,12.67,12.65,0.66,0.81,0.57,0.17,0.65,1.22,0.15,Overestimated,Top to Down,No,-1.08,-135218,11181,243162,Neutral,Bullish,Neutral,Neutral,25597.650390625,-0.34,Bearish,,-124827,9676,218944,Bullish,21.747786423396835,-367199,64842.0,0,0,0,22.627532038032246,-0.019999999999999574
2025-11-11,Tuesday,weekly,▅↓▁↑█↓▇ 📈,25617.0,25715.8,25449.25,25694.95,12.3,12.49,0.64,1.04,0.3,0.39,0.65,1.62,0.4,Overestimated,Down to Up,No,0.73,-159830,1836,224249,Bullish,Bullish,Bullish,Bearish,25694.94921875,0.7,Bullish,Correct,-156707,-11044,251578,Neutral,122.13997821350763,-382243,-18913.0,0,1,3,22.77960883737776,0.1899999999999995
2025-11-18,Tuesday,weekly,█↓▁↑█↓▃ 📉,26021.8,26029.85,25876.5,25910.05,11.79,12.1,0.62,0.59,0.43,0.03,0.56,0.95,-0.03,Overestimated,Top to Down,Yes,0.12,-168789,-13812,230801,Neutral,Bullish,Neutral,Neutral,25910.05078125,0.55,Bullish,,-169285,31435,230962,Bullish,16.710179554011006,-413402,6552.0,0,0,1,7.34728805471608,0.3100000000000005
2025-11-25,Tuesday,monthly,▇↓▁↑█↓▂ 📉,25998.5,26032.6,25857.5,25884.8,13.24,12.24,0.69,0.67,0.44,0.13,0.54,0.97,-0.02,Overestimated,Top to Down,No,-1.17,-94689,-51812,258250,Bullish,Neutral,Bullish,Bearish,25884.80078125,1.24,Bullish,Correct,-161697,5080,289017,Neutral,4.98436655601019,-404751,27449.0,0,1,2,56.89311023622047,-1.0
2025-12-02,Tuesday,weekly,▅↓▁↑█↓▃ 📉,26087.95,26154.6,25997.85,26032.2,11.63,11.23,0.61,0.6,0.21,0.26,0.35,0.99,-0.01,Overestimated,Top to Down,No,-0.7,-99859,-26530,265296,Neutral,Neutral,Bullish,Neutral,26032.19921875,-0.18,Bearish,,-87170,-12587,265161,Neutral,9.999849227289861,-391685,7046.0,0,0,0,21.06625883848415,-0.40000000000000036
2025-12-09,Tuesday,weekly,▆↓▁↑█↓▅ 📉,25867.1,25923.65,25728.0,25839.65,11.13,10.95,0.58,0.76,0.11,0.22,0.54,1.3,0.17,Overestimated,Top to Down,No,-0.75,-142498,-42900,314190,Bullish,Bullish,Neutral,Bearish,25839.650390625,-0.32,Bearish,Incorrect,-138529,-114170,331461,Neutral,7.323776223776224,-499588,48894.0,0,0,1,2.9032232635543487,-0.1800000000000015
2025-12-16,Tuesday,weekly,▇↓▁↑█↓▂ 📉,25951.5,25980.75,25834.35,25860.1,10.25,10.06,0.54,0.56,0.35,0.11,0.45,1.05,0.03,Overestimated,Top to Down,Yes,-0.15,-156845,-27383,291214,Neutral,Bullish,Bearish,Neutral,25860.099609375,-0.16,Bearish,,-147925,-5619,235733,Neutral,10.634846437570756,-475442,-22976.0,0,0,1,41.952838583377826,-0.1899999999999995
2025-12-23,Tuesday,weekly,▆↓▁↑█↓▅ 📉,26205.2,26233.55,26119.05,26177.15,9.68,9.38,0.51,0.44,0.11,0.11,0.33,0.86,-0.07,Overestimated,Top to Down,No,1.4,-133758,21392,204129,Neutral,Neutral,Neutral,Neutral,26177.150390625,-0.13,Bearish,,-144701,58157,200696,Bullish,9.542305534779358,-316495,-87085.0,0,0,0,3.450934539264405,-0.29999999999999893
2025-12-30,Tuesday,monthly,▅↓▁↑█↓▅ 📉,25940.9,25976.75,25878.0,25938.85,9.72,9.68,0.51,0.38,0.01,0.14,0.24,0.75,-0.13,Overestimated,Top to Down,No,-0.78,-144062,-31118,235064,Bullish,Neutral,Bullish,Bearish,25938.849609375,0.74,Bullish,Correct,-154940,-18961,274013,Neutral,7.553955909762839,-410244,30935.0,0,1,2,14.451400242603238,-0.040000000000000924
2026-01-06,Tuesday,weekly,▄↓▁↑█↓▄ 📉,26189.7,26273.95,26124.75,26178.7,10.02,10.02,0.52,0.57,0.04,0.32,0.25,1.09,0.05,Overestimated,Top to Down,Yes,0.19,-127888,34403,218676,Bullish,Bullish,Bullish,Bearish,26178.69921875,-0.14,Bearish,Incorrect,-128023,-2053,211205,Neutral,6.356306136092782,-312161,-16388.0,0,0,1,102.87627861665855,0.0
2026-01-13,Tuesday,weekly,█↓▁↑█↓▄ 📉,25897.35,25899.8,25603.3,25732.3,11.37,11.2,0.6,1.14,0.64,0.01,1.14,1.92,0.55,Underestimated,Top to Down,No,-1.56,-197655,-32983,281756,Neutral,Bullish,Bullish,Neutral,25732.30078125,-0.26,Bearish,,-193409,-5534,266038,Bullish,8.542461267925901,-512394,63080.0,1,0,0,48.07336465486086,-0.16999999999999993
2026-01-20,Tuesday,weekly,█↓▁↑█↓▂ 📉,25580.3,25585.0,25171.35,25232.5,11.83,12.73,0.62,1.62,1.36,0.02,1.6,2.61,1.0,Underestimated,Top to Down,No,-1.94,-201567,-60114,309239,Neutral,Neutral,Bearish,Neutral,25232.5,-0.3,Bearish,,-193097,-28364,301966,Neutral,5.1442093355957015,-570920,27483.0,1,0,1,10.646100691016782,0.9000000000000004
2026-01-27,Tuesday,monthly,▄↓▁↑█↓▆ 📈,25063.35,25246.65,24932.55,25175.4,14.19,14.45,0.74,1.25,0.45,0.73,0.52,1.69,0.51,Underestimated,Down to Up,Yes,-0.23,-175625,-104758,342872,Neutral,Bullish,Bullish,Bearish,25175.400390625,0.66,Bullish,,-227533,-29006,340536,Bullish,3.272991084213139,-623255,33633.0,1,0,2,11.740191684479074,0.2599999999999998
2026-02-03,Tuesday,weekly,█↓▁↑█↓▂ 📉,26308.05,26341.2,25641.3,25727.55,13.87,12.9,0.73,2.66,2.21,0.13,2.53,3.66,1.93,Underestimated,Top to Down,No,1.52,-157452,-93770,291050,Bullish,Bullish,Bullish,Bearish,25727.55078125,0.19,Bullish,Correct,-197139,-174265,418965,Neutral,3.1038711741495146,-542272,-51822.0,1,1,3,2.4041832840788455,-0.9699999999999989
2026-02-10,Tuesday,weekly,▄↓▁↑█↓▅ 📈,25922.65,25989.45,25870.45,25935.15,12.19,11.67,0.64,0.46,0.05,0.26,0.2,0.72,-0.18,Overestimated,Down to Up,No,0.62,-133614,19747,259419,Bullish,Neutral,Neutral,Bearish,25935.150390625,0.07,Bullish,Correct,-145919,20560,293152,Bullish,13.137134754646276,-373286,-31631.0,0,1,1,14.258365758754865,-0.5199999999999996
2026-02-17,Tuesday,weekly,▃↓▁↑█↓▇ 📈,25637.95,25764.4,25570.3,25725.4,13.33,12.67,0.7,0.76,0.34,0.49,0.26,1.08,0.06,Overestimated,Down to Up,No,-0.88,-141258,29358,301378,Bullish,Bullish,Neutral,Bearish,25725.400390625,0.37,Bullish,Correct,-145138,35902,328328,Bullish,10.265617548879352,-413278,41959.0,0,1,2,9.145117263662192,-0.6600000000000001
2026-02-24,Tuesday,monthly,█↓▁↑█↓▃ 📉,25641.8,25641.8,25327.6,25424.65,14.17,14.15,0.74,1.23,0.85,0.0,1.23,1.65,0.48,Overestimated,Top to Down,No,-1.53,-106071,-60371,308272,Neutral,Bullish,Bearish,Neutral,25424.650390625,0.23,Bullish,,-129085,49883,333798,Neutral,5.106292756455915,-474714,6894.0,0,0,1,6.69161838702564,-0.019999999999999574
2026-03-02,Monday,weekly,▂↓▁↑█↓▆ 📈,24659.25,24989.35,24603.5,24865.7,13.7,17.13,0.72,1.56,0.84,1.34,0.23,2.18,0.85,Underestimated,Down to Up,No,-2.2,-144473,-59338,365136,Bullish,Bullish,Neutral,Bearish,24865.69921875,-1.55,Bearish,Incorrect,-124368,-85157,383150,Neutral,6.153493545451481,-568947,56864.0,1,0,1,4.499336519604965,3.4299999999999997
2026-03-10,Tuesday,weekly,▇↓▁↑█↓▇ 📉,24280.8,24303.8,24079.95,24261.6,23.36,18.91,1.22,0.92,0.08,0.09,0.83,0.75,-0.3,Overestimated,Top to Down,No,-0.89,-187070,-128883,416387,Bullish,Neutral,Neutral,Bearish,24261.599609375,-1.63,Bearish,Incorrect,-193902,-157826,395449,Bullish,3.2307364043357154,-732340,51251.0,0,0,1,2.505601105014383,-4.449999999999999
2026-03-17,Tuesday,weekly,▄↓▁↑█↓▆ 📈,23493.2,23656.8,23346.6,23581.15,21.6,19.79,1.13,1.32,0.37,0.7,0.62,1.17,0.19,Overestimated,Down to Up,No,-1.2,-240775,-164648,388744,Neutral,Neutral,Neutral,Neutral,23581.150390625,0.83,Bullish,,-248769,-244680,426100,Neutral,2.3610611729264854,-794167,-27643.0,0,0,0,1.741458231159065,-1.8100000000000023
2026-03-24,Tuesday,weekly,▅↓▁↑█↓▆ 📈,22878.45,23057.3,22624.2,22912.4,26.73,24.74,1.4,1.89,0.15,0.78,1.11,1.35,0.49,Overestimated,Down to Up,No,-3.64,-248712,-263791,421071,Neutral,Bullish,Neutral,Neutral,22912.400390625,1.72,Bullish,,-243961,-254875,439270,Bearish,1.5962295908503323,-933574,32327.0,0,0,1,1.7234722903384012,-1.990000000000002
2026-03-30,Monday,monthly,▅↓▁↑█↓▂ 📉,22549.65,22714.1,22283.85,22331.4,26.8,27.89,1.4,1.91,0.97,0.73,1.18,1.36,0.5,Underestimated,Top to Down,No,-0.81,-264046,-232437,363572,Neutral,Bullish,Neutral,Neutral,22331.400390625,1.56,Bullish,,-279467,-210546,408479,Bearish,1.564174378433726,-860055,-57499.0,1,0,1,1.9400938512249104,1.0899999999999999
2026-04-07,Tuesday,weekly,▃↓▁↑█→█ 📈,22838.7,23153.85,22719.3,23123.65,25.47,24.7,1.33,1.9,1.25,1.38,0.52,1.43,0.57,Underestimated,Down to Up,No,3.55,-259435,-206744,320809,Neutral,Neutral,Neutral,Neutral,23123.650390625,3.78,Bullish,,-268462,-232653,317928,Neutral,1.551720968927756,-786988,-42763.0,1,0,0,1.3665329911928925,-0.7699999999999996
2026-04-13,Monday,weekly,▂↓▁↑█↓▇ 📈,23589.6,23907.4,23555.6,23842.65,18.85,20.5,0.99,1.49,1.07,1.35,0.14,1.51,0.5,Underestimated,Down to Up,No,3.11,-208354,-150994,341221,Neutral,Bullish,Bullish,Bearish,23842.650390625,1.63,Bullish,,-206227,-178598,333261,Neutral,2.2598315164840987,-700569,20412.0,1,0,2,1.8659839415894914,1.6499999999999986
2026-04-21,Tuesday,weekly,▂↓▁↑█↓▇ 📈,24374.55,24601.7,24354.9,24576.6,18.79,17.53,0.98,1.01,0.83,0.93,0.08,1.03,0.03,Overestimated,Down to Up,No,1.43,-173948,-131313,300331,Neutral,Neutral,Bullish,Bearish,24576.599609375,-0.81,Bearish,,-189761,-180010,296845,Bearish,2.287138364061441,-605592,-40890.0,0,0,1,1.6490472751513805,-1.259999999999998
2026-04-28,Tuesday,monthly,▄↓▁↑█↓▂ 📉,24049.9,24181.8,23957.05,23995.7,18.38,18.05,0.96,0.93,0.23,0.55,0.39,0.97,-0.03,Overestimated,Top to Down,No,-1.57,-170678,-201818,343512,Neutral,Neutral,Neutral,Neutral,23995.69921875,0.76,Bullish,,-205981,-204579,327754,Neutral,1.702088019899117,-716008,43181.0,0,0,0,1.6020901461049277,-0.3299999999999983
2026-05-05,Tuesday,weekly,▇↓▁↑█↓▆ 📉,24052.6,24081.7,23882.05,24032.8,18.3,17.91,0.96,0.83,0.08,0.12,0.71,0.87,-0.13,Overestimated,Top to Down,Yes,0.15,-198133,-207484,382291,Bearish,Neutral,Bullish,Bearish,24032.80078125,1.24,Bullish,Incorrect,-192572,-186566,351232,Neutral,1.842508337992327,-787908,38779.0,0,0,1,1.8826152675192693,-0.39000000000000057
2026-05-12,Tuesday,weekly,▇↓▁↑█↓▂ 📉,23722.6,23757.55,23348.4,23379.55,18.55,19.28,0.97,1.72,1.45,0.15,1.58,1.78,0.75,Underestimated,Top to Down,No,-3.91,-237144,-250003,475949,Bearish,Bullish,Neutral,Neutral,23379.55078125,0.14,Bullish,Incorrect,-220969,-298757,412595,Bearish,1.9037731547221433,-963096,93658.0,1,0,1,1.3810387706396838,0.7300000000000004
2026-05-19,Tuesday,weekly,▄↓▁↑█↓▂ 📉,23675.3,23782.3,23587.2,23618.0,19.63,18.68,1.03,0.82,0.24,0.45,0.37,0.8,-0.2,Overestimated,Top to Down,No,0.88,-216280,-205334,427803,Neutral,Bullish,Neutral,Neutral,23618.0,0.17,Bullish,,-209866,-214366,403164,Neutral,2.0834494043850507,-849417,-48146.0,0,0,1,1.8807273541513112,-0.9499999999999993
2026-05-26,Tuesday,monthly,▅↓▁↑█↓▂ 📉,24004.1,24089.8,23885.45,23913.7,16.7,16.13,0.87,0.85,0.38,0.36,0.49,0.97,-0.02,Overestimated,Top to Down,No,1.08,-152865,-200355,434742,Neutral,Bullish,Neutral,Neutral,23913.69921875,-0.03,Bearish,,-214977,-43834,355458,Bullish,2.1698585011604403,-787962,6939.0,0,0,0,8.109184651184012,-0.5700000000000003
2026-06-02,Tuesday,weekly,▁↑▁↑█↓▆ 📈,23229.15,23556.95,23229.15,23483.55,16.54,15.36,0.87,1.41,1.1,1.41,0.0,1.63,0.55,Underestimated,Down to Up,No,-1.8,-230096,-279783,495102,Bearish,Neutral,Bullish,Bearish,23483.55078125,-0.33,Bearish,Correct,-223180,-253687,494046,Neutral,1.7695928630402848,-1004981,60360.0,1,1,2,1.9474628183549019,-1.1799999999999997
2026-06-09,Tuesday,weekly,▇↓▁↑█↓▇ 📉,23259.05,23279.4,23104.45,23242.1,17.03,15.58,0.89,0.75,0.07,0.09,0.66,0.84,-0.14,Overestimated,Top to Down,Yes,-0.7,-277001,-266470,527058,Neutral,Bullish,Bullish,Bearish,23242.099609375,-0.12,Bearish,,-277614,-293936,549435,Bearish,1.9779262205876835,-1070529,31956.0,0,0,1,1.8692334385716618,-1.450000000000001
2026-06-16,Tuesday,weekly,▃↓▁↑█↓▇ 📈,23923.9,24002.6,23888.2,23989.15,14.35,13.36,0.75,0.48,0.27,0.33,0.15,0.64,-0.27,Overestimated,Down to Up,No,3.33,-229600,-232022,551288,Bullish,Neutral,Bullish,Bearish,23989.150390625,0.4,Bullish,Correct,-241241,-252327,545186,Neutral,2.3760160674418804,-1012910,24230.0,0,1,2,2.1606328296218797,-0.9900000000000002
2026-06-23,Tuesday,weekly,▇↓▁↑█↓▂ 📉,24071.3,24135.5,23784.95,23824.1,12.84,13.94,0.67,1.46,1.03,0.27,1.19,2.17,0.78,Underestimated,Top to Down,No,-1.09,-228561,-274993,672256,Neutral,Bullish,Bearish,Neutral,23824.099609375,0.83,Bullish,,-222784,-295482,646742,Neutral,2.4446294996599915,-1175810,120968.0,1,0,1,2.188769535876974,1.0999999999999996
2026-06-30,Tuesday,monthly,█↓▁↑█↓▂ 📉,24032.05,24035.55,23829.2,23865.75,13.61,13.6,0.71,0.86,0.69,0.01,0.84,1.21,0.15,Overestimated,Top to Down,Yes,0.17,-256410,-233098,532536,Bullish,Neutral,Neutral,Bearish,23865.75,0.59,Bullish,Correct,-234451,-245372,616220,Neutral,2.2846013264807077,-1022044,-139720.0,0,1,1,2.5113704905205156,-0.009999999999999787
2026-07-07,Tuesday,weekly,▅↓▁↑█↓▃ 📉,24464.45,24530.9,24348.95,24398.7,11.82,11.65,0.62,0.74,0.27,0.27,0.47,1.2,0.12,Overestimated,Top to Down,No,1.64,-238838,-188521,443783,Bullish,Bullish,Neutral,Neutral,24398.69921875,-2.12,Bearish,Incorrect,-241279,-188653,457027,Bullish,2.354024220113409,-871142,-88753.0,0,0,0,2.4225800808892517,-0.16999999999999993
2026-07-14,Tuesday,weekly,▃↓▁↑█↓▂ 📉,24068.0,24157.1,24023.7,24052.05,13.28,13.75,0.7,0.55,0.07,0.37,0.18,0.8,-0.14,Overestimated,Top to Down,Yes,0.71,-265465,-179134,498324,Neutral,Neutral,Neutral,Neutral,24052.05078125,0.11,Bullish,,-255113,-176174,454159,Bullish,2.781850458316121,-942923,54541.0,0,0,0,2.577900257699774,0.47000000000000064
2026-07-21,Tuesday,weekly,▅↓▁↑█↓▄ 📉,24216.05,24262.2,24135.65,24187.7,12.98,12.6,0.68,0.52,0.12,0.19,0.33,0.77,-0.16,Overestimated,Top to Down,Yes,0.45,-228847,-170055,508927,Neutral,Bullish,Neutral,Neutral,24187.69921875,-0.79,Bearish,,-219823,-149857,410533,Neutral,2.99272000235218,-907829,10603.0,0,0,0,2.739498321733386,-0.3800000000000008
