date,day_of_week,expiry_type,csv_move_direction,afternoon_direction,concordance,vix_open,vix_close,vix_bucket,t1_fii_stance,t1_pro_stance,fii_composite,fii_view,pro_composite,pro_view,price_at_2pm,session_close,inflection_time,inflection_price,move_from_inflection_pct,move_from_2pm_pct
2020-08-06,Thursday,weekly,Down to Up,Top to Down,Mismatch,23.57,23.15,High (>20),FII Neutral,PRO Mildly Bullish,-12215,Neutral,-50418,Bearish,11225.55,11206.8,14:00,11225.75,0.169,0.167
2020-08-13,Thursday,weekly,Top to Down,Flat,Flat,20.85,20.57,High (>20),FII Bearish (sold fut >10K),PRO Mildly Bearish,-20358,Neutral,-6271,Neutral,11313.15,11312.2,,,0.0,0.008
2020-08-20,Thursday,weekly,Top to Down,Top to Down,Match,19.96,20.62,Medium (15-20),FII Neutral,PRO Mildly Bearish,-9672,Neutral,-37640,Mildly Bearish,11312.45,11308.3,14:45,11333.95,0.226,0.037
2020-08-27,Thursday,monthly,Top to Down,Flat,Flat,19.3,18.9,Medium (15-20),FII Neutral,PRO Confident (sold puts >20K),17711,Neutral,66367,Bullish,11571.7,11571.5,,,0.0,0.002
2020-09-03,Thursday,weekly,Top to Down,Top to Down,Match,21.11,20.5,High (>20),FII Neutral,PRO Confident (sold puts >20K),-23886,Neutral,17638,Neutral,11553.55,11535.7,14:25,11566.15,0.263,0.154
2020-09-10,Thursday,weekly,Down to Up,Down to Up,Match,22.23,21.26,High (>20),FII Very Bearish (sold fut >10K + bought puts >20K),PRO Mildly Bearish,-37945,Mildly Bearish,-52148,Bearish,11376.2,11454.35,14:00,11376.2,0.687,0.687
2020-09-17,Thursday,weekly,Top to Down,Top to Down,Match,19.66,20.1,Medium (15-20),FII Neutral,PRO Confident (sold puts >20K),-7561,Neutral,24000,Neutral,11537.05,11519.25,14:35,11561.45,0.365,0.154
2020-09-24,Thursday,monthly,Top to Down,Top to Down,Match,20.99,23.51,High (>20),FII Neutral,PRO Mildly Bearish,-22027,Neutral,-14948,Neutral,10900.7,10821.35,14:15,10913.55,0.845,0.728
2020-10-01,Thursday,weekly,Down to Up,Down to Up,Match,19.53,18.35,Medium (15-20),FII Neutral,PRO Confident (sold puts >20K),39333,Mildly Bullish,20513,Neutral,11407.5,11422.4,14:35,11384.4,0.334,0.131
2020-10-08,Thursday,weekly,Top to Down,Top to Down,Match,20.06,20.38,High (>20),FII Neutral,PRO Confident (sold puts >20K),1536,Neutral,-1845,Neutral,11860.85,11833.15,14:10,11870.8,0.317,0.234
2020-10-15,Thursday,weekly,Top to Down,Top to Down,Match,20.21,22.06,High (>20),FII Neutral,PRO Confident (sold puts >20K),-19455,Neutral,22578,Neutral,11795.15,11672.55,14:00,11796.7,1.052,1.039
2020-10-22,Thursday,weekly,Down to Up,Down to Up,Match,22.92,22.64,High (>20),FII Neutral,PRO Confident (sold puts >20K),27173,Neutral,-3493,Neutral,11896.9,11902.25,14:40,11824.0,0.662,0.045
2020-10-29,Thursday,monthly,Down to Up,Down to Up,Match,23.28,24.02,High (>20),FII Bearish (sold fut >10K),PRO Hedging (bought puts >20K),-41415,Mildly Bearish,-148145,Strong Bearish,11650.9,11670.7,14:35,11606.75,0.551,0.17
2020-11-05,Thursday,weekly,Down to Up,Down to Up,Match,23.2,20.97,High (>20),FII Neutral,PRO Mildly Bearish,-11771,Neutral,-11954,Neutral,12085.55,12127.6,14:05,12072.05,0.46,0.348
2020-11-12,Thursday,weekly,Top to Down,Down to Up,Mismatch,22.03,20.62,High (>20),FII Neutral,PRO Mildly Bullish,9834,Neutral,7431,Neutral,12686.0,12693.0,14:35,12640.6,0.415,0.055
2020-11-19,Thursday,weekly,Top to Down,Top to Down,Match,19.12,19.57,Medium (15-20),FII Neutral,PRO Confident (sold puts >20K),-1142,Neutral,24413,Neutral,12879.5,12760.6,14:00,12890.45,1.007,0.923
2020-11-26,Thursday,monthly,Down to Up,Down to Up,Match,23.13,20.02,High (>20),FII Very Bearish (sold fut >10K + bought puts >20K),PRO Hedging (bought puts >20K),-66135,Bearish,-193765,Strong Bearish,12884.75,13015.05,14:00,12883.45,1.021,1.011
2020-12-10,Thursday,weekly,Top to Down,Down to Up,Mismatch,18.92,18.71,Medium (15-20),FII Neutral,PRO Confident (sold puts >20K),22416,Neutral,88814,Bullish,13423.45,13481.55,14:15,13409.05,0.541,0.433
2020-12-17,Thursday,weekly,Down to Up,Top to Down,Mismatch,19.2,19.16,Medium (15-20),FII Neutral,PRO Confident (sold puts >20K),24862,Neutral,39573,Mildly Bullish,13757.35,13734.85,14:05,13772.8,0.276,0.164
2020-12-24,Thursday,weekly,Down to Up,Down to Up,Match,20.5,19.97,High (>20),FII Bearish (sold fut >10K),PRO Confident (sold puts >20K),-5079,Neutral,107576,Strong Bullish,13733.3,13740.4,14:00,13714.85,0.186,0.052
2020-12-31,Thursday,monthly,Down to Up,Top to Down,Mismatch,21.11,21.1,High (>20),FII Neutral,PRO Confident (sold puts >20K),6024,Neutral,3135,Neutral,14006.7,13967.0,14:00,14024.4,0.409,0.283
2021-01-07,Thursday,weekly,Top to Down,Top to Down,Match,21.0,20.62,High (>20),FII Hedging (bought puts >20K),PRO Hedging (bought puts >20K),-27567,Neutral,-107708,Strong Bearish,14198.25,14148.45,14:00,14198.7,0.354,0.351
2021-01-14,Thursday,weekly,Down to Up,Top to Down,Mismatch,23.29,23.03,High (>20),FII Very Bearish (sold fut >10K + bought puts >20K),PRO Hedging (bought puts >20K),-24313,Neutral,-75819,Bearish,14602.2,14597.5,14:30,14611.0,0.092,0.032
2021-01-21,Thursday,weekly,Top to Down,Top to Down,Match,21.55,22.18,High (>20),FII Bearish (sold fut >10K),PRO Neutral,-34598,Mildly Bearish,19755,Neutral,14734.9,14630.4,14:00,14737.85,0.729,0.709
2021-01-28,Thursday,monthly,Down to Up,Down to Up,Match,24.39,24.29,High (>20),FII Very Bearish (sold fut >10K + bought puts >20K),PRO Confident (sold puts >20K),-53903,Bearish,-59498,Bearish,13799.45,13819.75,14:50,13753.8,0.48,0.147
2021-02-04,Thursday,weekly,Down to Up,Down to Up,Match,23.75,23.12,High (>20),FII Confident (sold puts >20K),PRO Confident (sold puts >20K),27330,Neutral,49638,Mildly Bullish,14844.25,14889.5,14:00,14842.05,0.32,0.305
2021-02-11,Thursday,weekly,Down to Up,Down to Up,Match,23.95,23.05,High (>20),FII Neutral,PRO Mildly Bearish,2945,Neutral,-22540,Neutral,15145.5,15176.65,14:00,15127.5,0.325,0.206
2021-02-18,Thursday,weekly,Top to Down,Down to Up,Mismatch,21.78,21.54,High (>20),FII Neutral,PRO Mildly Bearish,-16917,Neutral,-33417,Mildly Bearish,15084.8,15120.2,14:00,15080.55,0.263,0.235
2021-02-25,Thursday,monthly,Down to Up,Top to Down,Mismatch,24.17,22.89,High (>20),FII Confident (sold puts >20K),PRO Confident (sold puts >20K),35118,Mildly Bullish,167112,Strong Bullish,15126.35,15103.8,14:25,15173.75,0.461,0.149
2021-03-04,Thursday,weekly,Down to Up,Top to Down,Mismatch,22.09,24.15,High (>20),FII Mildly Bullish,PRO Confident (sold puts >20K),25928,Neutral,125847,Strong Bullish,15118.8,15087.15,14:15,15179.3,0.607,0.209
2021-03-10,Wednesday,weekly,Top to Down,Down to Up,Mismatch,22.5,20.75,High (>20),FII Mildly Bullish,PRO Confident (sold puts >20K),33638,Mildly Bullish,79345,Bullish,15152.3,15168.15,14:00,15148.85,0.127,0.105
2021-03-18,Thursday,weekly,Top to Down,Down to Up,Mismatch,20.16,20.08,High (>20),FII Neutral,PRO Mildly Bearish,-12513,Neutral,-50929,Bearish,14572.1,14583.7,14:15,14479.35,0.721,0.08
2021-03-25,Thursday,monthly,Top to Down,Top to Down,Match,22.46,22.7,High (>20),FII Very Bearish (sold fut >10K + bought puts >20K),PRO Hedging (bought puts >20K),-38491,Mildly Bearish,-169073,Strong Bearish,14396.25,14346.4,14:45,14493.05,1.012,0.346
2021-04-01,Thursday,weekly,Down to Up,Down to Up,Match,20.65,19.99,High (>20),FII Very Bearish (sold fut >10K + bought puts >20K),PRO Mildly Bullish,-107527,Strong Bearish,-94372,Bearish,14808.75,14865.95,14:00,14808.35,0.389,0.386
2021-04-08,Thursday,weekly,Top to Down,Top to Down,Match,20.25,20.31,High (>20),FII Neutral,PRO Confident (sold puts >20K),28534,Neutral,115537,Strong Bullish,14948.45,14877.5,14:00,14961.8,0.563,0.475
2021-04-15,Thursday,weekly,Down to Up,Down to Up,Match,20.46,20.89,High (>20),FII Neutral,PRO Neutral,0,Neutral,0,Neutral,14472.1,14589.4,14:35,14471.85,0.812,0.811
2021-04-22,Thursday,weekly,Down to Up,Down to Up,Match,22.43,23.03,High (>20),FII Neutral,PRO Neutral,0,Neutral,0,Neutral,14369.35,14398.7,14:25,14353.6,0.314,0.204
2021-04-29,Thursday,monthly,Top to Down,Flat,Flat,22.58,23.31,High (>20),FII Neutral,PRO Bullish (bought fut + sold puts),-2644,Neutral,42624,Mildly Bullish,14887.9,14888.6,,,0.0,0.005
2021-05-06,Thursday,weekly,Down to Up,Down to Up,Match,23.01,22.04,High (>20),FII Confident (sold puts >20K),PRO Confident (sold puts >20K),19242,Neutral,93078,Bullish,14697.25,14733.2,14:25,14674.7,0.399,0.245
2021-05-12,Wednesday,weekly,Top to Down,Top to Down,Match,20.23,20.08,High (>20),FII Bearish (sold fut >10K),PRO Mildly Bullish,-26908,Neutral,-36134,Mildly Bearish,14749.9,14698.75,14:00,14763.15,0.436,0.347
2021-05-19,Wednesday,weekly,Top to Down,Top to Down,Match,19.24,19.32,Medium (15-20),FII Mildly Bullish,PRO Bullish (bought fut + sold puts),53229,Bullish,-30095,Mildly Bearish,15040.55,15019.2,14:50,15072.4,0.353,0.142
2021-05-27,Thursday,monthly,Down to Up,Down to Up,Match,20.87,19.91,High (>20),FII Hedging (bought puts >20K),PRO Confident (sold puts >20K),15476,Neutral,52439,Bullish,15348.8,15370.15,14:35,15273.35,0.634,0.139
2021-06-03,Thursday,weekly,Down to Up,Down to Up,Match,17.21,15.75,Medium (15-20),FII Neutral,PRO Neutral,-16462,Neutral,4822,Neutral,15654.9,15688.9,14:50,15645.3,0.279,0.217
2021-06-10,Thursday,weekly,Down to Up,Down to Up,Match,14.75,15.0,Low (<15),FII Confident (sold puts >20K),PRO Hedging (bought puts >20K),13885,Neutral,-89598,Bearish,15727.15,15745.15,14:00,15719.05,0.166,0.114
2021-06-17,Thursday,weekly,Down to Up,Top to Down,Mismatch,14.87,15.29,Low (<15),FII Hedging (bought puts >20K),PRO Hedging (bought puts >20K),-42355,Mildly Bearish,-129047,Strong Bearish,15708.7,15681.7,14:00,15709.85,0.179,0.172
2021-06-24,Thursday,monthly,Down to Up,Flat,Flat,15.37,15.1,Medium (15-20),FII Hedging (bought puts >20K),PRO Mildly Bearish,-13293,Neutral,-69995,Bearish,15792.45,15793.7,,,0.0,0.008
2021-07-01,Thursday,weekly,Top to Down,Top to Down,Match,13.05,12.84,Low (<15),FII Neutral,PRO Neutral,11880,Neutral,-18528,Neutral,15706.8,15693.25,14:10,15718.65,0.162,0.086
2021-07-08,Thursday,weekly,Top to Down,Down to Up,Mismatch,12.21,13.56,Low (<15),FII Neutral,PRO Confident (sold puts >20K),607,Neutral,85102,Bullish,15716.55,15728.0,14:35,15683.4,0.284,0.073
2021-07-15,Thursday,weekly,Down to Up,Top to Down,Mismatch,12.59,12.27,Low (<15),FII Neutral,PRO Neutral,518,Neutral,-7136,Neutral,15944.15,15920.7,14:20,15952.15,0.197,0.147
2021-07-22,Thursday,weekly,Down to Up,Down to Up,Match,13.21,11.89,Low (<15),FII Neutral,PRO Neutral,0,Neutral,0,Neutral,15802.0,15827.7,14:50,15768.85,0.373,0.163
2021-07-29,Thursday,monthly,Down to Up,Top to Down,Mismatch,13.69,12.95,Low (<15),FII Neutral,PRO Bearish (sold fut >10K),-1618,Neutral,10854,Neutral,15814.9,15784.85,14:00,15815.65,0.195,0.19
2021-08-05,Thursday,weekly,Down to Up,Top to Down,Mismatch,13.21,12.87,Low (<15),FII Confident (sold puts >20K),PRO Mildly Bearish,9091,Neutral,-31680,Mildly Bearish,16321.25,16281.8,14:15,16348.45,0.408,0.242
2021-08-12,Thursday,weekly,Down to Up,Flat,Flat,12.71,12.37,Low (<15),FII Bearish (sold fut >10K),PRO Hedging (bought puts >20K),-21441,Neutral,-54013,Bearish,16361.0,16361.35,,,0.0,0.002
2021-08-18,Wednesday,weekly,Top to Down,Top to Down,Match,13.41,12.91,Low (<15),FII Hedging (bought puts >20K),PRO Neutral,-50517,Bearish,-4203,Neutral,16581.8,16550.4,15:05,16590.3,0.241,0.189
2021-08-26,Thursday,monthly,Down to Up,Top to Down,Mismatch,13.5,13.54,Low (<15),FII Neutral,PRO Hedging (bought puts >20K),-12735,Neutral,-102203,Strong Bearish,16639.7,16631.95,14:05,16653.05,0.127,0.047
2021-09-02,Thursday,weekly,Down to Up,Down to Up,Match,14.19,14.24,Low (<15),FII Confident (sold puts >20K),PRO Hedging (bought puts >20K),-36484,Mildly Bearish,-203061,Strong Bearish,17194.25,17233.85,14:00,17194.2,0.231,0.23
2021-09-09,Thursday,weekly,Down to Up,Down to Up,Match,14.41,13.94,Low (<15),FII Confident (sold puts >20K),PRO Confident (sold puts >20K),-1977,Neutral,117207,Strong Bullish,17341.0,17358.1,14:40,17320.8,0.215,0.099
2021-09-16,Thursday,weekly,Down to Up,Down to Up,Match,13.73,14.41,Low (<15),FII Confident (sold puts >20K),PRO Bearish (sold fut >10K),67270,Bullish,156657,Strong Bullish,17600.55,17627.55,14:00,17594.5,0.188,0.153
2021-09-23,Thursday,weekly,Down to Up,Down to Up,Match,16.49,16.6,Medium (15-20),FII Very Bearish (sold fut >10K + bought puts >20K),PRO Mildly Bearish,-28369,Neutral,-51007,Bearish,17769.55,17826.3,14:00,17767.7,0.33,0.319
2021-09-30,Thursday,monthly,Top to Down,Top to Down,Match,18.84,18.4,Medium (15-20),FII Very Bearish (sold fut >10K + bought puts >20K),PRO Confident (sold puts >20K),-51742,Bearish,-25004,Neutral,17671.9,17608.65,14:00,17672.8,0.363,0.358
2021-10-07,Thursday,weekly,Top to Down,Top to Down,Match,17.33,16.16,Medium (15-20),FII Hedging (bought puts >20K),PRO Hedging (bought puts >20K),-40076,Mildly Bearish,-243096,Strong Bearish,17847.35,17797.15,14:05,17854.6,0.322,0.281
2021-10-14,Thursday,weekly,Down to Up,Down to Up,Match,16.1,15.77,Medium (15-20),FII Mildly Bullish,PRO Confident (sold puts >20K),43691,Mildly Bullish,20157,Neutral,18294.0,18339.05,14:00,18293.1,0.251,0.246
2021-10-21,Thursday,weekly,Top to Down,Down to Up,Mismatch,18.31,18.04,Medium (15-20),FII Mildly Bearish,PRO Hedging (bought puts >20K),-46085,Mildly Bearish,-84192,Bearish,18095.8,18219.6,14:25,18048.75,0.947,0.684
2021-10-28,Thursday,monthly,Top to Down,Top to Down,Match,16.83,17.91,Medium (15-20),FII Very Bearish (sold fut >10K + bought puts >20K),PRO Hedging (bought puts >20K),-64534,Bearish,-215175,Strong Bearish,17947.45,17862.9,14:15,17966.55,0.577,0.471
2021-11-11,Thursday,weekly,Top to Down,Down to Up,Mismatch,16.31,16.35,Medium (15-20),FII Neutral,PRO Bearish (sold fut >10K),-36545,Mildly Bearish,-65371,Bearish,17851.7,17885.65,14:15,17799.5,0.484,0.19
2021-11-18,Thursday,weekly,Top to Down,Top to Down,Match,14.98,14.86,Low (<15),FII Neutral,PRO Mildly Bearish,10546,Neutral,-32699,Mildly Bearish,17806.95,17745.25,14:55,17832.4,0.489,0.346
2021-11-25,Thursday,monthly,Down to Up,Down to Up,Match,17.1,16.66,Medium (15-20),FII Neutral,PRO Mildly Bearish,11029,Neutral,-43323,Mildly Bearish,17496.6,17547.0,14:00,17489.15,0.331,0.288
2021-12-02,Thursday,weekly,Down to Up,Down to Up,Match,19.45,18.09,Medium (15-20),FII Mildly Bullish,PRO Confident (sold puts >20K),57431,Bullish,159648,Strong Bullish,17315.45,17401.5,14:05,17280.65,0.699,0.497
2021-12-09,Thursday,weekly,Top to Down,Flat,Flat,17.27,16.6,Medium (15-20),FII Confident (sold puts >20K),PRO Confident (sold puts >20K),4551,Neutral,175738,Strong Bullish,17503.95,17502.65,,,0.0,0.007
2021-12-16,Thursday,weekly,Top to Down,Down to Up,Mismatch,17.22,15.9,Medium (15-20),FII Hedging (bought puts >20K),PRO Hedging (bought puts >20K),-1535,Neutral,-89196,Bearish,17265.1,17285.6,14:45,17185.35,0.583,0.119
2021-12-23,Thursday,weekly,Down to Up,Top to Down,Mismatch,16.58,15.83,Medium (15-20),FII Confident (sold puts >20K),PRO Confident (sold puts >20K),11900,Neutral,149948,Strong Bullish,17069.4,17051.35,15:10,17095.25,0.257,0.106
2021-12-30,Thursday,monthly,Down to Up,Top to Down,Mismatch,16.24,16.57,Medium (15-20),FII Hedging (bought puts >20K),PRO Hedging (bought puts >20K),-30862,Mildly Bearish,-129759,Strong Bearish,17243.15,17228.95,14:00,17244.9,0.092,0.082
2022-01-06,Thursday,weekly,Top to Down,Down to Up,Mismatch,17.23,17.98,Medium (15-20),FII Neutral,PRO Confident (sold puts >20K),-990,Neutral,-8773,Neutral,17710.75,17746.0,14:05,17709.4,0.207,0.199
2022-01-13,Thursday,weekly,Down to Up,Down to Up,Match,17.18,16.7,Medium (15-20),FII Neutral,PRO Confident (sold puts >20K),-253,Neutral,39311,Mildly Bullish,18234.5,18258.55,14:35,18203.9,0.3,0.132
2022-01-20,Thursday,weekly,Top to Down,Down to Up,Mismatch,17.82,17.79,Medium (15-20),FII Very Bearish (sold fut >10K + bought puts >20K),PRO Confident (sold puts >20K),-36349,Mildly Bearish,-100225,Strong Bearish,17686.0,17782.95,14:40,17648.85,0.76,0.548
2022-02-03,Thursday,weekly,Top to Down,Top to Down,Match,18.65,19.16,Medium (15-20),FII Mildly Bullish,PRO Bearish (sold fut >10K),55864,Bullish,210098,Strong Bullish,17606.8,17520.25,14:30,17641.35,0.686,0.492
2022-02-10,Thursday,weekly,Down to Up,Top to Down,Mismatch,18.56,17.71,Medium (15-20),FII Mildly Bullish,PRO Confident (sold puts >20K),82682,Bullish,229790,Strong Bullish,17613.45,17586.95,14:15,17639.25,0.296,0.15
2022-02-17,Thursday,weekly,Top to Down,Top to Down,Match,20.59,22.01,High (>20),FII Neutral,PRO Hedging (bought puts >20K),13284,Neutral,-184892,Strong Bearish,17371.15,17280.15,14:00,17391.9,0.643,0.524
2022-02-24,Thursday,monthly,Top to Down,Top to Down,Match,24.54,31.98,High (>20),FII Hedging (bought puts >20K),PRO Mildly Bearish,-40510,Mildly Bearish,-123007,Strong Bearish,16482.35,16217.75,14:00,16499.55,1.708,1.605
2022-03-03,Thursday,weekly,Top to Down,Top to Down,Match,29.23,28.16,High (>20),FII Bearish (sold fut >10K),PRO Confident (sold puts >20K),-73379,Bearish,-169206,Strong Bearish,16562.15,16508.75,14:35,16563.65,0.331,0.322
2022-03-10,Thursday,weekly,Top to Down,Down to Up,Mismatch,27.47,25.58,High (>20),FII Neutral,PRO Confident (sold puts >20K),48822,Mildly Bullish,97888,Bullish,16535.35,16566.3,14:05,16448.1,0.719,0.187
2022-03-17,Thursday,weekly,Down to Up,Top to Down,Mismatch,24.12,22.61,High (>20),FII Mildly Bullish,PRO Confident (sold puts >20K),63193,Bullish,211934,Strong Bullish,17311.75,17299.4,14:05,17344.6,0.261,0.071
2022-03-24,Thursday,weekly,Down to Up,Down to Up,Match,24.75,23.93,High (>20),FII Bearish (sold fut >10K),PRO Mildly Bearish,-24872,Neutral,-196958,Strong Bearish,17180.5,17197.3,14:00,17180.5,0.098,0.098
2022-03-31,Thursday,monthly,Top to Down,Top to Down,Match,20.61,20.56,High (>20),FII Mildly Bullish,PRO Confident (sold puts >20K),48938,Mildly Bullish,14430,Neutral,17481.8,17468.75,14:30,17490.9,0.127,0.075
2022-04-07,Thursday,weekly,Top to Down,Top to Down,Match,19.02,19.0,Medium (15-20),FII Neutral,PRO Hedging (bought puts >20K),-16691,Neutral,-121945,Strong Bearish,17671.95,17655.15,14:00,17694.35,0.222,0.095
2022-04-13,Wednesday,weekly,Top to Down,Top to Down,Match,18.16,17.79,Medium (15-20),FII Very Bearish (sold fut >10K + bought puts >20K),PRO Confident (sold puts >20K),-70269,Bearish,6780,Neutral,17491.7,17467.45,14:15,17528.55,0.349,0.139
2022-04-21,Thursday,weekly,Down to Up,Down to Up,Match,18.67,17.85,Medium (15-20),FII Neutral,PRO Confident (sold puts >20K),19213,Neutral,72522,Bullish,17360.75,17400.1,14:00,17357.0,0.248,0.227
2022-04-28,Thursday,monthly,Down to Up,Top to Down,Mismatch,20.61,19.38,High (>20),FII Very Bearish (sold fut >10K + bought puts >20K),PRO Hedging (bought puts >20K),-39185,Mildly Bearish,-165710,Strong Bearish,17285.6,17231.35,14:50,17322.5,0.526,0.314
2022-05-05,Thursday,weekly,Top to Down,Top to Down,Match,21.88,20.29,High (>20),FII Very Bearish (sold fut >10K + bought puts >20K),PRO Mildly Bearish,-87722,Bearish,-279975,Strong Bearish,16750.5,16669.2,14:00,16752.4,0.497,0.485
2022-05-12,Thursday,weekly,Top to Down,Down to Up,Mismatch,22.8,24.27,High (>20),FII Bearish (sold fut >10K),PRO Confident (sold puts >20K),25834,Neutral,51528,Bullish,15817.5,15826.45,14:35,15737.35,0.566,0.057
2022-05-19,Thursday,weekly,Top to Down,Top to Down,Match,22.3,24.56,High (>20),FII Hedging (bought puts >20K),PRO Mildly Bearish,-53155,Bearish,-251996,Strong Bearish,15850.6,15828.45,14:00,15856.2,0.175,0.14
2022-05-26,Thursday,monthly,Down to Up,Down to Up,Match,25.28,22.72,High (>20),FII Mildly Bullish,PRO Confident (sold puts >20K),-48355,Mildly Bearish,-107863,Strong Bearish,16094.2,16201.55,14:05,16063.8,0.858,0.667
2022-06-02,Thursday,weekly,Down to Up,Down to Up,Match,20.85,20.32,High (>20),FII Bearish (sold fut >10K),PRO Confident (sold puts >20K),-60617,Bearish,-1875,Neutral,16610.7,16637.4,15:00,16596.05,0.249,0.161
2022-06-09,Thursday,weekly,Down to Up,Down to Up,Match,19.84,19.14,Medium (15-20),FII Confident (sold puts >20K),PRO Confident (sold puts >20K),-13150,Neutral,-87737,Bearish,16373.0,16481.8,14:00,16368.4,0.693,0.665
2022-06-16,Thursday,weekly,Top to Down,Top to Down,Match,22.15,22.87,High (>20),FII Neutral,PRO Confident (sold puts >20K),12165,Neutral,48133,Mildly Bullish,15454.8,15348.2,14:00,15456.35,0.7,0.69
2022-06-23,Thursday,weekly,Down to Up,Down to Up,Match,21.3,20.88,High (>20),FII Hedging (bought puts >20K),PRO Hedging (bought puts >20K),-5458,Neutral,-185492,Strong Bearish,15571.3,15577.55,14:25,15494.5,0.536,0.04
2022-06-30,Thursday,monthly,Down to Up,Top to Down,Mismatch,21.9,21.84,High (>20),FII Bearish (sold fut >10K),PRO Mildly Bullish,3597,Neutral,-71895,Bearish,15812.55,15735.9,14:20,15852.4,0.735,0.485
2022-07-07,Thursday,weekly,Down to Up,Down to Up,Match,20.27,19.2,High (>20),FII Bullish (bought fut + sold puts),PRO Bearish (sold fut >10K),82142,Bullish,447691,Strong Bullish,16106.15,16136.85,14:15,16047.05,0.56,0.191
2022-07-14,Thursday,weekly,Top to Down,Down to Up,Mismatch,18.52,18.34,Medium (15-20),FII Mildly Bearish,PRO Confident (sold puts >20K),-60505,Bearish,-98778,Bearish,15906.3,15947.95,14:25,15859.2,0.56,0.262
2022-07-21,Thursday,weekly,Down to Up,Down to Up,Match,16.82,16.86,Medium (15-20),FII Mildly Bullish,PRO Bullish (bought fut + sold puts),5996,Neutral,-79094,Bearish,16529.85,16609.8,14:00,16528.5,0.492,0.484
2022-07-28,Thursday,monthly,Down to Up,Top to Down,Mismatch,18.13,17.01,Medium (15-20),FII Bullish (bought fut + sold puts),PRO Confident (sold puts >20K),105490,Strong Bullish,325370,Strong Bullish,16928.1,16922.05,15:10,16943.6,0.127,0.036
2022-08-04,Thursday,weekly,Top to Down,Down to Up,Mismatch,18.45,19.26,Medium (15-20),FII Mildly Bearish,PRO Bullish (bought fut + sold puts),-25654,Neutral,69606,Bullish,17309.8,17364.0,14:05,17265.2,0.572,0.313
2022-08-11,Thursday,weekly,Top to Down,Top to Down,Match,19.59,18.36,Medium (15-20),FII Hedging (bought puts >20K),PRO Mildly Bearish,-90112,Bearish,-59309,Bearish,17661.95,17638.65,14:30,17678.45,0.225,0.132
2022-08-18,Thursday,weekly,Down to Up,Down to Up,Match,17.68,17.35,Medium (15-20),FII Hedging (bought puts >20K),PRO Confident (sold puts >20K),-23569,Neutral,148608,Strong Bullish,17893.45,17964.45,14:00,17884.15,0.449,0.397
2022-08-25,Thursday,monthly,Top to Down,Top to Down,Match,18.43,19.57,Medium (15-20),FII Bearish (sold fut >10K),PRO Bullish (bought fut + sold puts),23037,Neutral,26216,Neutral,17695.1,17508.2,14:00,17699.9,1.083,1.056
2022-09-01,Thursday,weekly,Down to Up,Down to Up,Match,18.7,19.87,Medium (15-20),FII Neutral,PRO Neutral,0,Neutral,0,Neutral,17472.65,17563.25,14:05,17469.0,0.54,0.519
2022-09-08,Thursday,weekly,Down to Up,Down to Up,Match,19.37,18.31,Medium (15-20),FII Hedging (bought puts >20K),PRO Confident (sold puts >20K),-32073,Mildly Bearish,-41104,Mildly Bearish,17728.65,17800.1,14:00,17727.8,0.408,0.403
2022-09-15,Thursday,weekly,Top to Down,Top to Down,Match,18.28,18.39,Medium (15-20),FII Very Bearish (sold fut >10K + bought puts >20K),PRO Bullish (bought fut + sold puts),-122125,Strong Bearish,-44906,Mildly Bearish,17906.3,17872.3,14:40,17962.4,0.502,0.19
2022-09-22,Thursday,weekly,Down to Up,Top to Down,Mismatch,19.33,18.82,Medium (15-20),FII Very Bearish (sold fut >10K + bought puts >20K),PRO Hedging (bought puts >20K),-86340,Bearish,-131571,Strong Bearish,17682.25,17635.95,14:10,17722.65,0.489,0.262
2022-09-29,Thursday,monthly,Top to Down,Down to Up,Mismatch,22.1,21.3,High (>20),FII Hedging (bought puts >20K),PRO Confident (sold puts >20K),15092,Neutral,-12900,Neutral,16814.25,16842.9,15:05,16791.9,0.304,0.17
2022-10-06,Thursday,weekly,Top to Down,Top to Down,Match,19.57,19.32,Medium (15-20),FII Neutral,PRO Neutral,0,Neutral,0,Neutral,17372.5,17317.0,14:00,17387.5,0.405,0.319
2022-10-13,Thursday,weekly,Top to Down,Down to Up,Mismatch,20.18,20.29,High (>20),FII Mildly Bullish,PRO Confident (sold puts >20K),62873,Bullish,335990,Strong Bullish,17007.45,17017.8,15:05,16992.15,0.151,0.061
2022-10-20,Thursday,weekly,Down to Up,Down to Up,Match,17.49,17.23,Medium (15-20),FII Hedging (bought puts >20K),PRO Confident (sold puts >20K),-86077,Bearish,-25188,Neutral,17484.95,17565.25,14:00,17468.75,0.552,0.459
2022-10-27,Thursday,monthly,Top to Down,Down to Up,Mismatch,16.88,16.6,Medium (15-20),FII Neutral,PRO Neutral,0,Neutral,0,Neutral,17696.1,17758.9,14:40,17654.7,0.59,0.355
2022-11-03,Thursday,weekly,Down to Up,Down to Up,Match,16.66,15.94,Medium (15-20),FII Hedging (bought puts >20K),PRO Hedging (bought puts >20K),-57147,Bearish,-113830,Strong Bearish,18015.75,18048.05,14:25,18008.65,0.219,0.179
2022-11-10,Thursday,weekly,Top to Down,Down to Up,Mismatch,15.92,15.57,Medium (15-20),FII Hedging (bought puts >20K),PRO Mildly Bearish,-77750,Bearish,-86501,Bearish,17999.35,18036.8,14:20,17969.6,0.374,0.208
2022-11-17,Thursday,weekly,Top to Down,Top to Down,Match,15.1,14.88,Medium (15-20),FII Mildly Bullish,PRO Mildly Bearish,53632,Bullish,-31737,Mildly Bearish,18400.25,18333.95,14:15,18406.1,0.392,0.36
2022-11-24,Thursday,monthly,Down to Up,Down to Up,Match,14.04,13.48,Low (<15),FII Hedging (bought puts >20K),PRO Mildly Bearish,-22070,Neutral,-73025,Bearish,18381.95,18510.85,14:00,18379.85,0.713,0.701
2022-12-01,Thursday,weekly,Top to Down,Down to Up,Mismatch,13.81,13.36,Low (<15),FII Bullish (bought fut + sold puts),PRO Confident (sold puts >20K),106359,Strong Bullish,268890,Strong Bullish,18792.45,18800.95,14:00,18790.1,0.058,0.045
2022-12-08,Thursday,weekly,Down to Up,Down to Up,Match,14.08,13.4,Low (<15),FII Bearish (sold fut >10K),PRO Mildly Bearish,-44357,Mildly Bearish,-137182,Strong Bearish,18586.05,18614.4,14:00,18578.6,0.193,0.153
2022-12-15,Thursday,weekly,Top to Down,Top to Down,Match,12.89,13.73,Low (<15),FII Hedging (bought puts >20K),PRO Mildly Bullish,-96899,Bearish,-127485,Strong Bearish,18505.25,18399.75,14:15,18527.5,0.69,0.57
2022-12-22,Thursday,weekly,Top to Down,Top to Down,Match,15.56,15.19,Medium (15-20),FII Hedging (bought puts >20K),PRO Hedging (bought puts >20K),-75384,Bearish,-406065,Strong Bearish,18141.15,18114.7,14:15,18182.75,0.374,0.146
2022-12-29,Thursday,monthly,Down to Up,Down to Up,Match,15.4,14.81,Medium (15-20),FII Neutral,PRO Mildly Bearish,11075,Neutral,-105443,Strong Bearish,18091.7,18210.4,14:30,18073.6,0.757,0.656
2023-01-05,Thursday,weekly,Top to Down,Down to Up,Mismatch,15.2,14.98,Medium (15-20),FII Very Bearish (sold fut >10K + bought puts >20K),PRO Hedging (bought puts >20K),-199406,Strong Bearish,-436826,Strong Bearish,17938.45,17999.8,14:10,17911.15,0.495,0.342
2023-01-12,Thursday,weekly,Top to Down,Down to Up,Mismatch,15.44,15.28,Medium (15-20),FII Neutral,PRO Confident (sold puts >20K),27974,Neutral,165719,Strong Bullish,17809.35,17866.0,14:00,17809.1,0.319,0.318
2023-01-19,Thursday,weekly,Top to Down,Top to Down,Match,14.37,13.96,Low (<15),FII Bullish (bought fut + sold puts),PRO Confident (sold puts >20K),177122,Strong Bullish,237519,Strong Bullish,18118.45,18089.05,14:15,18138.2,0.271,0.162
2023-01-25,Wednesday,monthly,Top to Down,Top to Down,Match,13.66,14.66,Low (<15),FII Hedging (bought puts >20K),PRO Hedging (bought puts >20K),-35661,Mildly Bearish,-114967,Strong Bearish,17916.75,17910.05,14:10,17946.85,0.205,0.037
2023-02-02,Thursday,weekly,Down to Up,Down to Up,Match,16.78,15.73,Medium (15-20),FII Confident (sold puts >20K),PRO Hedging (bought puts >20K),-40858,Mildly Bearish,-145258,Strong Bearish,17528.0,17611.75,14:00,17506.75,0.6,0.478
2023-02-09,Thursday,weekly,Down to Up,Down to Up,Match,13.6,13.04,Low (<15),FII Bullish (bought fut + sold puts),PRO Confident (sold puts >20K),2634,Neutral,233285,Strong Bullish,17893.05,17897.1,15:00,17876.3,0.116,0.023
2023-02-16,Thursday,weekly,Top to Down,Top to Down,Match,12.86,12.89,Low (<15),FII Neutral,PRO Confident (sold puts >20K),-23796,Neutral,159171,Strong Bullish,18077.5,18015.25,14:15,18090.2,0.414,0.344
2023-02-23,Thursday,monthly,Top to Down,Top to Down,Match,15.59,15.08,Medium (15-20),FII Very Bearish (sold fut >10K + bought puts >20K),PRO Confident (sold puts >20K),-102155,Strong Bearish,-222276,Strong Bearish,17574.0,17523.8,14:00,17584.75,0.347,0.286
2023-03-02,Thursday,weekly,Top to Down,Top to Down,Match,13.0,12.97,Low (<15),FII Neutral,PRO Bearish (sold fut >10K),41265,Mildly Bullish,363608,Strong Bullish,17321.05,17318.65,14:20,17345.4,0.154,0.014
2023-03-09,Thursday,weekly,Top to Down,Top to Down,Match,12.45,12.73,Low (<15),FII Neutral,PRO Confident (sold puts >20K),12292,Neutral,280594,Strong Bullish,17617.3,17582.8,14:05,17634.3,0.292,0.196
2023-03-16,Thursday,weekly,Top to Down,Down to Up,Mismatch,16.3,16.22,Medium (15-20),FII Confident (sold puts >20K),PRO Hedging (bought puts >20K),8638,Neutral,-79226,Bearish,16954.95,17010.15,15:00,16950.2,0.354,0.326
2023-03-29,Wednesday,monthly,Down to Up,Down to Up,Match,15.1,13.63,Medium (15-20),FII Bearish (sold fut >10K),PRO Neutral,16112,Neutral,85031,Bullish,17025.45,17116.35,14:30,16990.4,0.741,0.534
2023-04-06,Thursday,weekly,Down to Up,Down to Up,Match,12.41,11.8,Low (<15),FII Mildly Bullish,PRO Confident (sold puts >20K),126728,Strong Bullish,228143,Strong Bullish,17568.05,17602.0,14:00,17564.9,0.211,0.193
2023-04-13,Thursday,weekly,Down to Up,Down to Up,Match,12.27,11.91,Low (<15),FII Mildly Bullish,PRO Confident (sold puts >20K),-11857,Neutral,154224,Strong Bullish,17782.95,17828.15,14:10,17778.5,0.279,0.254
2023-04-20,Thursday,weekly,Top to Down,Down to Up,Mismatch,12.15,11.94,Low (<15),FII Confident (sold puts >20K),PRO Confident (sold puts >20K),30600,Mildly Bullish,-9640,Neutral,17592.7,17623.9,14:05,17584.5,0.224,0.177
2023-04-27,Thursday,monthly,Down to Up,Down to Up,Match,11.65,11.43,Low (<15),FII Neutral,PRO Bullish (bought fut + sold puts),51980,Bullish,190344,Strong Bullish,17887.95,17923.2,14:20,17859.5,0.357,0.197
2023-05-04,Thursday,weekly,Down to Up,Down to Up,Match,11.84,11.73,Low (<15),FII Very Bearish (sold fut >10K + bought puts >20K),PRO Neutral,-6636,Neutral,-12743,Neutral,18181.3,18238.6,14:10,18172.55,0.363,0.315
2023-05-11,Thursday,weekly,Top to Down,Top to Down,Match,13.08,13.22,Low (<15),FII Neutral,PRO Confident (sold puts >20K),65913,Bullish,266645,Strong Bullish,18319.3,18304.5,14:15,18343.25,0.211,0.081
2023-05-18,Thursday,weekly,Top to Down,Top to Down,Match,13.11,12.8,Low (<15),FII Hedging (bought puts >20K),PRO Hedging (bought puts >20K),-114987,Strong Bearish,-86159,Bearish,18195.7,18134.65,14:00,18201.4,0.367,0.336
2023-05-25,Thursday,monthly,Down to Up,Down to Up,Match,13.11,12.52,Low (<15),FII Hedging (bought puts >20K),PRO Hedging (bought puts >20K),-70730,Bearish,-304824,Strong Bearish,18214.15,18335.9,14:00,18213.95,0.67,0.668
2023-06-01,Thursday,weekly,Top to Down,Top to Down,Match,11.97,11.6,Low (<15),FII Very Bearish (sold fut >10K + bought puts >20K),PRO Hedging (bought puts >20K),-171623,Strong Bearish,-347376,Strong Bearish,18527.9,18486.1,14:10,18543.0,0.307,0.226
2023-06-08,Thursday,weekly,Top to Down,Top to Down,Match,11.44,11.26,Low (<15),FII Confident (sold puts >20K),PRO Confident (sold puts >20K),98158,Bullish,204666,Strong Bullish,18718.25,18646.9,14:00,18723.75,0.41,0.381
2023-06-15,Thursday,weekly,Top to Down,Top to Down,Match,11.16,11.08,Low (<15),FII Neutral,PRO Confident (sold puts >20K),9548,Neutral,-136107,Strong Bearish,18737.15,18682.15,14:00,18744.35,0.332,0.294
2023-06-22,Thursday,weekly,Top to Down,Top to Down,Match,11.29,11.55,Low (<15),FII Confident (sold puts >20K),PRO Confident (sold puts >20K),34376,Mildly Bullish,60307,Bullish,18853.2,18779.35,14:00,18854.9,0.401,0.392
2023-06-28,Wednesday,monthly,Down to Up,Flat,Flat,10.78,10.89,Low (<15),FII Hedging (bought puts >20K),PRO Bearish (sold fut >10K),97073,Bullish,518430,Strong Bullish,18991.5,18991.9,,,0.0,0.002
2023-07-06,Thursday,weekly,Down to Up,Down to Up,Match,11.88,11.84,Low (<15),FII Confident (sold puts >20K),PRO Mildly Bearish,-27008,Neutral,-143438,Strong Bearish,19453.1,19486.25,14:05,19447.45,0.2,0.17
2023-07-13,Thursday,weekly,Top to Down,Top to Down,Match,10.94,10.94,Low (<15),FII Hedging (bought puts >20K),PRO Mildly Bearish,-57975,Bearish,-197048,Strong Bearish,19490.9,19443.2,14:00,19496.25,0.272,0.245
2023-07-20,Thursday,weekly,Down to Up,Down to Up,Match,11.6,11.79,Low (<15),FII Confident (sold puts >20K),PRO Confident (sold puts >20K),62653,Bullish,265853,Strong Bullish,19929.35,19969.95,14:00,19925.9,0.221,0.204
2023-07-27,Thursday,monthly,Top to Down,Top to Down,Match,10.46,10.51,Low (<15),FII Confident (sold puts >20K),PRO Confident (sold puts >20K),57081,Bullish,224098,Strong Bullish,19705.7,19700.2,15:25,19708.65,0.043,0.028
2023-08-03,Thursday,weekly,Top to Down,Down to Up,Mismatch,11.28,11.19,Low (<15),FII Hedging (bought puts >20K),PRO Confident (sold puts >20K),-71459,Bearish,-265649,Strong Bearish,19314.5,19394.45,14:10,19297.85,0.501,0.414
2023-08-10,Thursday,weekly,Top to Down,Down to Up,Mismatch,11.14,11.4,Low (<15),FII Confident (sold puts >20K),PRO Neutral,17667,Neutral,95886,Bullish,19513.95,19549.2,14:00,19503.1,0.236,0.181
2023-08-17,Thursday,weekly,Top to Down,Top to Down,Match,12.13,12.24,Low (<15),FII Hedging (bought puts >20K),PRO Confident (sold puts >20K),-74187,Bearish,127419,Strong Bullish,19361.75,19346.2,14:50,19387.35,0.212,0.08
2023-08-24,Thursday,weekly,Top to Down,Top to Down,Match,11.73,11.7,Low (<15),FII Confident (sold puts >20K),PRO Bearish (sold fut >10K),68665,Bullish,455817,Strong Bullish,19414.55,19380.4,14:10,19441.85,0.316,0.176
2023-08-31,Thursday,monthly,Top to Down,Top to Down,Match,11.8,12.06,Low (<15),FII Confident (sold puts >20K),PRO Hedging (bought puts >20K),27982,Neutral,-386529,Strong Bearish,19294.4,19279.55,14:05,19297.65,0.094,0.077
2023-09-07,Thursday,weekly,Down to Up,Down to Up,Match,10.68,10.87,Low (<15),FII Mildly Bearish,PRO Hedging (bought puts >20K),-143264,Strong Bearish,7026,Neutral,19645.9,19723.25,14:00,19645.65,0.395,0.394
2023-09-14,Thursday,weekly,Top to Down,Down to Up,Mismatch,11.83,11.32,Low (<15),FII Bullish (bought fut + sold puts),PRO Very Bearish (sold fut >10K + bought puts >20K),97985,Bullish,149265,Strong Bullish,20064.3,20101.85,14:05,20044.7,0.285,0.187
2023-09-21,Thursday,weekly,Top to Down,Down to Up,Mismatch,11.13,10.82,Low (<15),FII Bearish (sold fut >10K),PRO Hedging (bought puts >20K),-74985,Bearish,-100244,Strong Bearish,19743.05,19748.85,14:50,19711.0,0.192,0.029
2023-09-28,Thursday,monthly,Top to Down,Top to Down,Match,11.59,12.82,Low (<15),FII Bearish (sold fut >10K),PRO Confident (sold puts >20K),39699,Mildly Bullish,199565,Strong Bullish,19560.05,19553.3,14:20,19578.35,0.128,0.035
2023-10-05,Thursday,weekly,Down to Up,Top to Down,Mismatch,11.66,10.94,Low (<15),FII Confident (sold puts >20K),PRO Neutral,14754,Neutral,96846,Bullish,19556.8,19546.6,14:45,19564.75,0.093,0.052
2023-10-12,Thursday,weekly,Top to Down,Top to Down,Match,10.99,10.62,Low (<15),FII Hedging (bought puts >20K),PRO Hedging (bought puts >20K),-12813,Neutral,-313577,Strong Bearish,19804.3,19782.9,15:05,19807.3,0.123,0.108
2023-10-19,Thursday,weekly,Down to Up,Top to Down,Mismatch,10.97,10.9,Low (<15),FII Confident (sold puts >20K),PRO Hedging (bought puts >20K),-14501,Neutral,-149252,Strong Bearish,19656.2,19611.9,14:05,19681.8,0.355,0.225
2023-10-26,Thursday,monthly,Top to Down,Top to Down,Match,11.31,11.73,Low (<15),FII Hedging (bought puts >20K),PRO Bearish (sold fut >10K),-28096,Neutral,-114561,Strong Bearish,18853.9,18848.5,14:50,18897.1,0.257,0.029
2023-11-02,Thursday,weekly,Down to Up,Down to Up,Match,12.05,11.08,Low (<15),FII Hedging (bought puts >20K),PRO Hedging (bought puts >20K),27469,Neutral,13647,Neutral,19131.0,19144.85,14:45,19106.95,0.198,0.072
2023-11-09,Thursday,weekly,Top to Down,Top to Down,Match,11.04,10.98,Low (<15),FII Hedging (bought puts >20K),PRO Hedging (bought puts >20K),-79751,Bearish,-431937,Strong Bearish,19417.05,19404.0,14:00,19429.8,0.133,0.067
2023-11-16,Thursday,weekly,Down to Up,Top to Down,Mismatch,11.14,11.65,Low (<15),FII Confident (sold puts >20K),PRO Confident (sold puts >20K),-24385,Neutral,108324,Strong Bullish,19812.4,19761.15,14:45,19875.25,0.574,0.259
2023-11-23,Thursday,weekly,Top to Down,Top to Down,Match,11.87,11.32,Low (<15),FII Neutral,PRO Neutral,3016,Neutral,221390,Strong Bullish,19824.55,19811.0,14:00,19824.65,0.069,0.068
2023-11-30,Thursday,monthly,Down to Up,Down to Up,Match,12.71,12.69,Low (<15),FII Bullish (bought fut + sold puts),PRO Bullish (bought fut + sold puts),130933,Strong Bullish,476529,Strong Bullish,20099.05,20127.2,14:10,20056.75,0.351,0.14
2023-12-07,Thursday,weekly,Top to Down,Down to Up,Mismatch,13.74,12.67,Low (<15),FII Hedging (bought puts >20K),PRO Very Bearish (sold fut >10K + bought puts >20K),60215,Bullish,-181555,Strong Bearish,20913.8,20916.1,15:00,20879.1,0.177,0.011
2023-12-14,Thursday,weekly,Down to Up,Top to Down,Mismatch,12.07,12.32,Low (<15),FII Very Bearish (sold fut >10K + bought puts >20K),PRO Confident (sold puts >20K),20736,Neutral,235048,Strong Bullish,21198.9,21195.25,15:25,21209.45,0.067,0.017
2023-12-21,Thursday,weekly,Down to Up,Down to Up,Match,14.45,13.76,Low (<15),FII Bullish (bought fut + sold puts),PRO Hedging (bought puts >20K),22828,Neutral,-365898,Strong Bearish,21223.7,21283.0,14:05,21185.1,0.462,0.279
2023-12-28,Thursday,monthly,Down to Up,Down to Up,Match,15.56,15.14,Medium (15-20),FII Hedging (bought puts >20K),PRO Confident (sold puts >20K),-88184,Bearish,387477,Strong Bullish,21751.4,21773.7,14:45,21730.25,0.2,0.103
2024-01-04,Thursday,weekly,Down to Up,Down to Up,Match,14.1,13.33,Low (<15),FII Confident (sold puts >20K),PRO Hedging (bought puts >20K),53181,Bullish,231354,Strong Bullish,21659.7,21669.6,14:25,21638.75,0.143,0.046
2024-01-11,Thursday,weekly,Top to Down,Down to Up,Mismatch,12.97,12.77,Low (<15),FII Hedging (bought puts >20K),PRO Confident (sold puts >20K),-70437,Bearish,516814,Strong Bullish,21665.65,21669.4,14:15,21593.75,0.35,0.017
2024-01-18,Thursday,weekly,Down to Up,Down to Up,Match,15.08,14.07,Medium (15-20),FII Bearish (sold fut >10K),PRO Very Bearish (sold fut >10K + bought puts >20K),-94325,Bearish,-562070,Strong Bearish,21451.3,21477.25,14:30,21418.0,0.277,0.121
2024-01-25,Thursday,monthly,Top to Down,Down to Up,Mismatch,14.38,13.87,Low (<15),FII Bullish (bought fut + sold puts),PRO Confident (sold puts >20K),45484,Mildly Bullish,268304,Strong Bullish,21295.95,21370.75,14:40,21249.45,0.571,0.351
2024-02-01,Thursday,weekly,Top to Down,Top to Down,Match,16.05,14.46,Medium (15-20),FII Bullish (bought fut + sold puts),PRO Confident (sold puts >20K),62507,Bullish,241751,Strong Bullish,21709.85,21690.3,14:10,21737.0,0.215,0.09
2024-02-08,Thursday,weekly,Top to Down,Top to Down,Match,15.51,15.83,Medium (15-20),FII Very Bearish (sold fut >10K + bought puts >20K),PRO Hedging (bought puts >20K),-37556,Mildly Bearish,83764,Bullish,21771.45,21759.7,14:00,21773.4,0.063,0.054
2024-02-15,Thursday,weekly,Down to Up,Top to Down,Mismatch,15.44,15.23,Medium (15-20),FII Hedging (bought puts >20K),PRO Confident (sold puts >20K),-32961,Mildly Bearish,-39495,Mildly Bearish,21951.4,21927.05,14:00,21952.25,0.115,0.111
2024-02-22,Thursday,weekly,Down to Up,Down to Up,Match,15.93,15.2,Medium (15-20),FII Hedging (bought puts >20K),PRO Very Bearish (sold fut >10K + bought puts >20K),54327,Bullish,-769958,Strong Bearish,22086.4,22216.9,14:20,22043.7,0.786,0.591
2024-02-29,Thursday,monthly,Down to Up,Down to Up,Match,16.33,15.57,Medium (15-20),FII Confident (sold puts >20K),PRO Hedging (bought puts >20K),-87005,Bearish,-586121,Strong Bearish,21975.6,22042.05,14:35,21900.5,0.646,0.302
2024-03-07,Thursday,weekly,Top to Down,Top to Down,Match,14.3,13.61,Low (<15),FII Hedging (bought puts >20K),PRO Hedging (bought puts >20K),16505,Neutral,-46987,Mildly Bearish,22514.35,22483.5,14:30,22522.05,0.171,0.137
2024-03-14,Thursday,weekly,Down to Up,Down to Up,Match,14.43,13.62,Low (<15),FII Very Bearish (sold fut >10K + bought puts >20K),PRO Mildly Bearish,-88208,Bearish,-228508,Strong Bearish,22106.0,22153.05,14:00,22080.45,0.329,0.213
2024-03-21,Thursday,weekly,Down to Up,Down to Up,Match,13.47,12.51,Low (<15),FII Hedging (bought puts >20K),PRO Confident (sold puts >20K),-15784,Neutral,368591,Strong Bullish,22000.55,22014.6,15:00,21982.6,0.146,0.064
2024-03-28,Thursday,monthly,Down to Up,Top to Down,Mismatch,12.7,12.83,Low (<15),FII Very Bearish (sold fut >10K + bought puts >20K),PRO Bullish (bought fut + sold puts),-68647,Bearish,170867,Strong Bullish,22433.9,22343.1,14:40,22516.0,0.768,0.405
2024-04-04,Thursday,weekly,Top to Down,Down to Up,Mismatch,11.37,11.22,Low (<15),FII Very Bearish (sold fut >10K + bought puts >20K),PRO Hedging (bought puts >20K),-42986,Mildly Bearish,-3505,Neutral,22515.85,22541.2,15:00,22486.7,0.242,0.113
2024-04-10,Wednesday,weekly,Down to Up,Top to Down,Mismatch,11.36,11.11,Low (<15),FII Hedging (bought puts >20K),PRO Mildly Bearish,33165,Mildly Bullish,-205282,Strong Bearish,22737.75,22735.05,15:05,22775.7,0.178,0.012
2024-04-18,Thursday,weekly,Top to Down,Top to Down,Match,12.62,13.04,Low (<15),FII Neutral,PRO Neutral,0,Neutral,0,Neutral,22139.45,22045.75,14:15,22171.3,0.566,0.423
2024-04-25,Thursday,monthly,Down to Up,Down to Up,Match,10.28,10.73,Low (<15),FII Bearish (sold fut >10K),PRO Hedging (bought puts >20K),72113,Bullish,40067,Mildly Bullish,22496.0,22559.25,14:00,22492.8,0.295,0.281
2024-05-02,Thursday,weekly,Down to Up,Top to Down,Mismatch,12.87,13.45,Low (<15),FII Neutral,PRO Neutral,0,Neutral,0,Neutral,22694.55,22656.75,14:00,22700.9,0.194,0.167
2024-05-09,Thursday,weekly,Top to Down,Top to Down,Match,17.08,18.2,Medium (15-20),FII Bearish (sold fut >10K),PRO Bearish (sold fut >10K),70558,Bullish,323690,Strong Bullish,22043.25,21968.15,14:20,22076.9,0.493,0.341
2024-05-23,Thursday,weekly,Down to Up,Down to Up,Match,21.47,21.38,High (>20),FII Neutral,PRO Bullish (bought fut + sold puts),69256,Bullish,200593,Strong Bullish,22857.05,22951.0,14:00,22854.2,0.424,0.411
2024-05-30,Thursday,monthly,Top to Down,Down to Up,Mismatch,24.18,24.18,High (>20),FII Very Bearish (sold fut >10K + bought puts >20K),PRO Hedging (bought puts >20K),-120668,Strong Bearish,-77522,Bearish,22538.85,22557.1,14:55,22417.0,0.625,0.081
2024-06-06,Thursday,weekly,Down to Up,Down to Up,Match,18.89,16.8,Medium (15-20),FII Hedging (bought puts >20K),PRO Mildly Bullish,217058,Strong Bullish,403470,Strong Bullish,22779.1,22849.05,14:40,22669.5,0.792,0.307
2024-06-13,Thursday,weekly,Top to Down,Top to Down,Match,14.39,13.49,Low (<15),FII Hedging (bought puts >20K),PRO Hedging (bought puts >20K),49838,Mildly Bullish,133300,Strong Bullish,23404.4,23399.35,15:20,23411.2,0.051,0.022
2024-06-20,Thursday,weekly,Top to Down,Down to Up,Mismatch,13.71,13.35,Low (<15),FII Bullish (bought fut + sold puts),PRO Hedging (bought puts >20K),60241,Bullish,-211764,Strong Bearish,23535.95,23579.15,14:00,23532.5,0.198,0.184
2024-06-27,Thursday,monthly,Down to Up,Down to Up,Match,14.05,14.15,Low (<15),FII Bullish (bought fut + sold puts),PRO Very Bearish (sold fut >10K + bought puts >20K),88119,Bullish,-333497,Strong Bearish,23974.15,24036.1,14:30,23913.65,0.512,0.258
2024-07-04,Thursday,weekly,Top to Down,Top to Down,Match,13.21,12.86,Low (<15),FII Hedging (bought puts >20K),PRO Confident (sold puts >20K),78370,Bullish,290674,Strong Bullish,24326.4,24304.65,14:15,24351.3,0.192,0.089
2024-07-11,Thursday,weekly,Top to Down,Down to Up,Mismatch,14.43,14.0,Low (<15),FII Very Bearish (sold fut >10K + bought puts >20K),PRO Hedging (bought puts >20K),-67097,Bearish,-133446,Strong Bearish,24314.1,24338.5,15:05,24291.45,0.194,0.1
2024-07-18,Thursday,weekly,Down to Up,Down to Up,Match,14.22,14.51,Low (<15),FII Neutral,PRO Neutral,0,Neutral,0,Neutral,24758.35,24779.35,14:00,24757.8,0.087,0.085
2024-07-25,Thursday,monthly,Down to Up,Down to Up,Match,11.76,12.62,Low (<15),FII Very Bearish (sold fut >10K + bought puts >20K),PRO Bearish (sold fut >10K),-62003,Bearish,90135,Bullish,24394.2,24415.0,14:40,24380.1,0.143,0.085
2024-08-01,Thursday,weekly,Top to Down,Down to Up,Mismatch,13.25,12.93,Low (<15),FII Very Bearish (sold fut >10K + bought puts >20K),PRO Bullish (bought fut + sold puts),-167303,Strong Bearish,229599,Strong Bullish,24985.3,25006.0,14:30,24956.4,0.199,0.083
2024-08-08,Thursday,weekly,Top to Down,Top to Down,Match,16.17,16.6,Medium (15-20),FII Very Bearish (sold fut >10K + bought puts >20K),PRO Bullish (bought fut + sold puts),-101944,Strong Bearish,457816,Strong Bullish,24136.4,24098.7,14:15,24195.8,0.401,0.156
2024-08-14,Wednesday,weekly,Top to Down,Top to Down,Match,16.17,15.44,Medium (15-20),FII Very Bearish (sold fut >10K + bought puts >20K),PRO Hedging (bought puts >20K),-109691,Strong Bearish,-552306,Strong Bearish,24156.9,24144.5,14:15,24177.75,0.138,0.051
2024-08-22,Thursday,weekly,Top to Down,Top to Down,Match,13.33,13.0,Low (<15),FII Hedging (bought puts >20K),PRO Hedging (bought puts >20K),27216,Neutral,-92094,Bearish,24827.3,24810.9,14:10,24837.7,0.108,0.066
2024-08-29,Thursday,monthly,Down to Up,Down to Up,Match,13.95,13.79,Low (<15),FII Hedging (bought puts >20K),PRO Hedging (bought puts >20K),49681,Mildly Bullish,-137595,Strong Bearish,25138.6,25156.75,14:05,24998.5,0.633,0.072
2024-09-05,Thursday,weekly,Top to Down,Top to Down,Match,14.38,14.21,Low (<15),FII Very Bearish (sold fut >10K + bought puts >20K),PRO Very Bearish (sold fut >10K + bought puts >20K),8713,Neutral,-328266,Strong Bearish,25175.2,25144.8,14:00,25180.9,0.143,0.121
2024-09-12,Thursday,weekly,Down to Up,Down to Up,Match,13.63,13.18,Low (<15),FII Confident (sold puts >20K),PRO Hedging (bought puts >20K),-34009,Mildly Bearish,-446514,Strong Bearish,25010.8,25314.95,14:00,25008.6,1.225,1.216
2024-09-19,Thursday,weekly,Top to Down,Down to Up,Mismatch,13.37,12.47,Low (<15),FII Hedging (bought puts >20K),PRO Hedging (bought puts >20K),-4568,Neutral,-255900,Strong Bearish,25405.95,25445.0,14:45,25388.6,0.222,0.154
2024-09-26,Thursday,monthly,Down to Up,Down to Up,Match,12.74,12.0,Low (<15),FII Mildly Bullish,PRO Very Bearish (sold fut >10K + bought puts >20K),-4488,Neutral,45369,Mildly Bullish,26096.3,26184.65,14:05,26034.65,0.576,0.339
2024-10-03,Thursday,weekly,Top to Down,Flat,Flat,11.99,13.17,Low (<15),FII Neutral,PRO Neutral,0,Neutral,0,Neutral,25264.55,25266.0,,,0.0,0.006
2024-10-10,Thursday,weekly,Top to Down,Top to Down,Match,14.12,13.5,Low (<15),FII Bearish (sold fut >10K),PRO Hedging (bought puts >20K),-66271,Bearish,-23154,Neutral,25019.1,25007.55,14:25,25037.55,0.12,0.046
2024-10-17,Thursday,weekly,Top to Down,Down to Up,Mismatch,13.05,13.39,Low (<15),FII Very Bearish (sold fut >10K + bought puts >20K),PRO Hedging (bought puts >20K),-157295,Strong Bearish,-120712,Strong Bearish,24747.35,24750.2,14:40,24728.9,0.086,0.012
2024-10-24,Thursday,weekly,Top to Down,Down to Up,Mismatch,14.62,13.97,Low (<15),FII Hedging (bought puts >20K),PRO Confident (sold puts >20K),56629,Bullish,342262,Strong Bullish,24393.7,24414.6,14:20,24367.8,0.192,0.086
2024-10-31,Thursday,monthly,Top to Down,Down to Up,Mismatch,15.51,15.55,Medium (15-20),FII Bearish (sold fut >10K),PRO Hedging (bought puts >20K),-113452,Strong Bearish,-559300,Strong Bearish,24206.5,24238.5,14:35,24172.6,0.273,0.132
2024-11-07,Thursday,weekly,Top to Down,Top to Down,Match,14.87,14.94,Low (<15),FII Hedging (bought puts >20K),PRO Confident (sold puts >20K),-124855,Strong Bearish,-185254,Strong Bearish,24208.0,24194.6,14:10,24218.15,0.097,0.055
2024-11-14,Thursday,weekly,Top to Down,Down to Up,Mismatch,15.44,14.78,Medium (15-20),FII Very Bearish (sold fut >10K + bought puts >20K),PRO Bearish (sold fut >10K),-30670,Mildly Bearish,152295,Strong Bullish,23531.4,23559.6,15:05,23484.15,0.321,0.12
2024-11-21,Thursday,weekly,Top to Down,Flat,Flat,15.66,15.99,Medium (15-20),FII Neutral,PRO Neutral,0,Neutral,0,Neutral,23346.75,23346.75,,,0.0,0.0
2024-11-28,Thursday,monthly,Top to Down,Top to Down,Match,14.63,15.21,Low (<15),FII Bearish (sold fut >10K),PRO Hedging (bought puts >20K),31946,Mildly Bullish,-86419,Bearish,24047.6,23957.45,14:05,24074.85,0.488,0.375
2024-12-05,Thursday,weekly,Down to Up,Down to Up,Match,14.45,14.53,Low (<15),FII Hedging (bought puts >20K),PRO Mildly Bearish,47751,Mildly Bullish,-49094,Mildly Bearish,24664.3,24701.55,14:55,24495.05,0.843,0.151
2024-12-12,Thursday,weekly,Top to Down,Top to Down,Match,13.27,13.19,Low (<15),FII Confident (sold puts >20K),PRO Confident (sold puts >20K),56720,Bullish,11009,Neutral,24552.3,24539.5,14:15,24577.05,0.153,0.052
2024-12-19,Thursday,weekly,Down to Up,Down to Up,Match,14.37,14.51,Low (<15),FII Bearish (sold fut >10K),PRO Bearish (sold fut >10K),-90301,Bearish,-108232,Strong Bearish,23955.8,23961.95,15:15,23934.35,0.115,0.026
2024-12-26,Thursday,monthly,Top to Down,Down to Up,Mismatch,13.18,14.04,Low (<15),FII Neutral,PRO Neutral,0,Neutral,0,Neutral,23740.2,23760.3,14:00,23735.05,0.106,0.085
2025-01-02,Thursday,weekly,Down to Up,Down to Up,Match,14.45,13.74,Low (<15),FII Bearish (sold fut >10K),PRO Neutral,80551,Bullish,49764,Mildly Bullish,24123.4,24167.95,14:00,24117.95,0.207,0.185
2025-01-09,Thursday,weekly,Top to Down,Down to Up,Mismatch,14.47,14.66,Low (<15),FII Bearish (sold fut >10K),PRO Bearish (sold fut >10K),-56422,Bearish,-90746,Bearish,23525.8,23557.2,14:45,23503.05,0.23,0.133
2025-01-16,Thursday,weekly,Top to Down,Down to Up,Mismatch,15.26,15.47,Medium (15-20),FII Confident (sold puts >20K),PRO Neutral,9793,Neutral,48250,Mildly Bullish,23331.4,23350.8,14:35,23290.7,0.258,0.083
2025-01-23,Thursday,weekly,Down to Up,Top to Down,Mismatch,16.77,16.7,Medium (15-20),FII Confident (sold puts >20K),PRO Hedging (bought puts >20K),224223,Strong Bullish,48159,Mildly Bullish,23248.85,23216.3,14:00,23254.55,0.164,0.14
2025-01-30,Thursday,monthly,Down to Up,Down to Up,Match,18.64,17.39,Medium (15-20),FII Hedging (bought puts >20K),PRO Confident (sold puts >20K),39015,Mildly Bullish,95026,Bullish,23190.35,23297.95,14:35,23139.95,0.683,0.464
2025-02-06,Thursday,weekly,Top to Down,Down to Up,Mismatch,14.08,14.18,Low (<15),FII Confident (sold puts >20K),PRO Hedging (bought puts >20K),7390,Neutral,-129194,Strong Bearish,23580.4,23628.05,14:30,23556.25,0.305,0.202
2025-02-13,Thursday,weekly,Top to Down,Top to Down,Match,14.9,14.96,Low (<15),FII Neutral,PRO Confident (sold puts >20K),-451,Neutral,18545,Neutral,23079.6,23019.4,14:00,23102.0,0.358,0.261
2025-02-20,Thursday,weekly,Down to Up,Top to Down,Mismatch,15.42,14.68,Medium (15-20),FII Neutral,PRO Confident (sold puts >20K),19111,Neutral,-3407,Neutral,22910.25,22906.25,14:45,22923.85,0.077,0.017
2025-02-27,Thursday,monthly,Top to Down,Top to Down,Match,13.72,13.31,Low (<15),FII Neutral,PRO Neutral,0,Neutral,0,Neutral,22542.05,22510.85,14:55,22556.9,0.204,0.138
2025-03-06,Thursday,weekly,Down to Up,Down to Up,Match,13.67,13.73,Low (<15),FII Neutral,PRO Confident (sold puts >20K),42853,Mildly Bullish,87676,Bullish,22510.95,22529.2,14:30,22491.15,0.169,0.081
2025-03-13,Thursday,weekly,Top to Down,Top to Down,Match,13.69,13.28,Low (<15),FII Mildly Bearish,PRO Confident (sold puts >20K),-16501,Neutral,-38277,Mildly Bearish,22433.7,22383.3,14:00,22450.1,0.298,0.225
2025-03-20,Thursday,weekly,Down to Up,Top to Down,Mismatch,13.3,12.6,Low (<15),FII Hedging (bought puts >20K),PRO Confident (sold puts >20K),47424,Mildly Bullish,-57810,Bearish,23190.2,23165.7,14:30,23216.7,0.22,0.106
2025-03-27,Thursday,monthly,Down to Up,Top to Down,Mismatch,13.47,13.3,Low (<15),FII Hedging (bought puts >20K),PRO Bearish (sold fut >10K),-50,Neutral,-52758,Bearish,23604.65,23601.05,15:25,23646.45,0.192,0.015
2025-04-03,Thursday,weekly,Down to Up,Top to Down,Mismatch,13.72,13.6,Low (<15),FII Confident (sold puts >20K),PRO Confident (sold puts >20K),59202,Bullish,123570,Strong Bullish,23260.1,23241.6,14:00,23272.8,0.134,0.08
2025-04-09,Wednesday,weekly,Top to Down,Down to Up,Mismatch,20.44,21.43,High (>20),FII Hedging (bought puts >20K),PRO Confident (sold puts >20K),-14594,Neutral,-48605,Mildly Bearish,22398.85,22420.4,15:00,22387.35,0.148,0.096
2025-04-17,Thursday,weekly,Down to Up,Top to Down,Mismatch,15.87,15.47,Medium (15-20),FII Hedging (bought puts >20K),PRO Confident (sold puts >20K),21493,Neutral,74873,Bullish,23842.4,23837.75,15:00,23872.35,0.145,0.02
2025-04-24,Thursday,monthly,Top to Down,Top to Down,Match,15.96,16.25,Medium (15-20),FII Confident (sold puts >20K),PRO Hedging (bought puts >20K),57635,Bullish,-34772,Mildly Bearish,24249.1,24245.05,14:20,24263.15,0.075,0.017
2025-04-30,Wednesday,weekly,Top to Down,Top to Down,Match,17.37,18.22,Medium (15-20),FII Mildly Bearish,PRO Mildly Bearish,-48526,Mildly Bearish,-68636,Bearish,24347.75,24246.25,15:00,24396.15,0.614,0.417
2025-05-08,Thursday,weekly,Top to Down,Top to Down,Match,19.06,21.01,Medium (15-20),FII Neutral,PRO Confident (sold puts >20K),14349,Neutral,52609,Bullish,24330.85,24154.1,14:30,24357.3,0.834,0.726
2025-05-15,Thursday,weekly,Down to Up,Top to Down,Mismatch,17.23,16.89,Medium (15-20),FII Confident (sold puts >20K),PRO Confident (sold puts >20K),37347,Mildly Bullish,114800,Strong Bullish,25074.6,25035.3,14:25,25116.25,0.322,0.157
2025-05-22,Thursday,weekly,Top to Down,Down to Up,Mismatch,17.55,17.26,Medium (15-20),FII Hedging (bought puts >20K),PRO Neutral,25042,Neutral,82293,Bullish,24525.35,24637.0,14:35,24462.4,0.714,0.455
2025-05-29,Thursday,monthly,Down to Up,Down to Up,Match,18.02,16.42,Medium (15-20),FII Bearish (sold fut >10K),PRO Confident (sold puts >20K),10389,Neutral,-68496,Bearish,24745.55,24880.85,14:10,24717.8,0.66,0.547
2025-06-05,Thursday,weekly,Down to Up,Down to Up,Match,15.75,15.08,Medium (15-20),FII Confident (sold puts >20K),PRO Neutral,35999,Mildly Bullish,69595,Bullish,24732.35,24761.1,14:10,24693.1,0.275,0.116
2025-06-12,Thursday,weekly,Top to Down,Top to Down,Match,13.67,14.02,Low (<15),FII Hedging (bought puts >20K),PRO Hedging (bought puts >20K),22360,Neutral,18958,Neutral,24890.6,24856.0,15:00,24920.95,0.261,0.139
2025-06-19,Thursday,weekly,Top to Down,Top to Down,Match,14.28,14.26,Low (<15),FII Confident (sold puts >20K),PRO Hedging (bought puts >20K),-16322,Neutral,195,Neutral,24811.8,24744.7,14:20,24849.85,0.423,0.27
2025-06-26,Thursday,monthly,Down to Up,Down to Up,Match,12.96,12.59,Low (<15),FII Hedging (bought puts >20K),PRO Mildly Bullish,33092,Mildly Bullish,48645,Mildly Bullish,25500.7,25530.4,14:05,25475.3,0.216,0.116
2025-07-03,Thursday,weekly,Top to Down,Top to Down,Match,12.45,12.39,Low (<15),FII Bearish (sold fut >10K),PRO Confident (sold puts >20K),-110883,Strong Bearish,-53268,Bearish,25499.05,25397.4,14:00,25509.15,0.438,0.399
2025-07-17,Thursday,weekly,Top to Down,Top to Down,Match,11.24,11.24,Low (<15),FII Neutral,PRO Mildly Bearish,-6344,Neutral,-10563,Neutral,25177.4,25109.5,14:00,25182.0,0.288,0.27
2025-07-24,Thursday,weekly,Top to Down,Top to Down,Match,10.52,10.72,Low (<15),FII Confident (sold puts >20K),PRO Confident (sold puts >20K),82410,Bullish,236672,Strong Bullish,25068.4,25051.9,14:20,25103.25,0.205,0.066
2025-07-31,Thursday,monthly,Down to Up,Top to Down,Mismatch,11.21,11.54,Low (<15),FII Confident (sold puts >20K),PRO Mildly Bearish,26178,Neutral,-75154,Bearish,24907.35,24765.6,14:05,24952.7,0.75,0.569
2025-08-07,Thursday,weekly,Down to Up,Down to Up,Match,11.96,11.69,Low (<15),FII Hedging (bought puts >20K),PRO Confident (sold puts >20K),-76483,Bearish,-49128,Mildly Bearish,24388.4,24626.65,14:00,24388.4,0.977,0.977
2025-08-14,Thursday,weekly,Down to Up,Top to Down,Mismatch,12.14,12.36,Low (<15),FII Confident (sold puts >20K),PRO Confident (sold puts >20K),99440,Bullish,58652,Bullish,24645.05,24616.05,14:50,24663.3,0.192,0.118
2025-08-21,Thursday,weekly,Top to Down,Top to Down,Match,11.79,11.37,Low (<15),FII Confident (sold puts >20K),PRO Neutral,24242,Neutral,13912,Neutral,25119.2,25076.95,14:15,25153.65,0.305,0.168
2025-08-28,Thursday,monthly,Top to Down,Top to Down,Match,12.19,12.18,Low (<15),FII Hedging (bought puts >20K),PRO Hedging (bought puts >20K),-42056,Mildly Bearish,-213276,Strong Bearish,24537.5,24533.1,14:20,24592.1,0.24,0.018
2025-09-02,Tuesday,weekly,Top to Down,Top to Down,Match,11.29,11.4,Low (<15),FII Confident (sold puts >20K),PRO Neutral,104805,Strong Bullish,93205,Bullish,24589.15,24575.0,14:45,24617.25,0.172,0.058
2025-09-09,Tuesday,weekly,Down to Up,Down to Up,Match,10.84,10.69,Low (<15),FII Neutral,PRO Hedging (bought puts >20K),48766,Mildly Bullish,-51863,Bearish,24857.45,24878.8,14:35,24825.6,0.214,0.086
2025-09-16,Tuesday,weekly,Down to Up,Down to Up,Match,10.4,10.27,Low (<15),FII Mildly Bearish,PRO Hedging (bought puts >20K),-45624,Mildly Bearish,-228179,Strong Bearish,25175.8,25254.45,14:10,25152.7,0.405,0.312
2025-09-23,Tuesday,weekly,Top to Down,Top to Down,Match,10.56,10.63,Low (<15),FII Mildly Bearish,PRO Neutral,-83439,Bearish,0,Neutral,25206.0,25185.8,14:05,25261.9,0.301,0.08
2025-09-30,Tuesday,monthly,Top to Down,Flat,Flat,11.37,11.07,Low (<15),FII Neutral,PRO Hedging (bought puts >20K),42597,Mildly Bullish,-25560,Neutral,24635.5,24633.6,,,0.0,0.008
2025-10-07,Tuesday,weekly,Down to Up,Top to Down,Mismatch,10.19,10.05,Low (<15),FII Neutral,PRO Bullish (bought fut + sold puts),32467,Mildly Bullish,-21417,Neutral,25198.55,25112.8,14:15,25220.9,0.429,0.34
2025-10-14,Tuesday,weekly,Top to Down,Flat,Flat,11.01,11.16,Low (<15),FII Hedging (bought puts >20K),PRO Hedging (bought puts >20K),-90732,Bearish,-148546,Strong Bearish,25122.0,25123.35,,,0.0,0.005
2025-10-21,Tuesday,weekly,Top to Down,Top to Down,Match,11.36,11.3,Low (<15),FII Confident (sold puts >20K),PRO Confident (sold puts >20K),-11243,Neutral,116597,Strong Bullish,25893.85,25833.3,14:15,25908.1,0.289,0.234
2025-10-28,Tuesday,monthly,Top to Down,Down to Up,Mismatch,11.86,11.95,Low (<15),FII Confident (sold puts >20K),PRO Neutral,25549,Neutral,110184,Strong Bullish,25882.5,25965.4,14:25,25810.05,0.602,0.32
2025-11-04,Tuesday,weekly,Top to Down,Top to Down,Match,12.67,12.65,Low (<15),FII Confident (sold puts >20K),PRO Confident (sold puts >20K),13806,Neutral,76349,Bullish,25656.95,25586.25,14:00,25657.9,0.279,0.276
2025-11-11,Tuesday,weekly,Down to Up,Down to Up,Match,12.3,12.49,Low (<15),FII Confident (sold puts >20K),PRO Confident (sold puts >20K),-3179,Neutral,-16106,Neutral,25634.4,25705.55,14:00,25630.15,0.294,0.278
2025-11-18,Tuesday,weekly,Top to Down,Top to Down,Match,11.79,12.1,Low (<15),FII Confident (sold puts >20K),PRO Confident (sold puts >20K),47295,Mildly Bullish,90235,Bullish,25970.95,25894.7,14:05,25997.15,0.394,0.294
2025-11-25,Tuesday,monthly,Top to Down,Top to Down,Match,13.24,12.24,Low (<15),FII Mildly Bearish,PRO Hedging (bought puts >20K),-37150,Mildly Bearish,-135592,Strong Bearish,26008.35,25860.3,14:15,26032.6,0.662,0.569
2025-12-02,Tuesday,weekly,Top to Down,Flat,Flat,11.63,11.23,Low (<15),FII Neutral,PRO Hedging (bought puts >20K),-22067,Neutral,-188656,Strong Bearish,26059.0,26057.0,,,0.0,0.008
2025-12-09,Tuesday,weekly,Top to Down,Top to Down,Match,11.13,10.95,Low (<15),FII Very Bearish (sold fut >10K + bought puts >20K),PRO Hedging (bought puts >20K),-219055,Strong Bearish,-343836,Strong Bearish,25899.8,25841.75,14:00,25903.5,0.238,0.224
2025-12-16,Tuesday,weekly,Top to Down,Top to Down,Match,10.25,10.06,Low (<15),FII Mildly Bearish,PRO Confident (sold puts >20K),-6501,Neutral,82598,Bullish,25897.2,25851.35,14:05,25909.75,0.225,0.177
2025-12-23,Tuesday,weekly,Top to Down,Top to Down,Match,9.68,9.38,Low (<15),FII Bullish (bought fut + sold puts),PRO Confident (sold puts >20K),77969,Bullish,126854,Strong Bullish,26199.0,26165.95,14:15,26233.55,0.258,0.126
2025-12-30,Tuesday,monthly,Top to Down,Down to Up,Mismatch,9.72,9.68,Low (<15),FII Bearish (sold fut >10K),PRO Confident (sold puts >20K),-19913,Neutral,22222,Neutral,25938.0,25970.55,14:30,25915.45,0.213,0.125
2026-01-13,Tuesday,weekly,Top to Down,Down to Up,Mismatch,11.37,11.2,Low (<15),FII Neutral,PRO Neutral,35550,Mildly Bullish,92681,Bullish,25662.95,25714.2,14:30,25603.3,0.433,0.2
2026-01-20,Tuesday,weekly,Top to Down,Top to Down,Match,11.83,12.73,Low (<15),FII Mildly Bearish,PRO Confident (sold puts >20K),-14980,Neutral,-18950,Neutral,25371.75,25225.35,14:30,25394.1,0.665,0.577
2026-01-27,Tuesday,monthly,Down to Up,Down to Up,Match,14.19,14.45,Low (<15),FII Very Bearish (sold fut >10K + bought puts >20K),PRO Hedging (bought puts >20K),15730,Neutral,-261584,Strong Bearish,25050.85,25234.1,14:05,24998.25,0.943,0.732
2026-02-03,Tuesday,weekly,Top to Down,Top to Down,Match,13.87,12.9,Low (<15),FII Hedging (bought puts >20K),PRO Mildly Bullish,-97601,Bearish,3371,Neutral,25770.85,25714.8,14:55,25790.35,0.293,0.217
2026-02-10,Tuesday,weekly,Down to Up,Down to Up,Match,12.19,11.67,Low (<15),FII Confident (sold puts >20K),PRO Hedging (bought puts >20K),79343,Bullish,-117227,Strong Bearish,25910.35,25916.8,14:00,25893.2,0.091,0.025
2026-02-17,Tuesday,weekly,Down to Up,Down to Up,Match,13.33,12.67,Low (<15),FII Confident (sold puts >20K),PRO Confident (sold puts >20K),53302,Bullish,238302,Strong Bullish,25699.45,25716.0,14:15,25662.6,0.208,0.064
2026-02-24,Tuesday,monthly,Top to Down,Down to Up,Mismatch,14.17,14.15,Low (<15),FII Hedging (bought puts >20K),PRO Confident (sold puts >20K),-35004,Mildly Bearish,-116677,Strong Bearish,25412.1,25460.25,14:45,25361.9,0.388,0.189
2026-03-02,Monday,weekly,Down to Up,Down to Up,Match,13.7,17.13,Low (<15),FII Very Bearish (sold fut >10K + bought puts >20K),PRO Hedging (bought puts >20K),-105124,Strong Bearish,-168321,Strong Bearish,24615.55,24849.75,14:00,24603.5,1.001,0.951
2026-03-10,Tuesday,weekly,Top to Down,Down to Up,Mismatch,23.36,18.91,High (>20),FII Bearish (sold fut >10K),PRO Bullish (bought fut + sold puts),54574,Bullish,89942,Bullish,24233.45,24286.15,14:30,24201.95,0.348,0.217
2026-03-17,Tuesday,weekly,Down to Up,Down to Up,Match,21.6,19.79,High (>20),FII Bullish (bought fut + sold puts),PRO Hedging (bought puts >20K),57071,Bullish,-22754,Neutral,23542.5,23558.8,14:25,23526.85,0.136,0.069
2026-03-24,Tuesday,weekly,Down to Up,Top to Down,Mismatch,26.73,24.74,High (>20),FII Neutral,PRO Confident (sold puts >20K),-15682,Neutral,-16067,Neutral,22975.25,22958.4,14:15,23037.9,0.345,0.073
2026-03-30,Monday,monthly,Top to Down,Top to Down,Match,26.8,27.89,High (>20),FII Bearish (sold fut >10K),PRO Hedging (bought puts >20K),-36805,Mildly Bearish,-83938,Bearish,22428.1,22379.2,14:00,22487.2,0.48,0.218
2026-04-07,Tuesday,weekly,Down to Up,Down to Up,Match,25.47,24.7,High (>20),FII Neutral,PRO Neutral,22920,Neutral,21384,Neutral,22979.9,23129.95,14:00,22974.1,0.678,0.653
2026-04-13,Monday,weekly,Down to Up,Top to Down,Mismatch,18.85,20.5,Medium (15-20),FII Mildly Bullish,PRO Confident (sold puts >20K),66497,Bullish,55292,Bullish,23893.05,23818.9,14:35,23897.45,0.329,0.31
2026-04-21,Tuesday,weekly,Down to Up,Down to Up,Match,18.79,17.53,Medium (15-20),FII Confident (sold puts >20K),PRO Hedging (bought puts >20K),-13021,Neutral,-53728,Bearish,24554.35,24580.6,14:10,24522.6,0.237,0.107
2026-04-28,Tuesday,monthly,Top to Down,Down to Up,Mismatch,18.38,18.05,Medium (15-20),FII Confident (sold puts >20K),PRO Bullish (bought fut + sold puts),76327,Bullish,128744,Strong Bullish,24011.6,24016.5,15:15,23957.05,0.248,0.02
2026-05-05,Tuesday,weekly,Top to Down,Down to Up,Mismatch,18.3,17.91,Medium (15-20),FII Neutral,PRO Confident (sold puts >20K),33809,Mildly Bullish,-57057,Bearish,24035.85,24052.15,15:05,23997.85,0.226,0.068
2026-05-12,Tuesday,weekly,Top to Down,Top to Down,Match,18.55,19.28,Medium (15-20),FII Very Bearish (sold fut >10K + bought puts >20K),PRO Confident (sold puts >20K),-86122,Bearish,-33206,Mildly Bearish,23492.8,23430.55,14:00,23496.9,0.282,0.265
2026-05-19,Tuesday,weekly,Top to Down,Top to Down,Match,19.63,18.68,Medium (15-20),FII Neutral,PRO Confident (sold puts >20K),36871,Mildly Bullish,129431,Strong Bullish,23691.35,23606.2,14:15,23736.55,0.549,0.359
2026-05-26,Tuesday,monthly,Top to Down,Top to Down,Match,16.7,16.13,Medium (15-20),FII Bullish (bought fut + sold puts),PRO Confident (sold puts >20K),166633,Strong Bullish,4814,Neutral,23937.35,23933.75,14:25,23940.7,0.029,0.015
2026-06-02,Tuesday,weekly,Down to Up,Down to Up,Match,16.54,15.36,Medium (15-20),FII Very Bearish (sold fut >10K + bought puts >20K),PRO Mildly Bearish,-37294,Mildly Bearish,-119871,Strong Bearish,23514.3,23523.3,15:00,23422.65,0.43,0.038
2026-06-09,Tuesday,weekly,Top to Down,Down to Up,Mismatch,17.03,15.58,Medium (15-20),FII Neutral,PRO Mildly Bearish,-46992,Mildly Bearish,-76935,Bearish,23188.7,23257.75,14:00,23178.45,0.342,0.298
2026-06-16,Tuesday,weekly,Down to Up,Down to Up,Match,14.35,13.36,Low (<15),FII Mildly Bearish,PRO Confident (sold puts >20K),-43499,Mildly Bearish,-83274,Bearish,23967.05,23995.0,14:45,23962.7,0.135,0.117
2026-06-23,Tuesday,weekly,Top to Down,Top to Down,Match,12.84,13.94,Low (<15),FII Neutral,PRO Confident (sold puts >20K),-8575,Neutral,37771,Mildly Bullish,23870.15,23795.25,14:45,23935.2,0.585,0.314
2026-06-30,Tuesday,monthly,Top to Down,Top to Down,Match,13.61,13.6,Low (<15),FII Bearish (sold fut >10K),PRO Mildly Bearish,-15676,Neutral,-88399,Bearish,23928.6,23917.75,14:25,23972.45,0.228,0.045
2026-07-07,Tuesday,weekly,Top to Down,Top to Down,Match,11.82,11.65,Low (<15),FII Confident (sold puts >20K),PRO Confident (sold puts >20K),74456,Bullish,72415,Bullish,24451.85,24355.1,14:35,24473.05,0.482,0.396
2026-07-14,Tuesday,weekly,Top to Down,Top to Down,Match,13.28,13.75,Low (<15),FII Confident (sold puts >20K),PRO Mildly Bearish,66434,Bullish,-16816,Neutral,24065.4,24035.15,15:05,24075.0,0.166,0.126
2026-07-21,Tuesday,weekly,Top to Down,Down to Up,Mismatch,12.98,12.6,Low (<15),FII Mildly Bearish,PRO Hedging (bought puts >20K),-96415,Bearish,-158747,Strong Bearish,24164.55,24193.05,14:15,24154.3,0.16,0.118
2026-07-28,Tuesday,monthly,Down to Up,Top to Down,Mismatch,12.66,12.56,Low (<15),FII Confident (sold puts >20K),PRO Mildly Bearish,90323,Bullish,-46821,Mildly Bearish,24000.85,23987.8,15:20,24013.35,0.106,0.054
2026-08-04,Tuesday,weekly,Top to Down,Down to Up,Mismatch,11.93,12.19,Low (<15),FII Bullish (bought fut + sold puts),PRO Bearish (sold fut >10K),98667,Bullish,120364,Strong Bullish,24450.6,24614.9,14:00,24436.15,0.731,0.672
2026-08-11,Tuesday,weekly,Top to Down,Down to Up,Mismatch,12.25,11.86,Low (<15),FII Neutral,PRO Confident (sold puts >20K),-4390,Neutral,2809,Neutral,24451.0,24471.7,14:35,24435.05,0.15,0.085
2026-08-18,Tuesday,weekly,Top to Down,Top to Down,Match,11.33,11.39,Low (<15),FII Neutral,PRO Hedging (bought puts >20K),37952,Mildly Bullish,-63560,Bearish,24192.95,24154.9,15:00,24230.75,0.313,0.157
