date,product,buy_contracts,buy_amount_cr,sell_contracts,sell_amount_cr,oi_contracts,oi_amount_cr
2026-08-03,Commodity Futures,36754.0,2210.34,41336.0,2248.24,52652.0,1526.38
2026-08-03,Commodity Options,471300.0,15680.84,485042.0,16501.61,195127.0,8485.91
2026-08-03,Currency Futures,103393.0,1019.91,44299.0,426.99,699877.0,6.73
2026-08-03,Currency Options,0.0,0.0,0.0,0.0,0.0,0.0
2026-08-03,Index Futures,17608.0,2827.32,4138.0,681.48,222756.0,36574.25
2026-08-03,Index Options,6112196.0,966009.14,6135213.0,969885.41,2646137.0,424023.7
2026-08-03,Interest Rate Futures,0.0,0.0,0.0,0.0,3830.0,76.04
2026-08-03,Stock Futures,337152.0,23200.0,314978.0,21253.0,6363777.0,433321.62
2026-08-03,Stock Options,276824.0,18719.88,278161.0,18776.83,578861.0,37415.97
2026-08-04,Commodity Futures,27734.0,1112.69,24610.0,1116.85,49542.0,1551.58
2026-08-04,Commodity Options,542551.0,17939.39,552951.0,18163.87,207340.0,8728.63
2026-08-04,Currency Futures,54332.0,539.25,59257.0,565.71,686934.0,6.63
2026-08-04,Currency Options,0.0,0.0,0.0,0.0,0.0,0.0
2026-08-04,Index Futures,29836.0,4854.01,7501.0,1230.32,204019.0,33840.24
2026-08-04,Index Options,7800223.0,1242833.12,7764496.0,1237108.07,2938780.0,477773.68
2026-08-04,Interest Rate Futures,0.0,0.0,0.0,0.0,3830.0,76.03
2026-08-04,Stock Futures,286883.0,20000.48,287597.0,20307.41,6348492.0,436415.52
2026-08-04,Stock Options,298791.0,21037.06,301104.0,21221.48,653592.0,43541.67
2026-08-05,Commodity Futures,49954.0,2967.43,68041.0,3556.68,62659.0,1844.47
2026-08-05,Commodity Options,756623.0,22400.1,760319.0,22907.36,255618.0,10481.55
2026-08-05,Currency Futures,63597.0,629.48,20971.0,200.46,729560.0,7.05
2026-08-05,Currency Options,0.0,0.0,0.0,0.0,0.0,0.0
2026-08-05,Index Futures,5766.0,936.54,8710.0,1434.56,205287.0,33949.98
2026-08-05,Index Options,18461565.0,2946134.02,18390143.0,2933546.22,2406532.0,389488.43
2026-08-05,Interest Rate Futures,0.0,0.0,0.0,0.0,3830.0,76.1
2026-08-05,Stock Futures,232744.0,16037.07,248935.0,17206.53,6357744.0,435971.03
2026-08-05,Stock Options,253391.0,17762.63,251153.0,17495.58,709808.0,47214.2
2026-08-06,Commodity Futures,44203.0,2263.04,44596.0,2413.09,63385.0,1969.15
2026-08-06,Commodity Options,675506.0,18720.04,689012.0,19188.14,277565.0,11042.84
2026-08-06,Currency Futures,31396.0,310.11,64423.0,618.77,696161.0,6.72
2026-08-06,Currency Options,0.0,0.0,0.0,0.0,0.0,0.0
2026-08-06,Index Futures,7165.0,1196.98,12326.0,2024.91,209888.0,34809.13
2026-08-06,Index Options,11383151.0,1804942.74,11420754.0,1810436.27,2750312.0,444334.32
2026-08-06,Interest Rate Futures,0.0,0.0,0.0,0.0,3830.0,76.29
2026-08-06,Stock Futures,253898.0,17459.65,245361.0,17411.49,6382077.0,439110.58
2026-08-06,Stock Options,269319.0,19611.65,270304.0,19589.82,821445.0,55002.05
2026-08-07,Commodity Futures,27133.0,1154.46,25103.0,1036.74,61465.0,1851.35
2026-08-07,Commodity Options,627824.0,17635.12,623723.0,17394.22,279177.0,10267.26
2026-08-07,Currency Futures,58403.0,556.38,38115.0,363.52,716449.0,6.92
2026-08-07,Currency Options,0.0,0.0,0.0,0.0,0.0,0.0
2026-08-07,Index Futures,19132.0,3132.75,5319.0,874.56,200545.0,33418.97
2026-08-07,Index Options,15132948.0,2397529.73,15215254.0,2410652.23,2530077.0,410968.52
2026-08-07,Interest Rate Futures,0.0,0.0,0.0,0.0,3830.0,76.34
2026-08-07,Stock Futures,253089.0,17654.02,250000.0,17411.69,6401948.0,440101.46
2026-08-07,Stock Options,309203.0,22580.36,312419.0,22753.94,893757.0,60349.53
2026-08-10,Commodity Futures,35281.0,1440.24,25918.0,1165.79,53945.0,1644.37
2026-08-10,Commodity Options,593311.0,15602.79,598294.0,15678.29,280715.0,9661.18
2026-08-10,Currency Futures,68900.0,656.5,48482.0,463.11,736867.0,7.11
2026-08-10,Currency Options,0.0,0.0,0.0,0.0,0.0,0.0
2026-08-10,Index Futures,4311.0,709.54,9285.0,1533.28,202429.0,33625.12
2026-08-10,Index Options,4702250.0,755850.05,4755798.0,763795.58,2824077.0,456459.16
2026-08-10,Interest Rate Futures,0.0,0.0,0.0,0.0,3830.0,76.34
2026-08-10,Stock Futures,241864.0,17605.35,247494.0,17745.67,6403674.0,439224.71
2026-08-10,Stock Options,386865.0,29177.25,404723.0,30341.67,955967.0,64831.1
2026-08-11,Commodity Futures,50497.0,2351.83,26149.0,1624.27,38763.0,1255.47
2026-08-11,Commodity Options,1009767.0,22403.14,994366.0,22263.07,220856.0,8708.22
2026-08-11,Currency Futures,63259.0,605.38,57328.0,546.36,742798.0,7.17
2026-08-11,Currency Options,0.0,0.0,0.0,0.0,0.0,0.0
2026-08-11,Index Futures,4194.0,690.8,6324.0,1048.26,203407.0,33770.87
2026-08-11,Index Options,6982658.0,1118722.82,6958362.0,1115467.46,2972120.0,480346.01
2026-08-11,Interest Rate Futures,0.0,0.0,0.0,0.0,3830.0,76.38
2026-08-11,Stock Futures,223377.0,15971.01,229961.0,16568.2,6404922.0,439575.0
2026-08-11,Stock Options,280522.0,20962.46,285367.0,21393.13,1022932.0,70000.82
2026-08-12,Commodity Futures,37862.0,2055.52,38996.0,2085.91,43634.0,1302.47
2026-08-12,Commodity Options,676187.0,23229.32,691857.0,23883.98,248310.0,9553.63
2026-08-12,Currency Futures,47091.0,449.85,68412.0,653.77,721493.0,6.97
2026-08-12,Currency Options,0.0,0.0,0.0,0.0,0.0,0.0
2026-08-12,Index Futures,4202.0,695.58,8200.0,1346.98,204835.0,33862.2
2026-08-12,Index Options,11551928.0,1843987.95,11732959.0,1872596.78,2494841.0,402192.69
2026-08-12,Interest Rate Futures,0.0,0.0,0.0,0.0,3830.0,76.29
2026-08-12,Stock Futures,200411.0,14101.51,210847.0,15022.24,6402334.0,437875.55
2026-08-12,Stock Options,238366.0,17772.82,246901.0,18424.79,1059835.0,72407.5
2026-08-13,Commodity Futures,28076.0,1269.57,21503.0,1037.05,39078.0,1114.33
2026-08-13,Commodity Options,631014.0,21218.57,632951.0,21230.12,245438.0,10068.63
2026-08-13,Currency Futures,34549.0,330.36,50715.0,484.0,705327.0,6.82
2026-08-13,Currency Options,0.0,0.0,0.0,0.0,0.0,0.0
2026-08-13,Index Futures,10616.0,1770.91,19637.0,3151.77,220438.0,36413.36
2026-08-13,Index Options,9678574.0,1527810.95,9665922.0,1525486.22,2926457.0,470495.83
2026-08-13,Interest Rate Futures,0.0,0.0,0.0,0.0,3830.0,76.35
2026-08-13,Stock Futures,271483.0,19027.78,263735.0,17979.78,6416116.0,437776.12
2026-08-13,Stock Options,312852.0,22839.8,317341.0,23146.02,1122064.0,76886.7
2026-08-14,Commodity Futures,13830.0,530.26,27273.0,972.44,48271.0,1358.79
2026-08-14,Commodity Options,896187.0,30575.09,878248.0,30349.54,241014.0,9276.56
2026-08-14,Currency Futures,44213.0,422.25,13325.0,127.76,736367.0,7.12
2026-08-14,Currency Options,0.0,0.0,0.0,0.0,0.0,0.0
2026-08-14,Index Futures,4738.0,765.15,8234.0,1328.81,223790.0,36932.79
2026-08-14,Index Options,17213716.0,2698419.84,17591863.0,2758094.5,2705165.0,435984.22
2026-08-14,Interest Rate Futures,0.0,0.0,0.0,0.0,3830.0,76.45
2026-08-14,Stock Futures,200650.0,14131.07,196481.0,13770.22,6428539.0,438843.87
2026-08-14,Stock Options,259130.0,19160.25,264156.0,19563.35,1174320.0,80893.15
2026-08-17,Commodity Futures,23968.0,842.45,21183.0,752.32,46883.0,1340.59
2026-08-17,Commodity Options,746370.0,26934.81,709650.0,25948.13,243705.0,9132.11
2026-08-17,Currency Futures,46712.0,446.99,15850.0,151.29,775619.0,7.5
2026-08-17,Currency Options,0.0,0.0,0.0,0.0,0.0,0.0
2026-08-17,Index Futures,4399.0,718.55,12401.0,2034.88,227898.0,37521.47
2026-08-17,Index Options,5685017.0,906146.21,5676750.0,904764.51,3001197.0,482661.22
2026-08-17,Interest Rate Futures,0.0,0.0,0.0,0.0,3830.0,76.49
2026-08-17,Stock Futures,197989.0,13934.61,202151.0,14108.71,6446245.0,438726.22
2026-08-17,Stock Options,303796.0,22502.13,309926.0,23034.52,1221562.0,83897.28
2026-08-18,Commodity Futures,34890.0,1630.75,37679.0,1479.16,88775.0,2325.2
2026-08-18,Commodity Options,1494764.0,54202.94,1535384.0,52753.65,129227.0,3652.5
2026-08-18,Currency Futures,57477.0,549.15,2462.0,24.59,830630.0,8.04
2026-08-18,Currency Options,0.0,0.0,0.0,0.0,0.0,0.0
2026-08-18,Index Futures,5925.0,974.59,10837.0,1763.53,232324.0,38201.95
2026-08-18,Index Options,9224551.0,1465961.27,9173208.0,1457813.27,3225841.0,516803.86
2026-08-18,Interest Rate Futures,0.0,0.0,0.0,0.0,3830.0,76.22
2026-08-18,Stock Futures,189295.0,12975.58,185588.0,12829.03,6467412.0,440040.55
2026-08-18,Stock Options,299804.0,21598.43,308301.0,22027.06,1261697.0,86281.23
2026-08-19,Commodity Futures,46512.0,1442.82,21707.0,986.28,61684.0,1440.22
2026-08-19,Commodity Options,351068.0,10415.67,380623.0,11458.76,146162.0,5166.94
2026-08-19,Currency Futures,62879.0,601.41,1071.0,10.95,892438.0,8.63
2026-08-19,Currency Options,0.0,0.0,0.0,0.0,0.0,0.0
2026-08-19,Index Futures,7695.0,1234.59,20258.0,3262.39,245293.0,40028.35
2026-08-19,Index Options,14299230.0,2259451.12,14476830.0,2286535.51,2804907.0,448060.57
2026-08-19,Interest Rate Futures,0.0,0.0,0.0,0.0,3830.0,76.16
2026-08-19,Stock Futures,261506.0,17969.04,284119.0,19722.04,6504613.0,439422.7
2026-08-19,Stock Options,359053.0,25803.67,373521.0,26944.96,1266567.0,85980.98
2026-08-20,Commodity Futures,31910.0,1070.81,17592.0,701.0,37879.0,1032.51
2026-08-20,Commodity Options,399661.0,11620.08,420121.0,12231.94,168625.0,5712.6
2026-08-20,Currency Futures,60001.0,574.67,26954.0,258.85,925461.0,8.95
2026-08-20,Currency Options,0.0,0.0,0.0,0.0,0.0,0.0
2026-08-20,Index Futures,8975.0,1438.09,24658.0,3936.45,259710.0,42183.43
2026-08-20,Index Options,8710625.0,1365372.21,8758349.0,1372643.44,3791800.0,600673.38
2026-08-20,Interest Rate Futures,0.0,0.0,0.0,0.0,3830.0,76.17
2026-08-20,Stock Futures,411499.0,26817.41,399725.0,26369.99,6544801.0,440700.98
2026-08-20,Stock Options,412456.0,29191.17,427473.0,30288.49,1232740.0,82956.89
2026-08-21,Commodity Futures,21010.0,869.06,39074.0,1414.8,63107.0,1729.53
2026-08-21,Commodity Options,487046.0,12248.16,478633.0,12281.76,194104.0,7387.05
2026-08-21,Currency Futures,36714.0,352.88,34562.0,330.72,927633.0,8.97
2026-08-21,Currency Options,0.0,0.0,0.0,0.0,0.0,0.0
2026-08-21,Index Futures,44413.0,7230.89,46703.0,7591.14,260932.0,42641.44
2026-08-21,Index Options,15243478.0,2379258.89,15591567.0,2434163.79,3121372.0,500759.16
2026-08-21,Interest Rate Futures,0.0,0.0,0.0,0.0,3830.0,75.96
2026-08-21,Stock Futures,2246403.0,151520.29,2197242.0,148276.83,6595118.0,448372.02
2026-08-21,Stock Options,415312.0,29655.39,416025.0,29469.94,1162789.0,78293.1
2026-08-24,Commodity Futures,23170.0,821.86,11804.0,456.55,57774.0,1634.58
2026-08-24,Commodity Options,373381.0,11646.69,383735.0,11887.26,183986.0,7115.77
2026-08-24,Currency Futures,52101.0,500.96,96549.0,924.88,882885.0,8.55
2026-08-24,Currency Options,0.0,0.0,0.0,0.0,0.0,0.0
2026-08-24,Index Futures,46479.0,7836.71,44253.0,7478.2,262154.0,42874.3
2026-08-24,Index Options,4309188.0,687094.2,4334846.0,690948.34,3377668.0,542391.75
2026-08-24,Interest Rate Futures,0.0,0.0,0.0,0.0,3830.0,75.96
2026-08-24,Stock Futures,2245382.0,153410.81,2229921.0,152552.34,6629223.0,451138.69
2026-08-24,Stock Options,502204.0,35433.99,506311.0,35639.47,1140878.0,76822.09
2026-08-25,Commodity Futures,37142.0,1336.27,35297.0,1250.22,52129.0,1457.4
2026-08-25,Commodity Options,645014.0,18740.65,684781.0,19314.59,99355.0,4383.36
2026-08-25,Currency Futures,61535.0,590.36,33436.0,321.01,910984.0,8.81
2026-08-25,Currency Options,0.0,0.0,0.0,0.0,0.0,0.0
2026-08-25,Index Futures,70339.0,11546.86,79880.0,13113.74,273733.0,44602.86
2026-08-25,Index Options,9453170.0,1508861.2,9320546.0,1486781.6,3905299.0,625922.15
2026-08-25,Interest Rate Futures,1129.0,22.39,1129.0,22.36,3830.0,75.93
2026-08-25,Stock Futures,1550882.0,105380.15,1548825.0,105175.64,6573802.0,447145.48
2026-08-25,Stock Options,626207.0,44830.87,636931.0,45878.46,1059002.0,71181.14
2026-08-26,Commodity Futures,30139.0,1172.54,49081.0,1635.91,51716.0,1544.42
2026-08-26,Commodity Options,281758.0,9142.44,280368.0,9048.34,128602.0,5426.01
2026-08-26,Currency Futures,362235.0,3478.56,384719.0,3681.85,888500.0,8.59
2026-08-26,Currency Options,0.0,0.0,0.0,0.0,0.0,0.0
2026-08-26,Index Futures,45071.0,7393.68,54697.0,8937.93,232116.0,38201.0
2026-08-26,Index Options,19238870.0,3080269.37,19104193.0,3060906.49,2364029.0,376797.25
2026-08-26,Interest Rate Futures,2641.0,53.07,2641.0,52.99,6968.0,139.12
2026-08-26,Stock Futures,499764.0,34978.81,455763.0,31495.49,6269384.0,429273.42
2026-08-26,Stock Options,198339.0,14229.29,213833.0,15174.07,271457.0,17166.22
