date,day_of_week,expiry_type,chart,sensex_open,sensex_high,sensex_low,sensex_close,vix_open,vix_close,vix_predicted_move_pct,actual_range_pct,actual_open_close_pct,intraday_high_pct,intraday_low_pct,range_vs_vix_ratio,diff_pct,vix_accuracy,t1_fii_fut_daily,t1_fii_call_daily,t1_fii_put_daily,t1_fii_stance,t1_fii_direction,t1_pro_fut_daily,t1_pro_call_daily,t1_pro_put_daily,t1_pro_stance,is_nifty_expiry_day
2020-06-26,Friday,monthly,▆↓▁↑█↓▆ 📈,35144.78,35254.88,34910.34,35171.27,29.73,28.74,1.5,0.98,0.08,0.31,-0.67,0.65,-0.52,Overestimated,-12549,-22561,4885,FII Bearish (sold fut >10K),Bearish,-8996,167482,66269,PRO Hedging (bought puts >20K),0
2020-07-03,Friday,weekly,▆↓▁↑█↓▅ 📉,36025.38,36110.21,35872.38,36021.42,26.51,25.77,1.35,0.66,-0.01,0.24,-0.42,0.49,-0.69,Overestimated,11332,15952,-11329,FII Mildly Bullish,Bullish,1703,35679,101352,PRO Hedging (bought puts >20K),0
2020-07-10,Friday,weekly,▄↓▁↑█↓▅ 📈,36555.13,36748.89,36401.11,36594.33,24.91,24.94,1.31,0.95,0.11,0.53,-0.42,0.73,-0.35,Overestimated,16128,-6630,-7251,FII Mildly Bullish,Bullish,-2018,101667,53526,PRO Hedging (bought puts >20K),0
2020-07-17,Friday,weekly,▁↓▁↑█↓▇ 📈,36547.75,37125.98,36512.92,37020.14,25.36,24.16,1.26,1.68,1.29,1.58,-0.1,1.33,0.41,Overestimated,-9298,17004,-6581,FII Neutral,Neutral,-1712,167308,21627,PRO Hedging (bought puts >20K),0
2020-07-24,Friday,weekly,▄↓▁↑█↓▆ 📈,37949.59,38235.73,37748.41,38128.9,24.64,24.54,1.28,1.28,0.47,0.75,-0.53,1.0,-0.0,Overestimated,2266,-9552,-1767,FII Neutral,Neutral,2305,56075,80879,PRO Hedging (bought puts >20K),0
2020-07-31,Friday,monthly,▇↓▁↑█↓▄ 📉,37847.88,37897.78,37431.68,37606.89,24.73,24.19,1.27,1.23,-0.64,0.13,-1.1,0.97,-0.03,Overestimated,26160,-1850,-33189,FII Bullish (bought fut + sold puts),Bullish,-35618,126129,23045,PRO Very Bearish (sold fut >10K + bought puts >20K),0
2020-08-07,Friday,weekly,▅↓▁↑█↓▆ 📈,37951.07,38109.68,37787.38,38040.57,23.15,22.58,1.18,0.85,0.24,0.42,-0.43,0.72,-0.33,Overestimated,3529,16753,-7420,FII Neutral,Bullish,-1754,99600,44973,PRO Hedging (bought puts >20K),0
2020-08-14,Friday,weekly,▇↓▁↑█↓▃ 📉,38432.94,38540.57,37654.92,37877.34,20.57,21.67,1.13,2.3,-1.45,0.28,-2.02,2.03,1.17,Underestimated,7906,5055,-5573,FII Neutral,Bullish,-6182,63245,63228,PRO Hedging (bought puts >20K),0
2020-08-21,Friday,weekly,▄↓▁↑█↓▂ 📉,38471.93,38579.83,38411.37,38434.72,20.62,19.94,1.04,0.44,-0.1,0.28,-0.16,0.42,-0.61,Overestimated,-23866,-3659,13456,FII Bearish (sold fut >10K),Bearish,6554,38050,65320,PRO Hedging (bought puts >20K),0
2020-08-28,Friday,monthly,▂↓▁↑█↓▆ 📈,39264.48,39579.58,39235.03,39467.31,18.9,18.35,0.96,0.88,0.52,0.8,-0.08,0.91,-0.08,Overestimated,29653,-31058,-2966,FII Mildly Bullish,Neutral,-17064,38019,91038,PRO Very Bearish (sold fut >10K + bought puts >20K),0
2020-09-04,Friday,weekly,▂↓▁↑█↓▃ 📈,38325.0,38729.66,38249.77,38357.18,20.5,22.15,1.16,1.25,0.08,1.06,-0.2,1.08,0.09,Overestimated,-9424,6641,2857,FII Neutral,Neutral,3413,98312,46944,PRO Hedging (bought puts >20K),0
2020-09-11,Friday,weekly,▅↓▁↑█↓▅ 📉,38865.17,38978.52,38711.8,38854.55,21.26,20.71,1.08,0.69,-0.03,0.29,-0.39,0.63,-0.4,Overestimated,7490,21366,-7495,FII Neutral,Bullish,-548,154813,11218,PRO Neutral,0
2020-09-18,Friday,weekly,█↓▁↑█↓▄ 📉,39200.42,39200.42,38635.73,38845.82,20.1,20.05,1.05,1.44,-0.9,0.0,-1.44,1.37,0.39,Overestimated,-7887,3367,8483,FII Neutral,Neutral,8287,31917,64892,PRO Hedging (bought puts >20K),0
2020-09-25,Friday,monthly,▃↓▁↑█↓▇ 📈,36991.89,37471.17,36730.52,37388.66,23.51,20.68,1.08,2.0,1.07,1.3,-0.71,1.85,0.92,Underestimated,-10410,2193,-51987,FII Bearish (sold fut >10K),Bullish,-5465,129890,34563,PRO Hedging (bought puts >20K),0
2020-10-02,Friday,weekly,▁→▁↑█↓▇ 📈,38410.2,38738.89,38410.2,38697.05,19.53,18.35,0.96,0.86,0.75,0.86,0.0,0.89,-0.1,Overestimated,23021,8412,1301,FII Mildly Bullish,Bullish,-6010,78917,62302,PRO Hedging (bought puts >20K),0
2020-10-09,Friday,weekly,▃↓▁↑█↓▇ 📈,40226.25,40585.36,40066.54,40509.49,20.38,20.38,1.07,1.29,0.7,0.89,-0.4,1.21,0.22,Overestimated,16059,-15733,-14198,FII Mildly Bullish,Neutral,3902,57936,102014,PRO Hedging (bought puts >20K),0
2020-10-16,Friday,weekly,▅↓▁↑█↓▆ 📈,39936.61,40125.71,39699.42,39982.98,22.06,21.65,1.13,1.07,0.12,0.47,-0.59,0.94,-0.07,Overestimated,-1929,-2513,-7586,FII Neutral,Neutral,11054,43949,70470,PRO Hedging (bought puts >20K),0
2020-10-23,Friday,weekly,▅↓▁↑█↓▄ 📉,40728.39,40811.12,40590.9,40685.5,22.64,21.83,1.14,0.54,-0.11,0.2,-0.34,0.47,-0.6,Overestimated,-4002,-9949,-201,FII Neutral,Neutral,-1787,65810,84465,PRO Hedging (bought puts >20K),0
2020-10-30,Friday,monthly,▆↓▁↑█↓▄ 📉,39779.82,39988.25,39241.87,39614.07,24.02,24.75,1.3,1.88,-0.42,0.52,-1.35,1.45,0.58,Underestimated,-2855,-7534,-10258,FII Neutral,Neutral,-21177,182971,53017,PRO Very Bearish (sold fut >10K + bought puts >20K),0
2020-11-06,Friday,weekly,▂↓▁↑█↓▇ 📈,41438.76,41954.93,41383.29,41893.06,20.97,20.5,1.07,1.38,1.1,1.25,-0.13,1.29,0.31,Overestimated,40865,8175,-9118,FII Mildly Bullish,Bullish,-10890,47096,31746,PRO Very Bearish (sold fut >10K + bought puts >20K),0
2020-11-13,Friday,weekly,▅↓▁↑█↓▇ 📈,43298.92,43522.25,43053.37,43443.0,20.62,19.7,1.03,1.08,0.33,0.52,-0.57,1.05,0.05,Overestimated,-20869,-17992,-17715,FII Bearish (sold fut >10K),Bearish,2655,23620,126485,PRO Hedging (bought puts >20K),0
2020-11-20,Friday,weekly,▄↓▁↑█↓▆ 📈,43732.14,44013.02,43453.75,43882.25,19.57,19.62,1.03,1.28,0.34,0.64,-0.64,1.24,0.25,Overestimated,-8282,-18699,9377,FII Neutral,Bearish,7964,-20201,103752,PRO Hedging (bought puts >20K),0
2020-11-27,Friday,monthly,▇↓▁↑█↓▄ 📉,44325.03,44407.28,43995.41,44149.72,20.02,19.82,1.04,0.93,-0.4,0.19,-0.74,0.9,-0.11,Overestimated,21685,-12107,-45529,FII Bullish (bought fut + sold puts),Bullish,-26695,161995,10474,PRO Bearish (sold fut >10K),0
2020-12-04,Friday,weekly,▁→▁↑█↓▇ 📈,44665.91,45148.28,44665.91,45079.55,19.0,18.03,0.94,1.08,0.93,1.08,0.0,1.14,0.14,Overestimated,666,6145,-25028,FII Confident (sold puts >20K),Bullish,2558,87241,22215,PRO Hedging (bought puts >20K),0
2020-12-11,Friday,weekly,▅↓▁↑█↓▆ 📈,46060.32,46309.63,45706.22,46099.01,18.71,18.79,0.98,1.31,0.08,0.54,-0.77,1.33,0.33,Overestimated,-13730,-3139,10445,FII Bearish (sold fut >10K),Bearish,5997,-16477,112082,PRO Hedging (bought puts >20K),0
2020-12-18,Friday,weekly,█↓▁↑█↓▇ 📉,47026.02,47026.02,46630.31,46960.69,19.16,18.62,0.97,0.84,-0.14,0.0,-0.84,0.86,-0.13,Overestimated,-4514,-9701,-20564,FII Confident (sold puts >20K),Neutral,5247,79693,57543,PRO Hedging (bought puts >20K),0
2020-12-25,Friday,monthly,▄↓▁↑█↓▇ 📈,46743.49,47053.4,46539.02,46973.54,20.5,19.97,1.05,1.1,0.49,0.66,-0.44,1.05,0.05,Overestimated,10741,-10558,-10079,FII Mildly Bullish,Neutral,2492,61066,75674,PRO Hedging (bought puts >20K),0
2021-01-01,Friday,weekly,▅↓▁↑█↓▅ 📉,47753.11,47896.97,47602.12,47751.33,21.11,21.1,1.1,0.62,-0.0,0.3,-0.32,0.56,-0.49,Overestimated,14247,-49544,-69390,FII Bullish (bought fut + sold puts),Bullish,-23696,93147,93497,PRO Very Bearish (sold fut >10K + bought puts >20K),0
2021-01-08,Friday,weekly,▂↓▁↑█↓▇ 📈,48464.91,48854.34,48365.58,48782.51,20.62,20.64,1.08,1.01,0.66,0.8,-0.2,0.93,-0.07,Overestimated,3133,-10268,-25158,FII Confident (sold puts >20K),Bullish,-2246,83511,42684,PRO Hedging (bought puts >20K),0
2021-01-15,Friday,weekly,█↓▁↑█↓▃ 📉,49656.71,49656.71,48795.79,49034.67,23.03,24.01,1.26,1.73,-1.25,0.0,-1.73,1.38,0.48,Overestimated,961,-19603,-30060,FII Confident (sold puts >20K),Neutral,-2213,68810,46816,PRO Hedging (bought puts >20K),0
2021-01-22,Friday,weekly,▇↓▁↑█↓▃ 📉,50096.57,50184.01,49398.86,49624.76,21.55,22.18,1.16,1.57,-0.94,0.17,-1.39,1.35,0.41,Overestimated,11169,7293,-28898,FII Bullish (bought fut + sold puts),Bullish,9151,18521,61270,PRO Hedging (bought puts >20K),0
2021-01-29,Friday,monthly,█↓▁↑█↓▂ 📉,47423.47,47423.66,46160.46,46285.77,24.29,25.34,1.33,2.66,-2.4,0.0,-2.66,2.01,1.34,Underestimated,-2271,1116,-38477,FII Confident (sold puts >20K),Bullish,-9988,218217,18157,PRO Neutral,0
2021-02-05,Friday,weekly,▇↓▁↑█↓▃ 📉,51031.39,51073.27,50565.29,50731.63,23.12,23.42,1.23,1.0,-0.59,0.08,-0.91,0.81,-0.23,Overestimated,-14236,3481,8775,FII Bearish (sold fut >10K),Bearish,12734,33490,132785,PRO Hedging (bought puts >20K),0
2021-02-12,Friday,weekly,▆↓▁↑█↓▅ 📉,51614.77,51804.58,51260.62,51544.3,23.05,22.04,1.15,1.05,-0.14,0.37,-0.69,0.91,-0.1,Overestimated,499,-1769,-1616,FII Neutral,Neutral,-342,90104,37016,PRO Hedging (bought puts >20K),0
2021-02-19,Friday,weekly,▆↓▁↑█↓▃ 📉,51238.02,51432.99,50624.33,50889.76,21.54,22.25,1.16,1.58,-0.68,0.38,-1.2,1.35,0.41,Overestimated,-1022,3790,-12779,FII Neutral,Bullish,2625,71132,33403,PRO Hedging (bought puts >20K),0
2021-02-26,Friday,monthly,▇↓▁↑█↓▂ 📉,50256.71,50400.31,48890.48,49099.99,22.89,28.14,1.47,3.0,-2.3,0.29,-2.72,2.04,1.53,Underestimated,23348,-71312,-19105,FII Mildly Bullish,Bearish,-1369,38649,102670,PRO Hedging (bought puts >20K),0
2021-03-05,Friday,weekly,▄↓▁↑█↓▃ 📉,50517.36,50886.19,50160.54,50405.32,24.15,25.56,1.34,1.44,-0.22,0.73,-0.71,1.07,0.1,Overestimated,-20495,-14589,15350,FII Bearish (sold fut >10K),Bearish,-5832,2162,96991,PRO Hedging (bought puts >20K),0
2021-03-12,Friday,weekly,▇↓▁↑█↓▂ 📉,51660.98,51821.84,50538.43,50792.08,20.75,21.71,1.14,2.48,-1.68,0.31,-2.17,2.19,1.35,Underestimated,0,0,0,FII Neutral,Neutral,0,0,0,PRO Neutral,0
2021-03-19,Friday,weekly,▂↓▁↑█↓▇ 📈,48881.19,50003.58,48586.93,49858.24,20.08,19.99,1.05,2.9,2.0,2.3,-0.6,2.77,1.85,Underestimated,2733,-7237,-20797,FII Confident (sold puts >20K),Bullish,3222,137117,-222,PRO Neutral,0
2021-03-26,Friday,monthly,▅↓▁↑█↓▅ 📈,48969.25,49234.66,48699.91,49008.5,22.7,20.65,1.08,1.09,0.08,0.54,-0.55,1.01,0.01,Overestimated,4677,-28651,-75939,FII Confident (sold puts >20K),Bullish,13256,136509,60839,PRO Hedging (bought puts >20K),0
2021-04-02,Friday,weekly,▅↓▁↑█↓▇ 📈,49868.53,50092.48,49478.53,50029.83,20.65,19.99,1.05,1.23,0.32,0.45,-0.78,1.18,0.18,Overestimated,4537,10620,-22867,FII Confident (sold puts >20K),Bullish,-7150,91717,15040,PRO Neutral,0
2021-04-09,Friday,weekly,▅↓▁↑█↓▃ 📉,49743.39,49906.91,49461.01,49591.32,20.31,19.79,1.04,0.9,-0.31,0.33,-0.57,0.87,-0.14,Overestimated,2399,-17089,9282,FII Neutral,Bearish,2430,40987,79496,PRO Hedging (bought puts >20K),0
2021-04-16,Friday,weekly,▅↓▁↑█↓▃ 📉,48935.74,49089.55,48694.49,48832.03,20.89,20.4,1.07,0.81,-0.21,0.31,-0.49,0.76,-0.26,Overestimated,13161,-10725,9313,FII Mildly Bullish,Neutral,-5273,56880,35423,PRO Hedging (bought puts >20K),0
2021-04-23,Friday,weekly,▃↓▁↑█↓▃ 📈,47863.81,48265.39,47669.55,47878.45,23.03,22.69,1.19,1.24,0.03,0.84,-0.41,1.05,0.06,Overestimated,4481,32635,-13253,FII Neutral,Bullish,-17899,116966,-29313,PRO Bearish (sold fut >10K),0
2021-04-30,Friday,monthly,▆↓▁↑█↓▂ 📉,49360.89,49569.42,48698.08,48782.36,23.31,23.03,1.21,1.77,-1.17,0.42,-1.34,1.46,0.56,Underestimated,5618,-64292,-20895,FII Confident (sold puts >20K),Bearish,7197,27378,177098,PRO Hedging (bought puts >20K),0
2021-05-07,Friday,weekly,▆↓▁↑█↓▇ 📈,48877.78,49011.31,48614.11,48949.76,21.96,22.04,1.15,0.81,0.15,0.27,-0.54,0.7,-0.34,Overestimated,-2538,13906,2497,FII Neutral,Neutral,4458,94187,43719,PRO Hedging (bought puts >20K),0
2021-05-14,Friday,weekly,█↓▁↑█↓▅ 📉,48898.93,48898.93,48473.43,48732.55,20.08,20.27,1.06,0.87,-0.34,0.0,-0.87,0.82,-0.19,Overestimated,0,0,0,FII Neutral,Neutral,0,0,0,PRO Neutral,0
2021-05-21,Friday,weekly,▁↓▁↑█↓█ 📈,49833.98,50591.12,49832.72,50540.48,19.65,19.08,1.0,1.52,1.42,1.52,-0.0,1.52,0.52,Underestimated,-9072,-39790,37293,FII Hedging (bought puts >20K),Bearish,3150,52197,56510,PRO Hedging (bought puts >20K),0
2021-05-28,Friday,monthly,▄↓▁↑█↓▅ 📈,51381.27,51529.32,51258.69,51422.88,19.91,17.4,0.91,0.53,0.08,0.29,-0.24,0.58,-0.38,Overestimated,40146,-55814,-81314,FII Bullish (bought fut + sold puts),Bullish,-7931,104152,88837,PRO Hedging (bought puts >20K),0
2021-06-04,Friday,weekly,█↓▁↑█↓▃ 📉,52367.52,52389.02,51952.7,52100.05,15.75,15.94,0.83,0.83,-0.51,0.04,-0.79,1.0,-0.0,Overestimated,4608,-6044,-17190,FII Neutral,Bullish,6443,41629,16327,PRO Neutral,0
2021-06-11,Friday,weekly,▃↓▁↑█↓▃ 📉,52477.19,52641.53,52388.95,52474.76,15.0,14.1,0.74,0.48,-0.0,0.31,-0.17,0.65,-0.26,Overestimated,-8365,34456,-1945,FII Neutral,Bullish,-8208,122555,-59711,PRO Confident (sold puts >20K),0
2021-06-18,Friday,weekly,█↓▁↑█↓▆ 📉,52568.07,52586.41,51601.11,52344.45,15.29,14.8,0.77,1.87,-0.43,0.03,-1.84,2.42,1.1,Underestimated,-2384,10737,1659,FII Neutral,Neutral,4428,39544,-17232,PRO Neutral,0
2021-06-25,Friday,monthly,▆↓▁↑█↓▇ 📈,52877.16,52973.07,52614.49,52925.04,15.1,13.37,0.7,0.68,0.09,0.18,-0.5,0.97,-0.02,Overestimated,32706,-65787,-154383,FII Bullish (bought fut + sold puts),Bullish,702,180398,40869,PRO Hedging (bought puts >20K),0
2021-07-02,Friday,weekly,▆↓▁↑█↓▇ 📈,52434.55,52527.9,52177.68,52484.67,12.84,12.09,0.63,0.67,0.1,0.18,-0.49,1.06,0.03,Overestimated,-3693,-3739,1388,FII Neutral,Neutral,-8203,51355,-45601,PRO Confident (sold puts >20K),0
2021-07-09,Friday,weekly,▇↓▁↑█↓▄ 📉,52508.24,52555.73,52228.01,52386.19,13.56,12.94,0.68,0.62,-0.23,0.09,-0.53,0.92,-0.05,Overestimated,-36053,-14613,53014,FII Very Bearish (sold fut >10K + bought puts >20K),Bearish,10882,-94127,64161,PRO Hedging (bought puts >20K),0
2021-07-16,Friday,weekly,▇↓▁↑█↓▄ 📉,53244.4,53290.81,52997.09,53140.06,12.27,11.71,0.61,0.55,-0.2,0.09,-0.46,0.9,-0.06,Overestimated,8848,9613,4097,FII Neutral,Neutral,-205,-13181,9459,PRO Neutral,0
2021-07-23,Friday,weekly,▆↓▁↑█↓▆ 📈,52967.87,53114.7,52653.77,52975.8,11.89,11.76,0.62,0.87,0.01,0.28,-0.59,1.41,0.25,Overestimated,14585,18566,-53904,FII Bullish (bought fut + sold puts),Bullish,-16985,118348,-69321,PRO Bearish (sold fut >10K),0
2021-07-30,Friday,monthly,▆↓▁↑█↓▂ 📉,52792.36,52910.23,52533.91,52586.84,12.95,12.8,0.67,0.71,-0.39,0.22,-0.49,1.06,0.04,Overestimated,42343,20902,-33853,FII Bullish (bought fut + sold puts),Bullish,-27768,127871,-13592,PRO Bearish (sold fut >10K),0
2021-08-06,Friday,weekly,▆↓▁↑█↓▂ 📉,54492.17,54633.58,54210.33,54277.72,12.87,12.61,0.66,0.78,-0.39,0.26,-0.52,1.18,0.12,Overestimated,-4142,-2052,-7493,FII Neutral,Neutral,2582,-1084,103613,PRO Hedging (bought puts >20K),0
2021-08-13,Friday,weekly,▁↓▁↑█↓▇ 📈,54911.95,55487.79,54905.49,55437.29,12.37,12.99,0.68,1.06,0.96,1.05,-0.01,1.56,0.38,Overestimated,10433,31436,-6233,FII Mildly Bullish,Bullish,-8736,88764,-62221,PRO Confident (sold puts >20K),0
2021-08-20,Friday,weekly,▃↓▁↑█↓▅ 📈,55159.13,55543.16,55013.98,55329.32,12.91,14.02,0.73,0.96,0.31,0.7,-0.26,1.31,0.23,Overestimated,0,0,0,FII Neutral,Neutral,0,0,0,PRO Neutral,0
2021-08-27,Friday,monthly,▄↓▁↑█↓▇ 📈,55862.93,56188.23,55675.87,56124.72,13.54,13.41,0.7,0.92,0.47,0.58,-0.33,1.31,0.22,Overestimated,-13190,25396,-47485,FII Bearish (sold fut >10K),Bullish,-1744,87205,86670,PRO Hedging (bought puts >20K),0
2021-09-03,Friday,weekly,▅↓▁↑█↓▇ 📈,57983.45,58194.79,57764.07,58129.95,14.24,14.54,0.76,0.74,0.25,0.36,-0.38,0.98,-0.02,Overestimated,13762,-1831,-19834,FII Mildly Bullish,Bullish,-9247,91737,11192,PRO Neutral,0
2021-09-10,Friday,weekly,▃↓▁↑█↓▇ 📈,58172.98,58334.59,58084.99,58305.07,14.41,13.94,0.73,0.43,0.23,0.28,-0.15,0.59,-0.3,Overestimated,-17087,48928,56940,FII Very Bearish (sold fut >10K + bought puts >20K),Bearish,8695,20841,48145,PRO Hedging (bought puts >20K),0
2021-09-17,Friday,weekly,▅↓▁↑█↓▂ 📉,59409.98,59737.32,58871.73,59015.89,14.41,15.23,0.8,1.46,-0.66,0.55,-0.91,1.83,0.66,Underestimated,2142,-10583,6166,FII Neutral,Neutral,9042,3064,54088,PRO Hedging (bought puts >20K),0
2021-09-24,Friday,monthly,▅↓▁↑█↓▃ 📉,60158.76,60333.0,59946.55,60048.47,16.6,16.92,0.89,0.64,-0.18,0.29,-0.35,0.73,-0.24,Overestimated,8050,5087,-62167,FII Confident (sold puts >20K),Bullish,-6401,174693,-22550,PRO Confident (sold puts >20K),0
2021-10-01,Friday,weekly,█↓▁↑█↓▅ 📉,58889.77,58890.08,58551.14,58765.58,18.4,17.21,0.9,0.58,-0.21,0.0,-0.58,0.64,-0.33,Overestimated,25910,-102744,-107372,FII Bullish (bought fut + sold puts),Bullish,-20893,169481,90599,PRO Very Bearish (sold fut >10K + bought puts >20K),0
2021-10-08,Friday,weekly,▃↓▁↑█↓▅ 📈,59960.39,60212.3,59830.93,60059.06,16.16,15.65,0.82,0.64,0.16,0.42,-0.22,0.78,-0.18,Overestimated,13388,-4881,-47746,FII Bullish (bought fut + sold puts),Bullish,-7423,185679,-43344,PRO Confident (sold puts >20K),0
2021-10-15,Friday,weekly,▃↓▁↑█↓▇ 📈,61088.82,61353.25,60978.04,61305.95,16.1,15.77,0.83,0.61,0.36,0.43,-0.18,0.74,-0.21,Overestimated,14274,-3171,-136,FII Mildly Bullish,Neutral,636,14490,68525,PRO Hedging (bought puts >20K),0
2021-10-22,Friday,weekly,▅↓▁↑█↓▃ 📉,61044.54,61420.13,60551.15,60821.62,18.04,17.55,0.92,1.42,-0.37,0.62,-0.81,1.55,0.5,Underestimated,-17071,16695,31427,FII Very Bearish (sold fut >10K + bought puts >20K),Bearish,8646,106086,21337,PRO Hedging (bought puts >20K),0
2021-10-29,Friday,monthly,▆↓▁↑█↓▂ 📉,59857.33,60132.81,59089.37,59306.93,17.91,17.43,0.91,1.74,-0.92,0.46,-1.28,1.91,0.83,Underestimated,11319,-57051,-72871,FII Bullish (bought fut + sold puts),Bullish,-4716,133762,68335,PRO Hedging (bought puts >20K),0
2021-11-05,Friday,weekly,█↓▁↑█↓▃ 📉,60207.97,60207.97,60011.46,60067.62,16.13,15.75,0.82,0.33,-0.23,0.0,-0.33,0.4,-0.5,Overestimated,82,-4882,-12776,FII Neutral,Neutral,2696,25048,10614,PRO Neutral,0
2021-11-12,Friday,weekly,▃↓▁↑█↓▇ 📈,60248.04,60750.72,59997.96,60686.69,16.35,15.22,0.8,1.25,0.73,0.83,-0.42,1.57,0.45,Overestimated,2262,-5417,-3558,FII Neutral,Neutral,-2014,80456,-34552,PRO Confident (sold puts >20K),0
2021-11-19,Friday,weekly,▆↓▁↑█↓▃ 📉,59968.75,60177.52,59376.5,59636.01,14.98,14.86,0.78,1.34,-0.55,0.35,-0.99,1.72,0.56,Underestimated,-2033,24058,33265,FII Hedging (bought puts >20K),Neutral,-2788,141538,-47082,PRO Confident (sold puts >20K),0
2021-11-26,Friday,monthly,█↓▁↑█↓▂ 📉,58254.79,58254.79,56993.89,57107.15,16.66,20.8,1.09,2.16,-1.97,0.0,-2.16,1.99,1.08,Underestimated,50867,-13503,-38106,FII Bullish (bought fut + sold puts),Bullish,-17413,195843,52023,PRO Very Bearish (sold fut >10K + bought puts >20K),0
2021-12-03,Friday,weekly,▇↓▁↑█↓▁ 📉,58555.58,58757.09,57640.57,57696.46,18.09,18.45,0.97,1.91,-1.47,0.34,-1.56,1.97,0.94,Underestimated,1855,22187,14650,FII Neutral,Neutral,2592,54166,3724,PRO Neutral,0
2021-12-10,Friday,weekly,▅↓▁↑█↓▇ 📈,58696.71,58859.91,58414.76,58786.67,16.6,16.06,0.84,0.76,0.15,0.28,-0.48,0.9,-0.08,Overestimated,-8058,13146,33413,FII Hedging (bought puts >20K),Bearish,-687,-60285,90195,PRO Hedging (bought puts >20K),0
2021-12-17,Friday,weekly,█↓▁↑█↓▁ 📉,58021.63,58062.28,56950.98,57011.74,15.9,16.34,0.86,1.92,-1.74,0.07,-1.85,2.24,1.06,Underestimated,9462,8273,-23665,FII Confident (sold puts >20K),Bullish,1747,95171,-49181,PRO Confident (sold puts >20K),0
2021-12-24,Friday,weekly,█↓▁↑█↓▄ 📉,57567.11,57623.69,56813.42,57124.31,15.83,16.15,0.85,1.41,-0.77,0.1,-1.31,1.66,0.56,Underestimated,11482,50474,46046,FII Hedging (bought puts >20K),Bullish,-10278,11591,38011,PRO Very Bearish (sold fut >10K + bought puts >20K),0
2021-12-31,Friday,monthly,▁↓▁↑█↓▆ 📈,57849.76,58409.3,57846.52,58253.82,16.57,16.22,0.85,0.97,0.7,0.97,-0.01,1.15,0.12,Overestimated,5161,-107387,-210630,FII Confident (sold puts >20K),Bullish,10598,208371,129613,PRO Hedging (bought puts >20K),0
2022-01-07,Friday,weekly,▅↓▁↑█↓▄ 📉,59776.1,60130.18,59401.44,59744.65,17.98,17.6,0.92,1.22,-0.05,0.59,-0.63,1.32,0.3,Overestimated,-33631,9274,62311,FII Very Bearish (sold fut >10K + bought puts >20K),Bearish,-5565,105064,275288,PRO Hedging (bought puts >20K),0
2022-01-14,Friday,weekly,▄↓▁↑█↓▇ 📈,61040.32,61324.59,60757.03,61223.03,16.7,16.56,0.87,0.93,0.3,0.47,-0.46,1.07,0.06,Overestimated,16122,19306,18292,FII Mildly Bullish,Bullish,1676,77558,140449,PRO Hedging (bought puts >20K),0
2022-01-21,Friday,weekly,▅↓▁↑█↓▅ 📉,59039.37,59329.63,58620.93,59037.18,17.79,18.89,0.99,1.2,-0.0,0.49,-0.71,1.21,0.21,Overestimated,-23278,-38775,-10876,FII Bearish (sold fut >10K),Bearish,851,201664,30242,PRO Hedging (bought puts >20K),0
2022-01-28,Friday,monthly,▆↓▁↑█↓▂ 📉,57795.11,58084.33,57119.28,57200.23,21.07,20.7,1.08,1.67,-1.03,0.5,-1.17,1.54,0.59,Underestimated,-22728,-54827,-31377,FII Bearish (sold fut >10K),Bearish,18859,100799,116912,PRO Hedging (bought puts >20K),0
2022-02-04,Friday,weekly,█↓▁↑█↓▄ 📉,58918.65,58943.62,58446.95,58644.82,19.16,18.9,0.99,0.84,-0.46,0.04,-0.8,0.85,-0.15,Overestimated,-12924,-8237,27272,FII Very Bearish (sold fut >10K + bought puts >20K),Bearish,-12448,78968,212251,PRO Very Bearish (sold fut >10K + bought puts >20K),0
2022-02-11,Friday,weekly,█↓▁↑█↓▄ 📉,58447.15,58447.15,57914.1,58152.92,17.71,18.68,0.98,0.91,-0.5,0.0,-0.91,0.93,-0.07,Overestimated,25156,-3992,-42213,FII Bullish (bought fut + sold puts),Bullish,-1243,103809,80962,PRO Hedging (bought puts >20K),0
2022-02-18,Friday,weekly,▁→▁↑█↓▅ 📈,57488.39,58175.35,57488.39,57832.97,22.01,22.17,1.16,1.19,0.6,1.19,0.0,1.03,0.03,Overestimated,10724,-31500,-7095,FII Mildly Bullish,Neutral,-10253,191240,88194,PRO Very Bearish (sold fut >10K + bought puts >20K),0
2022-02-25,Friday,monthly,▁↓▁↑█↓▅ 📈,55321.72,56183.7,55299.28,55858.52,31.98,26.74,1.4,1.6,0.97,1.56,-0.04,1.14,0.2,Overestimated,-27670,-30246,-44401,FII Bearish (sold fut >10K),Neutral,4564,85587,12591,PRO Neutral,0
2022-03-04,Friday,weekly,▆↓▁↑█↓▄ 📉,54653.59,55013.27,53887.72,54333.81,28.16,27.96,1.46,2.06,-0.59,0.66,-1.4,1.41,0.6,Underestimated,-8488,30237,30273,FII Hedging (bought puts >20K),Neutral,2665,196287,84479,PRO Hedging (bought puts >20K),0
2022-03-11,Friday,weekly,▃↓▁↑█↓▅ 📈,55218.78,55833.95,55049.95,55550.3,25.58,25.35,1.33,1.42,0.6,1.11,-0.31,1.07,0.09,Overestimated,18612,-47994,-42721,FII Bullish (bought fut + sold puts),Neutral,-15210,95194,74258,PRO Very Bearish (sold fut >10K + bought puts >20K),0
2022-03-18,Friday,weekly,▂↓▁↑█↓▅ 📈,57620.28,58095.84,57518.06,57863.93,24.12,22.61,1.18,1.0,0.42,0.83,-0.18,0.85,-0.18,Overestimated,49737,15854,-18714,FII Mildly Bullish,Bullish,-4387,27560,64932,PRO Hedging (bought puts >20K),0
2022-03-25,Friday,monthly,█↓▁↑█↓▃ 📉,57801.72,57845.37,57100.24,57362.2,23.93,23.43,1.23,1.29,-0.76,0.08,-1.21,1.05,0.06,Overestimated,-9607,7939,2360,FII Neutral,Neutral,-5110,210852,57461,PRO Hedging (bought puts >20K),0
2022-04-01,Friday,weekly,▂↓▁↑█↓▇ 📈,58530.73,59396.62,58450.04,59276.69,20.56,18.43,0.96,1.62,1.27,1.48,-0.14,1.68,0.65,Underestimated,17746,-167971,-172102,FII Bullish (bought fut + sold puts),Bullish,-11189,107115,142361,PRO Very Bearish (sold fut >10K + bought puts >20K),0
2022-04-08,Friday,weekly,▄↓▁↑█↓▆ 📈,59256.97,59654.44,58876.36,59447.18,19.0,17.69,0.93,1.31,0.32,0.67,-0.64,1.42,0.39,Overestimated,-22322,-9588,37513,FII Very Bearish (sold fut >10K + bought puts >20K),Bearish,2381,177394,113753,PRO Hedging (bought puts >20K),0
2022-04-15,Friday,weekly,▇↓▁↑█↓▁ 📉,58910.74,59003.82,58291.23,58338.93,18.16,17.79,0.93,1.21,-0.97,0.16,-1.05,1.3,0.28,Overestimated,0,0,0,FII Neutral,Neutral,0,0,0,PRO Neutral,0
2022-04-22,Friday,weekly,▆↓▁↑█↓▂ 📉,57531.95,57689.86,57134.72,57197.15,17.85,18.35,0.96,0.96,-0.58,0.27,-0.69,1.0,0.0,Overestimated,767,26967,11572,FII Neutral,Bullish,-19002,237776,10320,PRO Bearish (sold fut >10K),0
2022-04-29,Friday,monthly,▇↓▁↑█↓▂ 📉,57817.51,57975.48,56902.3,57060.87,19.38,19.42,1.02,1.86,-1.31,0.27,-1.58,1.83,0.84,Underestimated,28286,-115936,-192842,FII Bullish (bought fut + sold puts),Bullish,1827,320475,70120,PRO Hedging (bought puts >20K),0
2022-05-06,Friday,weekly,▆↓▁↑█↓▅ 📉,54928.29,55070.12,54586.75,54835.58,20.29,21.25,1.11,0.88,-0.17,0.26,-0.62,0.79,-0.23,Overestimated,12197,-1875,-61086,FII Bullish (bought fut + sold puts),Bullish,-6201,332904,66448,PRO Hedging (bought puts >20K),0
2022-05-13,Friday,weekly,▇↓▁↑█↓▂ 📉,53565.74,53785.71,52654.89,52793.62,24.27,23.49,1.23,2.11,-1.44,0.41,-1.7,1.72,0.88,Underestimated,-16423,-56427,-4506,FII Bearish (sold fut >10K),Bearish,-4182,146497,114490,PRO Hedging (bought puts >20K),0
2022-05-20,Friday,weekly,▂↓▁↑█↓█ 📈,53513.97,54396.43,53403.29,54326.39,24.56,23.1,1.21,1.86,1.52,1.65,-0.21,1.53,0.65,Underestimated,-11718,1936,13777,FII Bearish (sold fut >10K),Bearish,2211,148236,152531,PRO Hedging (bought puts >20K),0
2022-05-27,Friday,monthly,▄↓▁↑█↓▇ 📈,54671.5,54936.63,54449.34,54884.66,22.72,21.48,1.12,0.89,0.39,0.48,-0.41,0.79,-0.23,Overestimated,17497,-89969,-146245,FII Bullish (bought fut + sold puts),Bullish,11896,319068,92820,PRO Hedging (bought puts >20K),0
2022-06-03,Friday,weekly,▆↓▁↑█↓▁ 📉,56245.6,56432.65,55719.36,55769.23,20.32,19.98,1.05,1.27,-0.85,0.33,-0.94,1.21,0.22,Overestimated,-15912,-6932,-29899,FII Bearish (sold fut >10K),Neutral,-343,239966,146616,PRO Hedging (bought puts >20K),0
2022-06-10,Friday,weekly,█↓▁↑█↓▂ 📉,54760.25,54780.78,54205.99,54303.44,19.14,19.58,1.03,1.05,-0.83,0.04,-1.01,1.02,0.02,Overestimated,-10606,53426,-5683,FII Bearish (sold fut >10K),Bullish,-4296,374257,55437,PRO Hedging (bought puts >20K),0
2022-06-17,Friday,weekly,▃↓▁↑█↓▅ 📈,51181.99,51652.83,50921.22,51360.42,22.87,22.76,1.19,1.43,0.35,0.92,-0.51,1.2,0.24,Overestimated,-19588,18074,-7602,FII Bearish (sold fut >10K),Neutral,-2113,206966,101730,PRO Hedging (bought puts >20K),0
2022-06-24,Friday,monthly,▄↓▁↑█↓▅ 📈,52654.24,52909.87,52447.25,52727.98,20.88,20.55,1.08,0.88,0.14,0.49,-0.39,0.82,-0.2,Overestimated,10551,-3550,-10422,FII Mildly Bullish,Bullish,-73,282412,115557,PRO Hedging (bought puts >20K),0
2022-07-01,Friday,weekly,▇↓▁↑█↓▇ 📈,52863.34,53053.04,52094.25,52907.93,21.84,21.25,1.11,1.81,0.08,0.36,-1.45,1.63,0.7,Underestimated,27607,-89217,-118617,FII Bullish (bought fut + sold puts),Bullish,-12957,318235,172743,PRO Very Bearish (sold fut >10K + bought puts >20K),0
2022-07-08,Friday,weekly,▇↓▁↑█↓▅ 📉,54574.43,54627.14,54278.77,54481.84,19.2,18.4,0.96,0.64,-0.17,0.1,-0.54,0.66,-0.33,Overestimated,15856,-15129,4500,FII Mildly Bullish,Neutral,6867,93117,291960,PRO Hedging (bought puts >20K),0
2022-07-15,Friday,weekly,▅↓▁↑█↓▇ 📈,53637.88,53811.37,53361.62,53760.78,18.34,17.6,0.92,0.84,0.23,0.32,-0.52,0.91,-0.08,Overestimated,-7168,62549,-16367,FII Neutral,Bullish,-11465,284390,57961,PRO Very Bearish (sold fut >10K + bought puts >20K),0
2022-07-22,Friday,weekly,▃↓▁↑█↓▆ 📈,55800.84,56186.05,55685.45,56072.23,16.86,16.65,0.87,0.9,0.49,0.69,-0.21,1.03,0.03,Overestimated,28651,18944,-29137,FII Bullish (bought fut + sold puts),Bullish,-9669,190313,242886,PRO Hedging (bought puts >20K),0
2022-07-29,Friday,monthly,▃↓▁↑█↓▇ 📈,57258.13,57619.27,57104.81,57570.25,17.01,16.55,0.87,0.9,0.55,0.63,-0.27,1.04,0.03,Overestimated,31973,-39661,-99692,FII Bullish (bought fut + sold puts),Bullish,9455,65789,182462,PRO Hedging (bought puts >20K),0
2022-08-05,Friday,weekly,▄↓▁↑█↓▃ 📉,58421.04,58649.19,58244.86,58387.93,19.26,18.92,0.99,0.69,-0.06,0.39,-0.3,0.7,-0.3,Overestimated,-9277,-24065,-16204,FII Mildly Bearish,Bearish,934,94084,356216,PRO Hedging (bought puts >20K),0
2022-08-12,Friday,weekly,▃↓▁↑█↓▇ 📈,59235.98,59538.08,59113.01,59462.78,18.36,17.61,0.92,0.72,0.38,0.51,-0.21,0.78,-0.2,Overestimated,9641,9948,-48411,FII Confident (sold puts >20K),Bullish,-4345,135619,148339,PRO Hedging (bought puts >20K),0
2022-08-19,Friday,weekly,█↓▁↑█↓▂ 📉,60351.23,60411.2,59474.57,59646.15,17.35,18.29,0.96,1.55,-1.17,0.1,-1.45,1.62,0.59,Underestimated,-18204,-31177,-3504,FII Bearish (sold fut >10K),Bearish,9524,70317,223127,PRO Hedging (bought puts >20K),0
2022-08-26,Friday,monthly,▅↓▁↑█↓▂ 📉,59050.67,59321.65,58722.69,58833.87,19.57,18.22,0.95,1.01,-0.37,0.46,-0.56,1.06,0.06,Overestimated,-14285,-17853,-85943,FII Bearish (sold fut >10K),Bullish,3425,223076,254806,PRO Hedging (bought puts >20K),0
2022-09-02,Friday,weekly,▆↓▁↑█↓▄ 📉,58969.02,59108.66,58558.64,58803.33,19.87,19.55,1.02,0.93,-0.28,0.24,-0.7,0.91,-0.09,Overestimated,-47015,-53259,-16809,FII Bearish (sold fut >10K),Bearish,8193,23489,366634,PRO Hedging (bought puts >20K),0
2022-09-09,Friday,weekly,▇↓▁↑█↓▃ 📉,60045.75,60119.8,59634.39,59793.14,18.31,17.72,0.93,0.81,-0.42,0.12,-0.69,0.87,-0.12,Overestimated,9156,-29603,-105884,FII Confident (sold puts >20K),Bullish,-3175,325804,122635,PRO Hedging (bought puts >20K),0
2022-09-16,Friday,weekly,▇↓▁↑█↓▂ 📉,59585.72,59720.56,58687.17,58840.79,18.39,19.82,1.04,1.73,-1.25,0.23,-1.51,1.67,0.7,Underestimated,-10418,-42629,-18918,FII Bearish (sold fut >10K),Bearish,1376,79932,285668,PRO Hedging (bought puts >20K),0
2022-09-23,Friday,weekly,▇↓▁↑█↓▂ 📉,59005.18,59143.32,57981.95,58098.92,18.82,20.59,1.08,1.97,-1.54,0.23,-1.73,1.83,0.89,Underestimated,-26571,-32868,-12920,FII Bearish (sold fut >10K),Bearish,-4063,66520,62475,PRO Hedging (bought puts >20K),0
2022-09-30,Friday,monthly,▁↓▁↑█↓▇ 📈,56240.15,57722.63,56147.23,57426.92,21.3,19.97,1.05,2.8,2.11,2.64,-0.17,2.68,1.76,Underestimated,-22480,-155387,-191164,FII Bearish (sold fut >10K),Neutral,4942,375481,87785,PRO Hedging (bought puts >20K),0
2022-10-07,Friday,weekly,▅↓▁↑█↓▇ 📈,58092.56,58269.34,57851.15,58191.29,19.32,18.81,0.98,0.72,0.17,0.3,-0.42,0.73,-0.26,Overestimated,-2028,-74062,-30000,FII Confident (sold puts >20K),Bearish,15425,-29523,211516,PRO Hedging (bought puts >20K),0
2022-10-14,Friday,weekly,▅↓▁↑█↓▂ 📉,58162.74,58435.12,57848.23,57919.97,20.29,18.26,0.96,1.01,-0.42,0.47,-0.54,1.06,0.05,Overestimated,-6442,-16246,10488,FII Neutral,Bearish,-2964,43374,147382,PRO Hedging (bought puts >20K),0
2022-10-21,Friday,weekly,▅↓▁↑█↓▄ 📉,59381.36,59590.93,59132.94,59307.15,17.23,17.28,0.9,0.77,-0.12,0.35,-0.42,0.85,-0.13,Overestimated,-19137,-15765,16175,FII Bearish (sold fut >10K),Bearish,1254,79425,217162,PRO Hedging (bought puts >20K),0
2022-10-28,Friday,monthly,▁↓▁↑█↓▅ 📈,59746.8,60133.17,59739.05,59959.85,16.6,15.92,0.83,0.66,0.36,0.65,-0.01,0.79,-0.17,Overestimated,80883,-62051,-166495,FII Bullish (bought fut + sold puts),Bullish,-33698,126603,63357,PRO Very Bearish (sold fut >10K + bought puts >20K),0
2022-11-04,Friday,weekly,▂↓▁↑█↓▇ 📈,60698.27,61004.49,60666.01,60950.36,15.94,15.66,0.82,0.56,0.42,0.5,-0.05,0.68,-0.26,Overestimated,-11358,-48991,-65726,FII Bearish (sold fut >10K),Neutral,4666,77652,34422,PRO Hedging (bought puts >20K),0
2022-11-11,Friday,weekly,▁→▁↑█↓▇ 📈,61311.02,61840.97,61311.02,61795.04,15.57,14.41,0.75,0.86,0.79,0.86,0.0,1.15,0.11,Overestimated,-15486,-16277,-66717,FII Bearish (sold fut >10K),Bullish,2783,91974,101694,PRO Hedging (bought puts >20K),0
2022-11-18,Friday,weekly,▇↓▁↑█↓▅ 📉,61858.2,61929.88,61337.43,61663.48,14.88,14.39,0.75,0.96,-0.31,0.12,-0.84,1.27,0.2,Overestimated,-3988,-86912,27320,FII Hedging (bought puts >20K),Bearish,-2689,-13269,195217,PRO Hedging (bought puts >20K),0
2022-11-25,Friday,monthly,▅↓▁↑█↓▅ 📉,62327.88,62447.73,62115.66,62293.64,13.48,13.33,0.7,0.53,-0.05,0.19,-0.34,0.76,-0.17,Overestimated,25613,-104253,-196357,FII Bullish (bought fut + sold puts),Bullish,10453,134076,39145,PRO Hedging (bought puts >20K),0
2022-12-02,Friday,weekly,▅↓▁↑█↓▄ 📉,62978.58,63148.59,62679.63,62868.5,13.36,13.45,0.7,0.74,-0.17,0.27,-0.47,1.06,0.04,Overestimated,-5722,-72890,54391,FII Hedging (bought puts >20K),Bearish,-384,-36110,223628,PRO Hedging (bought puts >20K),0
2022-12-09,Friday,weekly,█↓▁↑█↓▃ 📉,62690.86,62735.42,61889.11,62181.67,13.4,13.48,0.71,1.35,-0.81,0.07,-1.28,1.91,0.64,Underestimated,7171,73171,-74931,FII Confident (sold puts >20K),Bullish,-13839,233327,-23943,PRO Bearish (sold fut >10K),0
2022-12-16,Friday,weekly,▄↓▁↑█↓▂ 📉,61534.24,61893.22,61292.53,61337.81,13.73,14.07,0.74,0.98,-0.32,0.58,-0.39,1.33,0.24,Overestimated,-19841,-59133,17481,FII Bearish (sold fut >10K),Bearish,4651,-99684,200455,PRO Hedging (bought puts >20K),0
2022-12-23,Friday,weekly,▅↓▁↑█↓▂ 📉,60205.56,60546.88,59765.56,59845.29,15.19,16.16,0.85,1.3,-0.6,0.57,-0.73,1.53,0.45,Overestimated,-6263,44971,-42921,FII Confident (sold puts >20K),Bullish,-13444,241922,-999,PRO Bearish (sold fut >10K),0
2022-12-30,Friday,monthly,▇↓▁↑█↓▂ 📉,61329.16,61392.68,60743.71,60840.74,14.81,14.87,0.78,1.06,-0.8,0.1,-0.95,1.36,0.28,Overestimated,20015,-76535,-112907,FII Bullish (bought fut + sold puts),Bullish,780,136017,181556,PRO Hedging (bought puts >20K),0
2023-01-06,Friday,weekly,▇↓▁↑█↓▃ 📉,60388.74,60537.63,59669.91,59900.37,14.98,15.03,0.79,1.44,-0.81,0.25,-1.19,1.83,0.65,Underestimated,16533,66936,-48163,FII Bullish (bought fut + sold puts),Bullish,-10731,363455,102473,PRO Very Bearish (sold fut >10K + bought puts >20K),0
2023-01-13,Friday,weekly,▅↓▁↑█↓▇ 📈,60044.96,60418.26,59628.43,60261.18,15.28,14.46,0.76,1.32,0.36,0.62,-0.69,1.74,0.56,Underestimated,-5747,4022,-61136,FII Confident (sold puts >20K),Bullish,1917,165994,160204,PRO Hedging (bought puts >20K),0
2023-01-20,Friday,weekly,▆↓▁↑█↓▂ 📉,60901.16,61001.18,60585.25,60621.77,13.96,13.79,0.72,0.68,-0.46,0.16,-0.52,0.95,-0.04,Overestimated,-4550,-89660,80689,FII Hedging (bought puts >20K),Bearish,-3607,-20571,314640,PRO Hedging (bought puts >20K),0
2023-01-27,Friday,monthly,█↓▁↑█↓▃ 📉,60166.9,60166.9,58974.7,59330.9,14.66,17.32,0.91,1.98,-1.39,0.0,-1.98,2.19,1.07,Underestimated,0,0,0,FII Neutral,Neutral,0,0,0,PRO Neutral,0
2023-02-03,Friday,weekly,▄↓▁↑█↓█ 📈,60350.01,60905.34,60013.06,60841.88,15.73,14.4,0.75,1.48,0.82,0.92,-0.56,1.96,0.72,Underestimated,-26895,17906,28292,FII Very Bearish (sold fut >10K + bought puts >20K),Bearish,1066,241045,78265,PRO Hedging (bought puts >20K),0
2023-02-10,Friday,weekly,▆↓▁↑█↓▆ 📉,60706.81,60774.14,60501.74,60682.7,13.04,12.75,0.67,0.45,-0.04,0.11,-0.34,0.67,-0.22,Overestimated,1630,22316,9746,FII Neutral,Neutral,3946,118637,236861,PRO Hedging (bought puts >20K),0
2023-02-17,Friday,weekly,▄↓▁↑█↓▄ 📈,60993.54,61302.72,60810.67,61002.57,12.89,13.09,0.69,0.81,0.01,0.51,-0.3,1.18,0.12,Overestimated,-3067,24304,123643,FII Hedging (bought puts >20K),Bearish,-5195,-142837,228924,PRO Hedging (bought puts >20K),0
2023-02-24,Friday,monthly,▇↓▁↑█↓▃ 📉,59859.48,59908.77,59325.34,59463.93,15.08,14.19,0.74,0.97,-0.66,0.08,-0.89,1.31,0.23,Overestimated,3653,-47268,-100165,FII Confident (sold puts >20K),Bullish,-11492,400371,45829,PRO Very Bearish (sold fut >10K + bought puts >20K),0
2023-03-03,Friday,weekly,▁↓▁↑█↓▆ 📈,59241.2,59967.04,59231.58,59808.97,12.97,12.18,0.64,1.24,0.96,1.23,-0.02,1.95,0.6,Underestimated,-5636,-68497,-234,FII Mildly Bearish,Bearish,-7344,-72986,202556,PRO Hedging (bought puts >20K),0
2023-03-10,Friday,weekly,█↓▁↑█↓▆ 📉,59259.83,59262.47,58884.98,59135.13,12.73,13.41,0.7,0.64,-0.21,0.0,-0.63,0.91,-0.07,Overestimated,-24404,-117704,34935,FII Very Bearish (sold fut >10K + bought puts >20K),Bearish,-869,-51215,363504,PRO Hedging (bought puts >20K),0
2023-03-17,Friday,weekly,▇↓▁↑█↓▆ 📉,58038.17,58178.94,57503.9,57989.9,16.22,14.77,0.77,1.16,-0.08,0.24,-0.92,1.5,0.39,Overestimated,-19762,59706,85856,FII Very Bearish (sold fut >10K + bought puts >20K),Bearish,3417,341551,30575,PRO Hedging (bought puts >20K),0
2023-03-24,Friday,weekly,▆↓▁↑█↓▂ 📉,57890.66,58066.4,57422.98,57527.1,14.49,15.24,0.8,1.11,-0.63,0.3,-0.81,1.39,0.31,Overestimated,11184,42590,73056,FII Hedging (bought puts >20K),Bearish,-12964,-94327,86608,PRO Very Bearish (sold fut >10K + bought puts >20K),0
2023-03-31,Friday,monthly,▁→▁↑█↓▇ 📈,58273.86,59068.47,58273.86,58991.52,13.63,12.94,0.68,1.36,1.23,1.36,0.0,2.01,0.69,Underestimated,0,0,0,FII Neutral,Neutral,0,0,0,PRO Neutral,0
2023-04-07,Friday,weekly,▃↓▁↑█↓▆ 📈,59627.01,59950.06,59520.12,59832.97,12.41,11.8,0.62,0.72,0.35,0.54,-0.18,1.17,0.1,Overestimated,3040,-96783,34845,FII Hedging (bought puts >20K),Bearish,-760,199271,400356,PRO Hedging (bought puts >20K),0
2023-04-14,Friday,weekly,▆↓▁↑█↓▇ 📈,60364.41,60486.91,60081.43,60431.0,12.27,11.91,0.62,0.67,0.11,0.2,-0.47,1.08,0.05,Overestimated,13281,51710,88457,FII Hedging (bought puts >20K),Bearish,10294,-14065,189618,PRO Hedging (bought puts >20K),0
2023-04-21,Friday,weekly,▃↓▁↑█↓▆ 📈,59538.79,59781.36,59412.81,59655.06,11.94,11.63,0.61,0.62,0.2,0.41,-0.21,1.02,0.01,Overestimated,4896,91811,45301,FII Hedging (bought puts >20K),Bullish,-4171,212298,117549,PRO Hedging (bought puts >20K),0
2023-04-28,Friday,monthly,▃↓▁↑█↓▇ 📈,60721.61,61209.46,60507.83,61112.44,11.43,10.95,0.57,1.16,0.64,0.8,-0.35,2.02,0.58,Underestimated,-7238,-34156,-67708,FII Confident (sold puts >20K),Bullish,-4075,-21663,313648,PRO Hedging (bought puts >20K),0
2023-05-05,Friday,weekly,▃↓▁↑█↓▂ 📉,61163.1,61585.5,61002.17,61054.29,11.73,12.3,0.64,0.95,-0.18,0.69,-0.26,1.48,0.31,Overestimated,4381,-48058,-54188,FII Confident (sold puts >20K),Neutral,-4812,87587,62855,PRO Hedging (bought puts >20K),0
2023-05-12,Friday,weekly,▅↓▁↑█↓▇ 📈,61857.69,62110.93,61578.15,62027.9,13.22,12.85,0.67,0.86,0.28,0.41,-0.45,1.28,0.19,Overestimated,-6816,35710,31169,FII Hedging (bought puts >20K),Neutral,-5719,68366,153381,PRO Hedging (bought puts >20K),0
2023-05-19,Friday,weekly,▅↓▁↑█↓▇ 📈,61556.25,61784.61,61251.7,61729.68,12.8,12.3,0.64,0.87,0.28,0.37,-0.49,1.34,0.22,Overestimated,6578,148229,46051,FII Hedging (bought puts >20K),Bullish,2091,122365,25600,PRO Hedging (bought puts >20K),0
2023-05-26,Friday,monthly,▂↓▁↑█↓█ 📈,61985.36,62529.83,61911.61,62501.69,12.52,11.9,0.62,1.0,0.83,0.88,-0.12,1.6,0.37,Overestimated,22985,-24160,-111828,FII Bullish (bought fut + sold puts),Bullish,-6895,257452,124838,PRO Hedging (bought puts >20K),0
2023-06-02,Friday,weekly,▆↓▁↑█↓▄ 📉,62601.97,62719.84,62379.86,62547.11,11.6,11.13,0.58,0.54,-0.09,0.19,-0.35,0.93,-0.04,Overestimated,-22693,-55962,-16948,FII Bearish (sold fut >10K),Bearish,530,-32427,59943,PRO Hedging (bought puts >20K),0
2023-06-09,Friday,weekly,▅↓▁↑█↓▂ 📉,62810.68,62992.16,62594.74,62625.63,11.26,11.12,0.58,0.63,-0.29,0.29,-0.34,1.09,0.05,Overestimated,-4542,-59866,42502,FII Hedging (bought puts >20K),Bearish,6562,-210716,253897,PRO Hedging (bought puts >20K),0
2023-06-16,Friday,weekly,▁↓▁↑█↓▆ 📈,62960.73,63520.36,62957.17,63384.58,11.08,10.84,0.57,0.89,0.67,0.89,-0.01,1.58,0.33,Overestimated,-6686,-93249,13161,FII Mildly Bearish,Bearish,7333,-66188,128980,PRO Hedging (bought puts >20K),0
2023-06-23,Friday,weekly,▆↓▁↑█↓▃ 📉,63124.28,63240.63,62874.12,62979.37,11.55,11.24,0.59,0.58,-0.23,0.18,-0.4,0.99,-0.01,Overestimated,3188,73460,138320,FII Hedging (bought puts >20K),Bearish,3516,-84569,179785,PRO Hedging (bought puts >20K),0
2023-06-30,Friday,monthly,▁→▁↑█↓▇ 📈,64068.44,64768.58,64068.44,64718.56,10.89,10.8,0.57,1.09,1.01,1.09,0.0,1.93,0.53,Underestimated,0,0,0,FII Neutral,Neutral,0,0,0,PRO Neutral,0
2023-07-07,Friday,weekly,▅↓▁↑█↓▂ 📉,65559.41,65898.98,65175.74,65280.45,11.84,11.53,0.6,1.1,-0.43,0.52,-0.59,1.83,0.5,Overestimated,8458,-2616,15901,FII Neutral,Neutral,-6593,189881,233718,PRO Hedging (bought puts >20K),0
2023-07-14,Friday,weekly,▃↓▁↑█↓▇ 📈,65775.49,66159.79,65610.82,66060.9,10.94,10.68,0.56,0.83,0.43,0.58,-0.25,1.49,0.28,Overestimated,-9554,73468,-26258,FII Confident (sold puts >20K),Bullish,7868,226429,-5156,PRO Neutral,0
2023-07-21,Friday,weekly,▅↓▁↑█↓▃ 📉,66907.07,67190.52,66533.74,66684.26,11.79,11.49,0.6,0.98,-0.33,0.42,-0.56,1.63,0.38,Overestimated,11091,4545,-40537,FII Bullish (bought fut + sold puts),Bullish,4140,58044,83383,PRO Hedging (bought puts >20K),0
2023-07-28,Friday,monthly,▇↓▁↑█↓▅ 📉,66266.35,66351.22,65878.65,66160.2,10.51,10.14,0.53,0.71,-0.16,0.13,-0.59,1.34,0.18,Overestimated,-51667,-63801,-111288,FII Bearish (sold fut >10K),Neutral,21852,-161522,98299,PRO Hedging (bought puts >20K),0
2023-08-04,Friday,weekly,▂↓▁↑█↓▇ 📈,65453.55,65799.27,65387.18,65721.25,11.19,10.57,0.55,0.63,0.41,0.53,-0.1,1.14,0.08,Overestimated,-36278,-49200,-47701,FII Bearish (sold fut >10K),Bearish,2424,212047,81589,PRO Hedging (bought puts >20K),0
2023-08-11,Friday,weekly,█↓▁↑█↓▂ 📉,65727.8,65727.8,65274.61,65322.65,11.4,11.52,0.6,0.69,-0.62,0.0,-0.69,1.14,0.09,Overestimated,-14953,-151575,-72919,FII Bearish (sold fut >10K),Bearish,15414,-49026,141078,PRO Hedging (bought puts >20K),0
2023-08-18,Friday,weekly,▆↓▁↑█↓▄ 📉,65025.71,65175.32,64754.72,64948.66,12.24,12.14,0.64,0.65,-0.12,0.23,-0.42,1.02,0.01,Overestimated,-535,-84205,-24110,FII Confident (sold puts >20K),Bearish,1338,160136,267542,PRO Hedging (bought puts >20K),0
2023-08-25,Friday,monthly,▆↓▁↑█↓▄ 📉,65000.67,65106.0,64732.57,64886.51,11.7,12.08,0.63,0.57,-0.18,0.16,-0.41,0.91,-0.06,Overestimated,-5691,-44781,30406,FII Hedging (bought puts >20K),Bearish,15017,-103839,312988,PRO Hedging (bought puts >20K),0
2023-09-01,Friday,weekly,▁↓▁↑█↓▇ 📈,64855.51,65473.27,64818.37,65387.16,12.06,11.37,0.6,1.01,0.82,0.95,-0.06,1.7,0.41,Overestimated,25792,-105976,-76820,FII Bullish (bought fut + sold puts),Neutral,17466,340291,95613,PRO Hedging (bought puts >20K),0
2023-09-08,Friday,weekly,▂↓▁↑█↓▅ 📈,66381.43,66766.92,66299.3,66598.91,10.87,10.78,0.56,0.7,0.33,0.58,-0.12,1.25,0.14,Overestimated,17482,-78186,-175631,FII Bullish (bought fut + sold puts),Bullish,-22245,37131,-108115,PRO Bearish (sold fut >10K),0
2023-09-15,Friday,weekly,▂↓▁↑█↓▆ 📈,67659.91,67927.23,67614.42,67838.63,11.32,10.9,0.57,0.46,0.26,0.4,-0.07,0.81,-0.11,Overestimated,-1730,-37414,25515,FII Hedging (bought puts >20K),Bearish,8792,-37078,88861,PRO Hedging (bought puts >20K),0
2023-09-22,Friday,weekly,▅↓▁↑█↓▂ 📉,66215.04,66445.47,65952.83,66009.15,10.82,10.66,0.56,0.74,-0.31,0.35,-0.4,1.33,0.19,Overestimated,-11348,24769,116295,FII Very Bearish (sold fut >10K + bought puts >20K),Bearish,-22369,-83460,-1939,PRO Bearish (sold fut >10K),0
2023-09-29,Friday,monthly,▃↓▁↑█↓▄ 📈,65743.93,66151.65,65570.38,65828.41,12.82,11.45,0.6,0.88,0.13,0.62,-0.26,1.47,0.28,Overestimated,-36431,30873,34741,FII Very Bearish (sold fut >10K + bought puts >20K),Bearish,36292,63141,253035,PRO Hedging (bought puts >20K),0
2023-10-06,Friday,weekly,▃↓▁↑█↓▆ 📈,65867.54,66095.81,65762.33,65995.63,10.94,10.3,0.54,0.51,0.19,0.35,-0.16,0.94,-0.03,Overestimated,3917,-130998,-112996,FII Confident (sold puts >20K),Neutral,725,115212,83652,PRO Hedging (bought puts >20K),0
2023-10-13,Friday,weekly,▃↓▁↑█↓▆ 📈,66034.21,66478.9,65895.41,66282.74,10.62,10.62,0.56,0.88,0.38,0.67,-0.21,1.59,0.33,Overestimated,3146,-56239,-46160,FII Confident (sold puts >20K),Neutral,4874,87273,149023,PRO Hedging (bought puts >20K),0
2023-10-20,Friday,weekly,▅↓▁↑█↓▄ 📉,65437.07,65555.14,65308.61,65397.62,10.9,10.82,0.57,0.38,-0.06,0.18,-0.2,0.67,-0.19,Overestimated,-2717,-26975,26301,FII Hedging (bought puts >20K),Bearish,-3258,31284,-76740,PRO Confident (sold puts >20K),0
2023-10-27,Friday,monthly,▃↓▁↑█↓▆ 📈,63559.32,63913.13,63393.37,63782.8,11.73,10.91,0.57,0.82,0.35,0.56,-0.26,1.43,0.25,Overestimated,-59740,-196220,-127578,FII Bearish (sold fut >10K),Bearish,4362,411371,111708,PRO Hedging (bought puts >20K),0
2023-11-03,Friday,weekly,▆↓▁↑█↓▃ 📉,64444.9,64535.19,64275.39,64363.78,11.08,10.88,0.57,0.4,-0.13,0.14,-0.26,0.71,-0.17,Overestimated,-13529,-137336,-131246,FII Bearish (sold fut >10K),Bearish,-3129,87959,-17524,PRO Neutral,0
2023-11-10,Friday,weekly,▄↓▁↑█↓▆ 📈,64756.11,65014.06,64580.95,64904.68,10.98,11.11,0.58,0.67,0.23,0.4,-0.27,1.15,0.09,Overestimated,-421,10539,31102,FII Hedging (bought puts >20K),Bearish,3470,41444,-26995,PRO Confident (sold puts >20K),0
2023-11-17,Friday,weekly,▄↓▁↑█↓▄ 📈,65788.79,66037.69,65639.74,65794.73,11.65,11.83,0.62,0.6,0.01,0.38,-0.23,0.98,-0.01,Overestimated,16147,-1513,-133,FII Mildly Bullish,Neutral,72,-40307,44710,PRO Hedging (bought puts >20K),0
2023-11-24,Friday,monthly,▅↓▁↑█↓▄ 📉,66000.29,66101.64,65894.05,65970.04,11.32,11.33,0.59,0.31,-0.05,0.15,-0.16,0.53,-0.28,Overestimated,-5294,-14603,32127,FII Hedging (bought puts >20K),Bearish,4084,-1404,18421,PRO Neutral,0
2023-12-01,Friday,weekly,▂↓▁↑█↓▇ 📈,67181.15,67564.33,67149.07,67481.19,12.69,12.38,0.65,0.62,0.45,0.57,-0.05,0.95,-0.03,Overestimated,58970,-99112,10599,FII Mildly Bullish,Bearish,-22516,-153165,511446,PRO Very Bearish (sold fut >10K + bought puts >20K),0
2023-12-08,Friday,weekly,▄↓▁↑█↓▇ 📈,69666.38,69893.8,69506.12,69825.6,12.67,12.47,0.65,0.56,0.23,0.33,-0.23,0.85,-0.1,Overestimated,8595,-138384,-185745,FII Confident (sold puts >20K),Bullish,-2897,31768,-3734,PRO Neutral,0
2023-12-15,Friday,weekly,▂↓▁↑█↓▇ 📈,70804.13,71605.76,70655.97,71483.75,12.32,13.13,0.69,1.34,0.96,1.13,-0.21,1.95,0.65,Underestimated,-3332,-191636,-182563,FII Confident (sold puts >20K),Neutral,9454,17502,-55134,PRO Confident (sold puts >20K),0
2023-12-22,Friday,weekly,▅↓▁↑█↓▆ 📈,71045.65,71259.55,70713.56,71106.96,13.76,13.71,0.72,0.77,0.09,0.3,-0.47,1.07,0.05,Overestimated,4333,-23786,-55384,FII Confident (sold puts >20K),Bullish,5878,259146,-205371,PRO Confident (sold puts >20K),0
2023-12-29,Friday,monthly,▇↓▁↑█↓▄ 📉,72351.59,72417.01,72082.64,72240.26,15.14,14.5,0.76,0.46,-0.15,0.09,-0.37,0.61,-0.3,Overestimated,7386,-488485,-556196,FII Confident (sold puts >20K),Bullish,-13710,32544,577842,PRO Very Bearish (sold fut >10K + bought puts >20K),0
2024-01-05,Friday,weekly,▅↓▁↑█↓▆ 📈,72016.71,72156.48,71779.83,72026.15,13.33,12.63,0.66,0.52,0.01,0.19,-0.33,0.79,-0.14,Overestimated,1469,-20407,-124680,FII Confident (sold puts >20K),Bullish,-107,215711,-112890,PRO Confident (sold puts >20K),0
2024-01-12,Friday,weekly,▃↓▁↑█↓▇ 📈,72148.07,72720.96,71982.29,72568.45,12.77,13.1,0.69,1.02,0.58,0.79,-0.23,1.49,0.34,Overestimated,633,-55450,-39222,FII Confident (sold puts >20K),Bearish,5386,-57066,158971,PRO Hedging (bought puts >20K),0
2024-01-19,Friday,weekly,▆↓▁↑█↓▄ 📉,71786.74,71895.64,71542.74,71683.23,14.07,13.88,0.73,0.49,-0.14,0.15,-0.34,0.68,-0.24,Overestimated,-25313,55754,123360,FII Very Bearish (sold fut >10K + bought puts >20K),Bearish,-9281,44310,-97011,PRO Confident (sold puts >20K),0
2024-01-26,Friday,monthly,█↓▁↑█↓▅ 📉,71022.1,71049.46,70319.04,70700.67,14.38,13.87,0.73,1.03,-0.45,0.04,-0.99,1.42,0.3,Overestimated,-100327,-23633,44428,FII Very Bearish (sold fut >10K + bought puts >20K),Bearish,49588,308661,263281,PRO Hedging (bought puts >20K),0
2024-02-02,Friday,weekly,▁↓▁↑█↓▂ 📈,71977.56,73089.4,71948.77,72085.63,14.46,14.7,0.77,1.58,0.15,1.54,-0.04,2.06,0.82,Underestimated,7011,122848,105027,FII Hedging (bought puts >20K),Bullish,-2356,-8659,9564,PRO Neutral,0
2024-02-09,Friday,weekly,▄↓▁↑█↓▇ 📈,71410.29,71676.49,71200.31,71595.49,15.83,15.45,0.81,0.67,0.26,0.37,-0.29,0.82,-0.14,Overestimated,-12409,-31699,34148,FII Very Bearish (sold fut >10K + bought puts >20K),Bearish,-1872,-189511,152924,PRO Hedging (bought puts >20K),0
2024-02-16,Friday,weekly,▅↓▁↑█↓▅ 📈,72406.02,72545.33,72218.1,72426.64,15.23,15.22,0.8,0.45,0.03,0.19,-0.26,0.57,-0.34,Overestimated,5332,-37351,-140660,FII Confident (sold puts >20K),Bullish,-14134,25746,57968,PRO Very Bearish (sold fut >10K + bought puts >20K),0
2024-02-23,Friday,monthly,█↓▁↑█↓▃ 📉,73394.44,73413.93,73022.0,73142.8,15.2,14.97,0.78,0.53,-0.34,0.03,-0.51,0.68,-0.25,Overestimated,12761,46354,71127,FII Hedging (bought puts >20K),Neutral,-10072,104858,-41871,PRO Bearish (sold fut >10K),0
2024-03-01,Friday,weekly,▁↓▁↑█↓█ 📈,72606.31,73819.21,72591.14,73745.35,15.57,15.24,0.8,1.69,1.57,1.67,-0.02,2.12,0.89,Underestimated,-29001,307836,183888,FII Very Bearish (sold fut >10K + bought puts >20K),Bullish,19955,570540,-169069,PRO Bullish (bought fut + sold puts),0
2024-03-08,Friday,weekly,█↓▁↑█↓▅ 📉,74242.74,74245.17,73921.48,74119.39,14.3,13.61,0.71,0.44,-0.17,0.0,-0.43,0.61,-0.28,Overestimated,12546,33762,-1535,FII Mildly Bullish,Bullish,-19819,-160165,148102,PRO Very Bearish (sold fut >10K + bought puts >20K),0
2024-03-15,Friday,weekly,▆↓▁↑█↓▃ 📉,72886.77,72998.07,72484.82,72643.43,13.62,13.69,0.72,0.7,-0.33,0.15,-0.55,0.98,-0.01,Overestimated,-7171,49123,54368,FII Hedging (bought puts >20K),Neutral,14638,181404,-81349,PRO Bullish (bought fut + sold puts),0
2024-03-22,Friday,weekly,▁↓▁↑█↓▆ 📈,72231.66,73115.62,72172.09,72831.94,12.51,12.22,0.64,1.31,0.83,1.22,-0.08,2.04,0.67,Underestimated,5875,43204,23775,FII Hedging (bought puts >20K),Bullish,-6074,-20305,-41552,PRO Confident (sold puts >20K),0
2024-03-29,Friday,monthly,▁↓▁↑█↓▄ 📈,73149.34,74190.31,73120.33,73651.35,12.7,12.83,0.67,1.46,0.69,1.42,-0.04,2.18,0.79,Underestimated,66945,-29256,-105040,FII Bullish (bought fut + sold puts),Bullish,-11638,-69095,12960,PRO Bearish (sold fut >10K),0
2024-04-05,Friday,weekly,▇↓▁↑█↓▆ 📉,74287.02,74361.11,73946.92,74248.22,11.22,11.34,0.59,0.56,-0.05,0.1,-0.46,0.94,-0.04,Overestimated,-1871,61576,10968,FII Neutral,Bullish,9502,76014,38250,PRO Hedging (bought puts >20K),0
2024-04-12,Friday,weekly,▇↓▁↑█↓▂ 📉,74889.64,74951.88,74189.31,74244.9,11.11,11.53,0.6,1.02,-0.86,0.08,-0.94,1.69,0.41,Overestimated,0,0,0,FII Neutral,Neutral,0,0,0,PRO Neutral,0
2024-04-19,Friday,weekly,▂↓▁↑█↓▇ 📈,71999.65,73210.17,71816.46,73088.33,13.04,13.46,0.7,1.94,1.51,1.68,-0.25,2.75,1.23,Underestimated,-71095,117789,92328,FII Very Bearish (sold fut >10K + bought puts >20K),Bearish,21784,-49266,85688,PRO Hedging (bought puts >20K),0
2024-04-26,Friday,monthly,█↓▁↑█↓▂ 📉,74509.31,74515.91,73616.65,73730.16,10.73,10.93,0.57,1.21,-1.05,0.01,-1.2,2.11,0.63,Underestimated,70871,14187,-27408,FII Bullish (bought fut + sold puts),Bullish,-15154,135565,13785,PRO Bearish (sold fut >10K),0
2024-05-03,Friday,weekly,█↓▁↑█↓▃ 📉,75017.82,75095.18,73467.73,73878.15,13.45,14.62,0.77,2.17,-1.52,0.1,-2.07,2.83,1.4,Underestimated,9189,-124878,-108125,FII Confident (sold puts >20K),Neutral,2203,-67212,2900,PRO Mildly Bearish,0
2024-05-10,Friday,weekly,▂↓▁↑█↓▅ 📈,72475.45,72946.54,72366.29,72664.47,18.2,18.47,0.97,0.8,0.26,0.65,-0.15,0.83,-0.17,Overestimated,-65614,-178985,-42446,FII Bearish (sold fut >10K),Bearish,7456,-127774,89848,PRO Hedging (bought puts >20K),0
2024-05-17,Friday,weekly,▄↓▁↑█↓▆ 📈,73711.31,74070.84,73459.8,73917.03,20.0,19.8,1.04,0.83,0.28,0.49,-0.34,0.8,-0.21,Overestimated,-14284,-10026,4552,FII Bearish (sold fut >10K),Bearish,14764,83626,-10106,PRO Mildly Bullish,0
2024-05-24,Friday,weekly,▃↓▁↑█↓▄ 📈,75335.45,75636.5,75244.22,75410.39,21.38,21.71,1.14,0.52,0.1,0.4,-0.12,0.46,-0.62,Overestimated,121415,-53769,-78890,FII Bullish (bought fut + sold puts),Bullish,-10255,32981,-180354,PRO Bearish (sold fut >10K),0
2024-05-31,Friday,monthly,▅↓▁↑█↓▃ 📉,74208.53,74478.89,73765.15,73961.31,24.18,24.6,1.29,0.96,-0.33,0.36,-0.6,0.75,-0.33,Overestimated,-292592,-545640,-394095,FII Bearish (sold fut >10K),Bearish,92136,34562,131248,PRO Hedging (bought puts >20K),0
2024-06-07,Friday,weekly,▁↓▁↑█↓█ 📈,75031.79,76795.31,74941.88,76693.36,16.8,16.88,0.88,2.47,2.21,2.35,-0.12,2.8,1.59,Underestimated,24181,286811,73347,FII Hedging (bought puts >20K),Bullish,14565,248863,156302,PRO Hedging (bought puts >20K),0
2024-06-14,Friday,weekly,▆↓▁↑█↓▇ 📈,76912.38,77081.3,76549.05,76992.77,13.49,12.82,0.67,0.69,0.1,0.22,-0.47,1.03,0.02,Overestimated,45198,28166,2372,FII Mildly Bullish,Bullish,-16363,55812,101760,PRO Very Bearish (sold fut >10K + bought puts >20K),0
2024-06-21,Friday,weekly,▇↓▁↑█↓▄ 📉,77729.48,77808.45,76802.0,77209.9,13.35,13.18,0.69,1.29,-0.67,0.1,-1.19,1.88,0.6,Underestimated,28406,-218755,-284830,FII Bullish (bought fut + sold puts),Bullish,8928,49194,-71240,PRO Confident (sold puts >20K),0
2024-06-28,Friday,monthly,▆↓▁↑█↓▂ 📉,79457.58,79671.58,78905.89,79032.73,14.15,13.8,0.72,0.96,-0.53,0.27,-0.69,1.33,0.24,Overestimated,116325,-244326,-317230,FII Bullish (bought fut + sold puts),Bullish,-21028,15499,87782,PRO Very Bearish (sold fut >10K + bought puts >20K),0
2024-07-05,Friday,weekly,▄↓▁↑█↓▆ 📈,79778.98,80149.87,79478.96,79996.6,12.86,12.7,0.66,0.84,0.27,0.46,-0.38,1.26,0.18,Overestimated,13362,176645,166076,FII Hedging (bought puts >20K),Bullish,-3602,-81001,-5289,PRO Mildly Bearish,0
2024-07-12,Friday,weekly,▃↓▁↑█↓▆ 📈,80093.62,80893.51,79843.39,80519.34,14.0,13.73,0.72,1.31,0.53,1.0,-0.31,1.82,0.59,Underestimated,-31714,-297953,-398026,FII Bearish (sold fut >10K),Bullish,12444,216886,1843,PRO Mildly Bullish,0
2024-07-19,Friday,weekly,█↓▁↑█↓▂ 📉,81585.06,81587.76,80499.1,80604.65,14.51,14.83,0.78,1.33,-1.2,0.0,-1.33,1.72,0.56,Underestimated,42744,-91363,-145608,FII Bullish (bought fut + sold puts),Bullish,-3091,-53320,-108106,PRO Confident (sold puts >20K),0
2024-07-26,Friday,monthly,▂↓▁↑█↓█ 📈,80158.5,81427.18,80013.6,81332.72,12.62,12.25,0.64,1.76,1.46,1.58,-0.18,2.75,1.12,Underestimated,-177679,-148248,-403652,FII Bearish (sold fut >10K),Bullish,115956,223014,274576,PRO Hedging (bought puts >20K),0
2024-08-02,Friday,weekly,▅↓▁↑█↓▃ 📉,81158.99,81345.6,80868.91,80981.95,12.93,14.32,0.75,0.59,-0.22,0.23,-0.36,0.78,-0.16,Overestimated,22059,-190462,-281184,FII Bullish (bought fut + sold puts),Bullish,-3567,4237,285731,PRO Hedging (bought puts >20K),0
2024-08-09,Friday,weekly,█↓▁↑█↓▄ 📉,79984.24,79984.24,79549.09,79705.91,16.6,15.34,0.8,0.54,-0.35,0.0,-0.54,0.68,-0.26,Overestimated,-49088,-448326,-445109,FII Bearish (sold fut >10K),Bearish,7707,253981,352858,PRO Hedging (bought puts >20K),0
2024-08-16,Friday,weekly,▄↓▁↑█↓█ 📈,79754.85,80518.21,79306.69,80436.84,15.44,14.4,0.75,1.52,0.86,0.96,-0.56,2.01,0.77,Underestimated,0,0,0,FII Neutral,Neutral,0,0,0,PRO Neutral,0
2024-08-23,Friday,weekly,▇↓▁↑█↓▅ 📉,81165.65,81231.49,80883.26,81086.21,13.0,13.55,0.71,0.43,-0.1,0.08,-0.35,0.6,-0.28,Overestimated,7101,-4741,-41409,FII Confident (sold puts >20K),Bullish,-3165,-6898,89264,PRO Hedging (bought puts >20K),0
2024-08-30,Friday,monthly,█↓▁↑█↓▃ 📉,82637.03,82637.03,82256.02,82365.77,13.79,13.39,0.7,0.46,-0.33,0.0,-0.46,0.66,-0.24,Overestimated,75978,-41956,-164953,FII Bullish (bought fut + sold puts),Bullish,-4945,99408,106447,PRO Hedging (bought puts >20K),0
2024-09-06,Friday,weekly,█↓▁↑█↓▂ 📉,82171.08,82254.79,80981.93,81183.93,14.21,15.22,0.8,1.55,-1.2,0.1,-1.45,1.94,0.75,Underestimated,-10380,-128952,-185847,FII Bearish (sold fut >10K),Bullish,6581,71949,166505,PRO Hedging (bought puts >20K),0
2024-09-13,Friday,weekly,█↓▁↑█↓▅ 📉,83091.55,83092.93,82653.22,82890.94,13.18,12.55,0.66,0.53,-0.24,0.0,-0.53,0.81,-0.13,Overestimated,39349,40949,-123002,FII Bullish (bought fut + sold puts),Bullish,20231,417433,-330058,PRO Bullish (bought fut + sold puts),0
2024-09-20,Friday,weekly,▃↓▁↑█↓▇ 📈,83603.04,84694.46,83187.64,84544.31,12.47,12.79,0.67,1.8,1.13,1.31,-0.5,2.69,1.13,Underestimated,-14026,142130,136283,FII Very Bearish (sold fut >10K + bought puts >20K),Neutral,3789,59918,47477,PRO Hedging (bought puts >20K),0
2024-09-27,Friday,monthly,▇↓▁↑█↓▂ 📉,85893.84,85978.25,85474.58,85571.85,12.0,11.96,0.63,0.59,-0.37,0.1,-0.49,0.94,-0.04,Overestimated,-16004,-255436,-360115,FII Bearish (sold fut >10K),Bullish,27972,76263,221391,PRO Hedging (bought puts >20K),0
2024-10-04,Friday,weekly,▄↓▁↑█↓▂ 📉,82244.25,83368.32,81532.68,81688.45,13.17,14.13,0.74,2.23,-0.68,1.37,-0.87,3.02,1.49,Underestimated,-155282,-182794,-74501,FII Bearish (sold fut >10K),Bearish,25629,-116815,150566,PRO Hedging (bought puts >20K),0
2024-10-11,Friday,weekly,▄↓▁↑█↓▂ 📉,81478.49,81671.38,81304.15,81381.36,13.5,13.22,0.69,0.45,-0.12,0.24,-0.21,0.65,-0.24,Overestimated,-26737,-373534,-481983,FII Bearish (sold fut >10K),Bullish,13952,216371,153474,PRO Hedging (bought puts >20K),0
2024-10-18,Friday,weekly,▃↓▁↑█↓▇ 📈,80749.26,81391.15,80409.25,81224.75,13.39,13.04,0.68,1.22,0.59,0.79,-0.42,1.78,0.53,Underestimated,-1716,-316555,-233070,FII Confident (sold puts >20K),Bearish,-11675,44548,122045,PRO Very Bearish (sold fut >10K + bought puts >20K),0
2024-10-25,Friday,monthly,█↓▁↑█↓▃ 📉,80187.34,80253.19,79137.98,79402.29,13.97,14.63,0.77,1.39,-0.98,0.08,-1.31,1.82,0.62,Underestimated,22704,-99286,-174037,FII Bullish (bought fut + sold puts),Bullish,-34087,189706,29919,PRO Very Bearish (sold fut >10K + bought puts >20K),0
2024-11-01,Friday,weekly,█↓▁↑█↓▂ 📉,80023.75,80023.75,79655.55,79724.12,15.55,15.9,0.83,0.46,-0.37,0.0,-0.46,0.55,-0.37,Overestimated,-31203,-206623,-125431,FII Bearish (sold fut >10K),Bearish,9794,198280,280574,PRO Hedging (bought puts >20K),0
2024-11-08,Friday,weekly,▆↓▁↑█↓▅ 📉,79611.9,79807.26,79117.37,79486.32,14.94,14.47,0.76,0.87,-0.16,0.25,-0.62,1.14,0.11,Overestimated,-18693,-337539,-207543,FII Bearish (sold fut >10K),Bearish,-7552,103534,351018,PRO Hedging (bought puts >20K),0
2024-11-15,Friday,weekly,▃↓▁↑█↓▃ 📉,77636.94,78055.52,77424.81,77580.31,15.44,14.78,0.77,0.81,-0.07,0.54,-0.27,1.05,0.04,Overestimated,-8776,-4760,-83774,FII Confident (sold puts >20K),Bullish,-8602,286506,113788,PRO Hedging (bought puts >20K),0
2024-11-22,Friday,weekly,▁↓▁↑█↓█ 📈,77349.74,79218.19,77226.69,79117.11,15.99,16.1,0.84,2.57,2.28,2.42,-0.16,3.05,1.73,Underestimated,-9524,-315594,-254928,FII Confident (sold puts >20K),Bearish,15274,-121682,-183073,PRO Bullish (bought fut + sold puts),0
2024-11-29,Friday,monthly,▁↓▁↑█↓▇ 📈,79032.99,79923.9,79026.18,79802.79,15.21,14.43,0.76,1.14,0.97,1.13,-0.01,1.5,0.38,Overestimated,17418,-488442,-160095,FII Bullish (bought fut + sold puts),Bearish,-32295,-123538,268798,PRO Very Bearish (sold fut >10K + bought puts >20K),0
2024-12-06,Friday,weekly,▇↓▁↑█↓▄ 📉,81887.54,81925.91,81506.19,81709.12,14.53,14.14,0.74,0.51,-0.22,0.05,-0.47,0.69,-0.23,Overestimated,37166,-370806,-310196,FII Bullish (bought fut + sold puts),Bearish,398,-220376,-75540,PRO Confident (sold puts >20K),0
2024-12-13,Friday,weekly,▅↓▁↑█↓█ 📈,81212.45,82213.92,80082.82,82133.12,13.19,13.05,0.68,2.62,1.13,1.23,-1.39,3.84,1.94,Underestimated,-20313,4213,47412,FII Very Bearish (sold fut >10K + bought puts >20K),Bearish,9155,597504,554007,PRO Hedging (bought puts >20K),0
2024-12-20,Friday,weekly,▇↓▁↑█↓▂ 📉,79335.48,79587.15,77874.59,78041.59,14.51,15.07,0.79,2.16,-1.63,0.32,-1.84,2.74,1.37,Underestimated,-24002,1236,16384,FII Bearish (sold fut >10K),Bearish,13297,526210,214267,PRO Hedging (bought puts >20K),0
2024-12-27,Friday,monthly,▁↓▁↑█↓▃ 📈,78607.62,79043.15,78598.55,78699.07,14.04,13.24,0.69,0.57,0.12,0.55,-0.01,0.82,-0.13,Overestimated,17555,-239418,-261777,FII Bullish (bought fut + sold puts),Bullish,-21316,48677,265221,PRO Very Bearish (sold fut >10K + bought puts >20K),0
2025-01-07,Tuesday,weekly,▂↓▁↑█↓▅ 📈,78019.8,78452.74,77925.09,78199.11,15.65,14.66,0.77,0.68,0.23,0.55,-0.12,0.88,-0.09,Overestimated,7517,97367,33449,FII Hedging (bought puts >20K),Bullish,2498,-380774,-29099,PRO Confident (sold puts >20K),0
2025-01-14,Tuesday,weekly,▁→▁↑█↓▃ 📈,76335.75,76835.61,76335.75,76499.63,16.0,15.47,0.81,0.65,0.21,0.65,0.0,0.81,-0.16,Overestimated,-17400,77109,168717,FII Very Bearish (sold fut >10K + bought puts >20K),Bearish,6342,-249168,-164340,PRO Confident (sold puts >20K),0
2025-01-21,Tuesday,weekly,█↓▁↑█↓▂ 📉,77261.72,77337.36,75641.87,75838.36,16.42,17.06,0.89,2.19,-1.84,0.1,-2.1,2.46,1.3,Underestimated,-6301,53263,12289,FII Neutral,Bullish,2678,131651,-126496,PRO Confident (sold puts >20K),0
2025-01-28,Tuesday,monthly,▁↓▁↑█↓▃ 📈,75659.0,76512.96,75622.88,75901.41,18.13,18.2,0.95,1.18,0.32,1.13,-0.05,1.23,0.22,Overestimated,38470,10026,-70972,FII Bullish (bought fut + sold puts),Bullish,-18121,-127569,-9961,PRO Bearish (sold fut >10K),0
2025-02-04,Tuesday,weekly,▃↓▁↑█↓█ 📈,77687.6,78658.59,77402.37,78583.81,14.35,14.02,0.73,1.62,1.15,1.25,-0.37,2.2,0.88,Underestimated,-9875,-90982,-37742,FII Confident (sold puts >20K),Bearish,1758,3679,45808,PRO Hedging (bought puts >20K),0
2025-02-11,Tuesday,weekly,█↓▁↑█↓▂ 📉,77384.98,77387.28,76030.59,76293.6,14.45,14.87,0.78,1.75,-1.41,0.0,-1.75,2.25,0.97,Underestimated,-11018,12034,23184,FII Very Bearish (sold fut >10K + bought puts >20K),Bearish,3600,-13293,39810,PRO Hedging (bought puts >20K),0
2025-02-18,Tuesday,weekly,█↓▁↑█↓▆ 📉,76073.71,76091.69,75531.01,75967.39,15.72,15.67,0.82,0.74,-0.14,0.02,-0.71,0.9,-0.08,Overestimated,3639,-4765,-2478,FII Neutral,Neutral,-710,64641,-56887,PRO Confident (sold puts >20K),0
2025-02-25,Tuesday,monthly,▂↓▁↑█↓▅ 📈,74440.3,74785.08,74400.37,74602.12,14.44,13.72,0.72,0.52,0.22,0.46,-0.05,0.72,-0.2,Overestimated,-7999,-22747,2922,FII Mildly Bearish,Bearish,-2306,-101933,-70834,PRO Confident (sold puts >20K),0
2025-03-04,Tuesday,weekly,▄↓▁↑█↓▇ 📈,72817.34,73033.18,72633.54,72989.93,13.76,13.83,0.72,0.55,0.24,0.3,-0.25,0.76,-0.18,Overestimated,799,-165,-11036,FII Neutral,Neutral,-1154,46086,-71754,PRO Confident (sold puts >20K),0
2025-03-11,Tuesday,weekly,▂↓▁↑█↓▇ 📈,73743.88,74195.17,73663.6,74102.32,13.99,14.07,0.74,0.72,0.49,0.61,-0.11,0.98,-0.02,Overestimated,-3321,12362,16992,FII Neutral,Neutral,8270,-107917,28679,PRO Hedging (bought puts >20K),0
2025-03-18,Tuesday,weekly,▂↓▁↑█↓▇ 📈,74608.66,75385.76,74480.15,75301.26,13.42,13.21,0.69,1.21,0.93,1.04,-0.17,1.76,0.52,Underestimated,12150,63004,9670,FII Mildly Bullish,Bullish,-6954,124226,-23529,PRO Confident (sold puts >20K),0
2025-03-25,Tuesday,monthly,▅↓▁↑█↓▃ 📉,78296.28,78741.69,77745.63,78017.19,13.7,13.64,0.71,1.27,-0.36,0.57,-0.7,1.78,0.56,Underestimated,1219,-54576,-59171,FII Confident (sold puts >20K),Neutral,11871,-29968,-6586,PRO Mildly Bullish,0
2025-04-01,Tuesday,weekly,▅↓▁↑█↓▁ 📉,76882.58,77487.05,75912.18,76024.51,12.72,13.78,0.72,2.05,-1.12,0.79,-1.26,2.84,1.33,Underestimated,0,0,0,FII Neutral,Neutral,0,0,0,PRO Neutral,0
2025-04-08,Tuesday,weekly,▄↓▁↑█↓▅ 📈,74013.73,74859.39,73424.92,74227.08,22.79,20.44,1.07,1.94,0.29,1.14,-0.8,1.81,0.87,Underestimated,-21023,56021,46805,FII Very Bearish (sold fut >10K + bought puts >20K),Neutral,22686,13740,-11103,PRO Mildly Bullish,0
2025-04-15,Tuesday,weekly,▇↓▁↑█↓▅ 📉,76852.06,76907.63,76435.07,76734.89,20.11,16.13,0.84,0.61,-0.15,0.07,-0.54,0.73,-0.23,Overestimated,0,0,0,FII Neutral,Neutral,0,0,0,PRO Neutral,0
2025-04-22,Tuesday,weekly,▇↓▁↑█↓▅ 📉,79728.39,79824.3,79253.44,79595.59,15.52,15.23,0.8,0.72,-0.17,0.12,-0.6,0.9,-0.08,Overestimated,6003,-60592,-83358,FII Confident (sold puts >20K),Bullish,3306,-81280,-103994,PRO Confident (sold puts >20K),0
2025-04-29,Tuesday,monthly,▅↓▁↑█↓▃ 📉,80396.92,80661.31,80122.02,80288.38,16.94,17.37,0.91,0.67,-0.14,0.33,-0.34,0.74,-0.24,Overestimated,12450,8560,-43321,FII Bullish (bought fut + sold puts),Bullish,8067,38415,-82971,PRO Confident (sold puts >20K),0
2025-05-06,Tuesday,weekly,▇↓▁↑█↓▃ 📉,80907.24,80981.58,80481.03,80641.07,18.34,19.0,0.99,0.62,-0.33,0.09,-0.53,0.62,-0.38,Overestimated,3619,-77244,-121587,FII Confident (sold puts >20K),Bullish,-2499,-4737,-73634,PRO Confident (sold puts >20K),0
2025-05-13,Tuesday,weekly,▇↓▁↑█↓▁ 📉,82249.6,82572.81,81043.69,81148.22,18.39,18.2,0.95,1.86,-1.34,0.39,-1.47,1.95,0.91,Underestimated,7573,30337,-7283,FII Neutral,Bullish,-3597,31550,20239,PRO Hedging (bought puts >20K),0
2025-05-20,Tuesday,weekly,▇↓▁↑█↓▁ 📉,82116.17,82250.42,81153.7,81186.44,17.36,17.39,0.91,1.34,-1.13,0.16,-1.17,1.47,0.43,Overestimated,-263,-7926,11900,FII Neutral,Bearish,3133,-50042,-14992,PRO Mildly Bearish,0
2025-05-27,Tuesday,monthly,▆↓▁↑█↓▃ 📉,82038.2,82410.52,81121.7,81551.63,18.02,18.54,0.97,1.57,-0.59,0.45,-1.12,1.62,0.6,Underestimated,2885,117055,116045,FII Hedging (bought puts >20K),Neutral,4580,-16335,31044,PRO Hedging (bought puts >20K),0
2025-06-03,Tuesday,weekly,▆↓▁↑█↓▂ 📉,81492.5,81774.23,80575.09,80737.51,17.16,16.56,0.87,1.47,-0.93,0.35,-1.13,1.7,0.6,Underestimated,-5382,72335,92969,FII Hedging (bought puts >20K),Bearish,-176,150813,3040,PRO Neutral,0
2025-06-10,Tuesday,weekly,▇↓▁↑█↓▃ 📉,82643.73,82680.79,82240.4,82391.72,14.69,14.02,0.73,0.53,-0.3,0.04,-0.49,0.73,-0.2,Overestimated,-3142,-26223,-13947,FII Mildly Bearish,Bearish,-4965,-65658,-54821,PRO Confident (sold puts >20K),0
2025-06-17,Tuesday,weekly,█↓▁↑█↓▃ 📉,81869.47,81890.15,81427.01,81583.3,14.84,14.4,0.75,0.57,-0.35,0.03,-0.54,0.75,-0.19,Overestimated,2466,-1860,-27935,FII Confident (sold puts >20K),Bullish,15000,174002,-37996,PRO Bullish (bought fut + sold puts),0
2025-06-24,Tuesday,monthly,▅↓▁↑█↓▂ 📉,82534.61,83018.16,81900.12,82055.11,14.05,13.64,0.71,1.35,-0.58,0.59,-0.77,1.9,0.64,Underestimated,-6339,24018,48694,FII Hedging (bought puts >20K),Bearish,-5777,-56131,30424,PRO Hedging (bought puts >20K),0
2025-07-01,Tuesday,weekly,▄↓▁↑█↓▄ 📈,83685.66,83874.29,83572.51,83697.29,12.79,12.53,0.66,0.36,0.01,0.23,-0.14,0.55,-0.3,Overestimated,-4605,-46825,-23101,FII Confident (sold puts >20K),Bearish,10068,-25681,73228,PRO Hedging (bought puts >20K),0
2025-07-08,Tuesday,weekly,▂↓▁↑█↓▇ 📈,83387.03,83812.31,83320.95,83712.51,12.56,12.2,0.64,0.59,0.39,0.51,-0.08,0.92,-0.05,Overestimated,-3416,-10220,-9737,FII Neutral,Neutral,-2276,-75790,-2054,PRO Mildly Bearish,0
2025-07-15,Tuesday,weekly,▁↓▁↑█↓▆ 📈,82233.16,82743.62,82221.74,82570.91,11.98,11.48,0.6,0.63,0.41,0.62,-0.01,1.06,0.03,Overestimated,-17302,-25536,-26088,FII Bearish (sold fut >10K),Bearish,3862,77293,37478,PRO Hedging (bought puts >20K),0
2025-07-22,Tuesday,weekly,█↓▁↑█↓▂ 📉,82527.43,82538.17,82110.63,82186.81,11.2,10.75,0.56,0.52,-0.41,0.01,-0.51,0.92,-0.04,Overestimated,2820,-1505,-47714,FII Confident (sold puts >20K),Bullish,-5908,163500,-1222,PRO Neutral,0
2025-07-29,Tuesday,monthly,▁↓▁↑█↓▇ 📈,80620.25,81429.88,80575.45,81337.95,12.06,11.53,0.6,1.06,0.89,1.0,-0.06,1.76,0.46,Overestimated,-6208,-49411,8185,FII Mildly Bearish,Bearish,-2179,34076,22672,PRO Hedging (bought puts >20K),0
2025-08-05,Tuesday,weekly,▇↓▁↑█↓▃ 📉,80946.43,81010.49,80554.4,80710.25,11.97,11.71,0.61,0.56,-0.29,0.08,-0.48,0.92,-0.05,Overestimated,1234,31092,-32608,FII Confident (sold puts >20K),Bullish,1368,159906,2242,PRO Neutral,0
2025-08-12,Tuesday,weekly,▄↓▁↑█↓▂ 📉,80508.51,80997.67,80164.36,80235.59,12.22,12.23,0.64,1.04,-0.34,0.61,-0.43,1.62,0.39,Overestimated,2943,24367,-53850,FII Confident (sold puts >20K),Bullish,1084,232429,-30357,PRO Confident (sold puts >20K),0
2025-08-19,Tuesday,weekly,▁↓▁↑█↓▆ 📈,81319.11,81755.88,81315.44,81644.39,12.34,11.79,0.62,0.54,0.4,0.54,-0.0,0.88,-0.08,Overestimated,11555,2924,-982,FII Mildly Bullish,Bullish,-5399,80102,73005,PRO Hedging (bought puts >20K),0
2025-08-26,Tuesday,monthly,▇↓▁↑█↓▂ 📉,81377.39,81450.28,80685.98,80786.54,11.76,12.19,0.64,0.94,-0.73,0.09,-0.85,1.47,0.3,Overestimated,1271,12013,-32867,FII Confident (sold puts >20K),Bullish,1612,86434,-81041,PRO Confident (sold puts >20K),0
2025-09-02,Tuesday,weekly,▆↓▁↑█↓▂ 📉,80520.09,80761.14,80008.5,80157.88,11.29,11.4,0.6,0.93,-0.45,0.3,-0.64,1.57,0.34,Overestimated,2648,23450,-78707,FII Confident (sold puts >20K),Bullish,738,85440,-7027,PRO Neutral,0
2025-09-04,Thursday,weekly,█↓▁↑█↓▂ 📉,81456.67,81456.67,80608.94,80718.01,10.93,10.85,0.57,1.04,-0.91,0.0,-1.04,1.83,0.47,Overestimated,-2371,-24801,-78571,FII Confident (sold puts >20K),Bullish,-318,122356,-20241,PRO Confident (sold puts >20K),1
2025-09-11,Thursday,weekly,▁↓▁↑█↓▆ 📈,81217.3,81642.22,81216.91,81548.73,10.54,10.36,0.54,0.52,0.41,0.52,-0.0,0.97,-0.02,Overestimated,3710,-33829,-36851,FII Confident (sold puts >20K),Neutral,1386,40650,27741,PRO Hedging (bought puts >20K),1
2025-09-18,Thursday,weekly,▇↓▁↑█↓▆ 📉,83108.92,83141.21,82704.92,83013.96,10.25,9.89,0.52,0.52,-0.11,0.04,-0.49,1.01,0.01,Overestimated,8901,-607,-18474,FII Neutral,Bullish,-5873,58700,32472,PRO Hedging (bought puts >20K),1
2025-09-25,Thursday,monthly,▆↓▁↑█↓▂ 📉,81574.31,81840.73,81092.89,81159.68,10.52,10.78,0.56,0.92,-0.51,0.33,-0.59,1.62,0.35,Overestimated,-3121,-26244,7692,FII Mildly Bearish,Bearish,521,34378,122847,PRO Hedging (bought puts >20K),1
2025-10-02,Thursday,weekly,▁↓▁↑█↓▇ 📈,80173.24,81068.43,80159.9,80983.31,11.07,10.29,0.54,1.13,1.01,1.12,-0.02,2.1,0.59,Underestimated,-820,48487,9740,FII Neutral,Bullish,-7470,86046,-56672,PRO Confident (sold puts >20K),1
2025-10-09,Thursday,weekly,▄↓▁↑█↓▇ 📈,81900.0,82247.73,81667.68,82172.1,10.31,10.12,0.53,0.71,0.33,0.42,-0.28,1.34,0.18,Overestimated,854,-21339,26450,FII Hedging (bought puts >20K),Bearish,-6400,31096,61465,PRO Hedging (bought puts >20K),1
2025-10-16,Thursday,weekly,▁↓▁↑█↓▇ 📈,82794.79,83615.48,82791.35,83467.66,10.53,10.87,0.57,1.0,0.81,0.99,-0.0,1.75,0.43,Overestimated,5265,28796,-32879,FII Confident (sold puts >20K),Bullish,2779,186431,-6464,PRO Neutral,1
2025-10-23,Thursday,weekly,▇↓▁↑█↓▂ 📉,85154.15,85290.06,84445.25,84556.4,11.3,11.73,0.61,0.99,-0.7,0.16,-0.83,1.62,0.38,Overestimated,0,0,0,FII Neutral,Neutral,0,0,0,PRO Neutral,1
2025-10-30,Thursday,monthly,▆↓▁↑█↓▂ 📉,84750.9,84906.95,84312.65,84404.46,11.97,12.07,0.63,0.7,-0.41,0.18,-0.52,1.11,0.07,Overestimated,-6148,19240,-30677,FII Confident (sold puts >20K),Bullish,2981,102444,-36241,PRO Confident (sold puts >20K),1
2025-11-06,Thursday,weekly,▄↓▁↑█↓▂ 📉,83516.69,83846.35,83237.65,83311.01,12.65,12.41,0.65,0.73,-0.25,0.39,-0.33,1.12,0.08,Overestimated,0,0,0,FII Neutral,Neutral,0,0,0,PRO Neutral,1
2025-11-13,Thursday,weekly,▄↓▁↑█↓▃ 📉,84525.89,84919.43,84253.05,84478.67,12.11,12.16,0.64,0.79,-0.06,0.47,-0.32,1.24,0.15,Overestimated,-2410,13391,-46141,FII Confident (sold puts >20K),Bullish,802,22746,-68548,PRO Confident (sold puts >20K),1
2025-11-20,Thursday,weekly,▄↓▁↑█↓▆ 📈,85470.92,85801.7,85201.22,85632.68,11.97,12.14,0.64,0.7,0.19,0.39,-0.32,1.11,0.07,Overestimated,1218,36340,-73983,FII Confident (sold puts >20K),Bullish,5038,103736,-31153,PRO Confident (sold puts >20K),1
2025-11-27,Thursday,monthly,▄↓▁↑█↓▄ 📉,85745.05,86055.86,85473.85,85720.38,11.97,11.79,0.62,0.68,-0.03,0.36,-0.32,1.1,0.06,Overestimated,3942,73280,-107199,FII Confident (sold puts >20K),Bullish,-1345,124874,-174389,PRO Confident (sold puts >20K),1
2025-12-04,Thursday,weekly,▁↓▁↑█↓▅ 📈,84987.56,85487.21,84949.98,85265.32,11.21,10.82,0.57,0.63,0.33,0.59,-0.04,1.12,0.07,Overestimated,-13610,15571,25776,FII Very Bearish (sold fut >10K + bought puts >20K),Bearish,5658,3313,11594,PRO Neutral,1
2025-12-11,Thursday,weekly,▄↓▁↑█↓▇ 📈,84456.75,84906.93,84150.19,84818.13,10.91,10.4,0.54,0.9,0.43,0.53,-0.36,1.65,0.35,Overestimated,-5841,9153,260,FII Neutral,Neutral,4214,-98309,60468,PRO Hedging (bought puts >20K),1
2025-12-18,Thursday,weekly,▅↓▁↑█↓▄ 📉,84518.33,84780.19,84238.43,84481.81,9.84,9.71,0.51,0.64,-0.04,0.31,-0.33,1.26,0.13,Overestimated,-7805,-19674,-5988,FII Neutral,Bearish,2866,9563,38340,PRO Hedging (bought puts >20K),1
2025-12-25,Thursday,monthly,▄↓▁↑█↓▂ 📉,85533.11,85738.18,85342.19,85408.7,9.38,9.19,0.48,0.46,-0.15,0.24,-0.22,0.96,-0.02,Overestimated,4707,-23814,18688,FII Mildly Bearish,Bearish,4903,-25018,107403,PRO Hedging (bought puts >20K),1
2026-01-01,Thursday,weekly,▂↓▁↑█↓▆ 📈,84793.58,85437.17,84705.57,85220.6,9.68,9.48,0.5,0.86,0.5,0.76,-0.1,1.74,0.37,Overestimated,-1824,44066,4177,FII Neutral,Bullish,-218,127905,-123342,PRO Confident (sold puts >20K),1
2026-01-08,Thursday,weekly,▆↓▁↑█↓▂ 📉,84778.02,84965.27,84110.1,84180.96,9.95,10.6,0.55,1.01,-0.7,0.22,-0.79,1.82,0.45,Overestimated,-8384,-14952,4664,FII Neutral,Bearish,4380,-37748,67757,PRO Hedging (bought puts >20K),1
2026-01-15,Thursday,weekly,▃↓▁↑█↓▃ 📈,83358.54,83809.98,83185.2,83382.71,11.2,11.32,0.59,0.75,0.03,0.54,-0.21,1.26,0.16,Overestimated,-1479,-20130,-10808,FII Mildly Bearish,Neutral,-1325,39798,18547,PRO Neutral,1
2026-01-22,Thursday,weekly,▆↓▁↑█↓▄ 📉,82459.66,82783.18,81874.39,82307.37,13.78,13.35,0.7,1.1,-0.18,0.39,-0.71,1.58,0.4,Overestimated,-3155,-56541,-1757,FII Mildly Bearish,Bearish,2577,160411,-62081,PRO Confident (sold puts >20K),1
2026-01-29,Thursday,monthly,▆↓▁↑█↓▇ 📈,82368.96,82689.96,81707.94,82566.37,13.53,13.37,0.7,1.19,0.24,0.39,-0.8,1.7,0.49,Overestimated,1070,-27512,18509,FII Mildly Bearish,Bearish,-6758,8678,-13008,PRO Neutral,1
2026-02-05,Thursday,weekly,█↓▁↑█↓▃ 📉,83757.54,83784.17,83151.62,83313.93,12.25,12.17,0.64,0.76,-0.53,0.03,-0.72,1.19,0.12,Overestimated,10136,25811,-57135,FII Bullish (bought fut + sold puts),Bullish,2837,89957,-48299,PRO Confident (sold puts >20K),1
2026-02-12,Thursday,weekly,▇↓▁↑█↓▃ 📉,83968.43,84061.62,83516.67,83674.92,11.55,11.73,0.61,0.65,-0.35,0.11,-0.54,1.06,0.03,Overestimated,1399,-8704,-34987,FII Confident (sold puts >20K),Bullish,6378,17597,29740,PRO Hedging (bought puts >20K),1
2026-02-19,Thursday,weekly,█↓▁↑█↓▂ 📉,83969.82,83979.36,82264.2,82498.14,12.22,13.46,0.7,2.04,-1.75,0.01,-2.03,2.9,1.34,Underestimated,6664,4552,-34367,FII Confident (sold puts >20K),Bullish,4523,55107,-27591,PRO Confident (sold puts >20K),1
2026-02-26,Thursday,monthly,▆↓▁↑█↓▄ 📉,82418.78,82579.16,81970.47,82248.61,13.49,13.06,0.68,0.74,-0.21,0.19,-0.54,1.08,0.05,Overestimated,1590,-8277,-15780,FII Neutral,Neutral,7589,-803,27514,PRO Hedging (bought puts >20K),1
2026-03-05,Thursday,weekly,▃↓▁↑█↓▆ 📈,79530.48,80303.83,79201.69,80015.9,21.14,17.86,0.94,1.39,0.61,0.97,-0.41,1.48,0.45,Overestimated,-19240,-19844,-21907,FII Bearish (sold fut >10K),Bearish,23355,-54767,-38814,PRO Bullish (bought fut + sold puts),1
2026-03-12,Thursday,weekly,▅↓▁↑█↓▂ 📉,76369.65,76681.71,75871.18,76034.42,21.06,21.52,1.13,1.06,-0.44,0.41,-0.65,0.94,-0.07,Overestimated,-19231,-56084,36350,FII Very Bearish (sold fut >10K + bought puts >20K),Bearish,933,-99570,77660,PRO Hedging (bought puts >20K),1
2026-03-19,Thursday,weekly,▅↓▁↑█↓▂ 📉,74750.92,75354.18,73950.95,74207.24,18.72,22.8,1.19,1.88,-0.73,0.81,-1.07,1.57,0.68,Underestimated,14978,-10563,-14396,FII Mildly Bullish,Bullish,-3593,29388,21170,PRO Hedging (bought puts >20K),1
2026-03-26,Thursday,monthly,▂↓▁↑█↓▅ 📈,74652.01,75849.76,74550.47,75273.45,24.74,24.64,1.29,1.74,0.83,1.6,-0.14,1.35,0.45,Overestimated,10586,42309,-18992,FII Mildly Bullish,Bullish,1538,61073,11802,PRO Neutral,1
2026-04-02,Thursday,weekly,▃↓▁↑█↓▇ 📈,72262.05,73568.54,71545.81,73319.55,25.01,25.52,1.34,2.8,1.46,1.81,-0.99,2.09,1.46,Underestimated,-775,-21953,-7258,FII Mildly Bearish,Bearish,1972,70064,42924,PRO Hedging (bought puts >20K),1
2026-04-09,Thursday,weekly,▇↓▁↑█↓▃ 📉,77319.33,77429.33,76347.9,76631.65,19.7,20.43,1.07,1.4,-0.89,0.14,-1.26,1.31,0.33,Overestimated,32035,11937,-32317,FII Bullish (bought fut + sold puts),Bullish,-14033,-8315,-65889,PRO Bearish (sold fut >10K),1
2026-04-16,Thursday,weekly,█↓▁↑█↓▃ 📉,78677.56,78730.32,77674.93,77988.68,18.67,18.09,0.95,1.34,-0.88,0.07,-1.27,1.42,0.39,Overestimated,7636,-14065,-15575,FII Neutral,Neutral,-6176,-12487,17703,PRO Neutral,1
2026-04-23,Thursday,weekly,▆↓▁↑█↓▂ 📉,77983.66,78178.54,77574.18,77664.0,18.3,18.59,0.97,0.77,-0.41,0.25,-0.53,0.8,-0.2,Overestimated,-9366,-77238,45615,FII Hedging (bought puts >20K),Bearish,-8229,-34483,95251,PRO Hedging (bought puts >20K),1
2026-04-30,Thursday,monthly,▆↓▁↑█↓▆ 📉,77014.21,77254.33,76258.86,76913.5,17.44,18.46,0.97,1.29,-0.13,0.31,-0.98,1.34,0.33,Overestimated,-380,-14240,-10361,FII Neutral,Neutral,7092,66462,-11947,PRO Neutral,1
2026-05-07,Thursday,weekly,█↓▁↑█↓▂ 📉,78339.24,78384.7,77713.21,77844.52,16.68,16.62,0.87,0.86,-0.63,0.06,-0.8,0.99,-0.01,Overestimated,3538,17064,-25888,FII Confident (sold puts >20K),Bullish,7206,166069,-42135,PRO Confident (sold puts >20K),1
2026-05-14,Thursday,weekly,▄↓▁↑█↓▆ 📈,74947.12,75681.88,74526.77,75398.72,19.43,18.61,0.97,1.54,0.6,0.98,-0.56,1.58,0.57,Underestimated,-730,-4009,-31901,FII Confident (sold puts >20K),Bullish,5095,113051,-45229,PRO Confident (sold puts >20K),1
2026-05-21,Thursday,weekly,▆↓▁↑█↓▂ 📉,75732.42,75945.79,74996.78,75183.36,18.44,17.82,0.93,1.25,-0.73,0.28,-0.97,1.34,0.32,Overestimated,-6240,-16822,-49332,FII Confident (sold puts >20K),Bullish,3713,137364,-37449,PRO Confident (sold puts >20K),1
2026-05-28,Thursday,monthly,▄↓▁↑█↓▃ 📉,75939.86,76224.68,75748.21,75867.8,16.13,14.98,0.78,0.63,-0.09,0.38,-0.25,0.8,-0.16,Overestimated,-10147,-6814,2668,FII Bearish (sold fut >10K),Bearish,-2492,54930,67444,PRO Hedging (bought puts >20K),1
2026-06-04,Thursday,weekly,▂↓▁↑█↓▆ 📈,73935.83,74544.24,73807.3,74360.01,16.28,15.89,0.83,1.0,0.57,0.82,-0.17,1.2,0.16,Overestimated,-29157,28438,42902,FII Very Bearish (sold fut >10K + bought puts >20K),Bearish,16044,100100,-6417,PRO Mildly Bullish,1
2026-06-11,Thursday,weekly,▂↓▁↑█↓▄ 📈,73615.99,74394.34,73518.75,73832.55,15.63,15.61,0.82,1.19,0.29,1.06,-0.13,1.46,0.37,Overestimated,5022,-10957,3929,FII Neutral,Neutral,-10328,28562,34906,PRO Very Bearish (sold fut >10K + bought puts >20K),1
2026-06-18,Thursday,weekly,▃↓▁↑█↓▇ 📈,77131.66,77492.33,76953.0,77409.98,13.19,12.67,0.66,0.7,0.36,0.47,-0.23,1.05,0.04,Overestimated,4912,-31029,-3814,FII Mildly Bearish,Bearish,1247,33872,-33129,PRO Confident (sold puts >20K),1
2026-06-25,Thursday,monthly,▄↓▁↑█↓▂ 📉,77391.07,77803.18,76993.16,77100.47,13.39,13.05,0.68,1.05,-0.38,0.53,-0.51,1.53,0.36,Overestimated,-492,-15772,-68846,FII Confident (sold puts >20K),Bullish,10572,221354,-83906,PRO Bullish (bought fut + sold puts),1
2026-07-02,Thursday,weekly,▁↓▁↑█↓▇ 📈,77083.14,77578.93,77063.95,77502.12,13.24,12.29,0.64,0.67,0.54,0.64,-0.02,1.04,0.02,Overestimated,-3649,-16022,-26752,FII Confident (sold puts >20K),Neutral,2225,73172,5181,PRO Neutral,1
2026-07-09,Thursday,weekly,▁→▁↑█↓▃ 📈,76576.14,77326.65,76576.14,76741.82,14.68,13.36,0.7,0.98,0.22,0.98,0.0,1.4,0.28,Overestimated,-29748,-94630,102881,FII Very Bearish (sold fut >10K + bought puts >20K),Bearish,4766,-28819,9143,PRO Mildly Bearish,1
2026-07-16,Thursday,weekly,▅↓▁↑█↓▂ 📉,77388.42,77579.69,77086.42,77186.87,13.27,12.88,0.67,0.64,-0.26,0.25,-0.39,0.95,-0.04,Overestimated,2753,-50260,2604,FII Mildly Bearish,Bearish,3350,64108,19172,PRO Neutral,1
2026-07-23,Thursday,weekly,▅↓▁↑█↓▄ 📉,76515.1,76726.66,76151.98,76391.39,13.29,13.48,0.71,0.75,-0.16,0.28,-0.47,1.06,0.05,Overestimated,-22857,-78918,35481,FII Very Bearish (sold fut >10K + bought puts >20K),Bearish,8060,53409,46738,PRO Hedging (bought puts >20K),1
