date,fii_fut_idx_net,fii_fut_stk_net,fii_call_net,fii_put_net,pro_fut_idx_net,pro_fut_stk_net,pro_call_net,pro_put_net,t1_fii_fut_daily,t1_fii_call_daily,t1_fii_put_daily,t1_fii_direction,t1_fii_stance,t1_pro_fut_daily,t1_pro_call_daily,t1_pro_put_daily,t1_pro_direction,t1_pro_stance,bse_fii_fut_daily,bse_fii_call_daily,bse_fii_put_daily,bse_fii_composite,bse_fii_view,bse_pro_fut_daily,bse_pro_call_daily,bse_pro_put_daily,bse_pro_composite,bse_pro_view,nse_fii_composite,nse_fii_view,nse_pro_composite,nse_pro_view
2026-08-27,-186060,567763,-235885,555751,8188,441538,40908,75274,0,0,0,Neutral,FII Neutral,0,0,0,Neutral,PRO Neutral,,,,,,,,,,,0,Neutral,0,Neutral
2026-08-28,-197792,541370,-265856,626360,4121,440834,-27622,101109,-11732,-29971,70609,Bearish,FII Very Bearish (sold fut + bought puts),-4067,-68530,25835,Bearish,PRO Hedging (bought puts >20K),-977,6191,7699,-2485,Neutral,381,74735,-73550,148666,Strong Bullish,-112312,Strong Bearish,-98432,Bearish
2026-08-31,-202633,549226,-230020,594360,5461,453740,134473,96217,-4841,35836,-32000,Bullish,FII Confident (sold puts >20K),1340,162095,-4892,Bullish,PRO Neutral,-22,-10072,-13571,3477,Neutral,93,-7376,-22972,15689,Neutral,62995,Bullish,168327,Strong Bullish
2026-09-01,-209315,563880,-225462,551407,10808,464336,25471,102855,-6682,4558,-42953,Bullish,FII Confident (sold puts >20K),5347,-109002,6638,Bearish,PRO Mildly Bearish,-64,-5699,-16033,10270,Neutral,-106,-12312,-24653,12235,Neutral,40829,Mildly Bullish,-110293,Strong Bearish
2026-09-02,-222032,551323,-248061,632465,14425,459230,-18758,92559,-12717,-22599,81058,Bearish,FII Very Bearish (sold fut + bought puts),3617,-44229,-10296,Bearish,PRO Mildly Bearish,-15,-28403,34301,-62719,Bearish,-128,-61651,34063,-95842,Bearish,-116374,Strong Bearish,-30316,Mildly Bearish
2026-09-03,-229163,593002,-299253,593223,15826,467987,21925,88909,-7131,-51192,-39242,Bearish,FII Confident (sold puts >20K),1401,40683,-3650,Bullish,PRO Neutral,9,17432,-51404,68845,Bullish,-149,54342,55108,-915,Neutral,-19081,Neutral,45734,Mildly Bullish
2026-09-04,-235102,609897,-312207,650049,15819,451092,-74441,119733,-5939,-12954,56826,Bearish,FII Hedging (bought puts >20K),-7,-96366,30824,Bearish,PRO Hedging (bought puts >20K),2,34454,34393,63,Neutral,-296,32371,-36988,69063,Bullish,-75719,Bearish,-127197,Strong Bearish
2026-09-07,-235838,630143,-303454,580911,14627,460412,73689,103240,-736,8753,-69138,Bullish,FII Confident (sold puts >20K),-1192,148130,-16493,Bullish,PRO Neutral,1,-15232,-18648,3417,Neutral,287,-24674,-38076,13689,Neutral,77155,Bullish,163431,Strong Bullish
2026-09-08,-250093,601593,-298102,631147,20130,476857,-73068,227067,-14255,5352,50236,Bearish,FII Very Bearish (sold fut + bought puts),5503,-146757,123827,Bearish,PRO Hedging (bought puts >20K),-80,-27572,39287,-66939,Bearish,-282,-79438,20830,-100550,Strong Bearish,-59139,Bearish,-265081,Strong Bearish
2026-09-09,-261557,591872,-302082,650645,24647,495966,-44990,62142,-11464,-3980,19498,Bearish,FII Bearish (sold fut >10K),4517,28078,-164925,Bullish,PRO Confident (sold puts >20K),-47,22195,8650,13498,Neutral,-296,-18251,-2917,-15630,Neutral,-34942,Mildly Bearish,197520,Strong Bullish
2026-09-10,-276250,564468,-342643,660252,31159,500779,14552,121753,-14693,-40561,9607,Bearish,FII Bearish (sold fut >10K),6512,59542,59611,Neutral,PRO Hedging (bought puts >20K),31,37422,-1641,39094,Mildly Bullish,-354,-39717,57617,-97688,Bearish,-64861,Bearish,6443,Neutral
2026-09-11,-281844,541920,-318871,662764,35981,493734,-62790,101200,-5594,23772,2512,Bullish,FII Neutral,4822,-77342,-20553,Bearish,PRO Confident (sold puts >20K),-81,-22557,-25935,3297,Neutral,-206,161871,-54153,215818,Strong Bullish,15666,Neutral,-51967,Bearish
2026-09-15,-284882,519602,-287098,669711,39046,506620,55386,26585,-3038,31773,6947,Bullish,FII Neutral,3065,118176,-74615,Bullish,PRO Confident (sold puts >20K),24,3724,-21738,25486,Neutral,2,-29240,-85548,56310,Bullish,21788,Neutral,195856,Strong Bullish
2026-09-16,-291052,500013,-313041,678520,37867,507538,-125118,55491,-6170,-25943,8809,Bearish,FII Mildly Bearish,-1179,-180504,28906,Bearish,PRO Hedging (bought puts >20K),13,18339,36100,-17748,Neutral,85,-59297,58969,-118181,Strong Bearish,-40922,Mildly Bearish,-210589,Strong Bearish
2026-09-17,-288103,536077,-288206,580162,42255,499523,-13701,-19854,2949,24835,-98358,Bullish,FII Confident (sold puts >20K),4388,111417,-75345,Bullish,PRO Confident (sold puts >20K),-20,-50429,-20200,-30249,Mildly Bearish,49,128258,77625,50682,Bullish,126142,Strong Bullish,191150,Strong Bullish
2026-09-18,-290041,539565,-282892,612710,38235,485521,-11755,44633,-1938,5314,32548,Bearish,FII Hedging (bought puts >20K),-4020,1946,64487,Bearish,PRO Hedging (bought puts >20K),-1,44010,2549,41460,Mildly Bullish,66,-23197,-49817,26686,Neutral,-29172,Neutral,-66561,Bearish
2026-09-21,-288428,500795,-268402,630453,34041,493079,29767,108858,1613,14490,17743,Neutral,FII Neutral,-4194,41522,64225,Bearish,PRO Hedging (bought puts >20K),14,-12643,-28902,16273,Neutral,-21,-13627,-27053,13405,Neutral,-1640,Neutral,-26897,Neutral
2026-09-22,-290546,504718,-256356,638430,35647,475257,67612,119751,-2118,12046,7977,Neutral,FII Neutral,1606,37845,10893,Bullish,PRO Neutral,-46,12574,-9933,22461,Neutral,428,-29222,-68442,39648,Mildly Bullish,1951,Neutral,28558,Neutral
2026-09-23,-302908,506874,-256374,642226,44016,456296,-60180,21640,-12362,-18,3796,Bearish,FII Bearish (sold fut >10K),8369,-127792,-98111,Bearish,PRO Confident (sold puts >20K),38,17732,52174,-34404,Mildly Bearish,-127,-16848,78134,-95109,Bearish,-16176,Neutral,-21312,Neutral
2026-09-24,-298613,509271,-188797,552364,46166,448059,-10935,57109,4295,67577,-89862,Bullish,FII Confident (sold puts >20K),2150,49245,35469,Bullish,PRO Hedging (bought puts >20K),-40,-41385,28035,-69460,Bearish,555,88815,57152,32218,Mildly Bullish,161734,Strong Bullish,15926,Neutral
2026-09-25,-309822,482080,-260993,686153,56265,448388,-139891,198457,-11209,-72196,133789,Bearish,FII Very Bearish (sold fut + bought puts),10099,-128956,141348,Bearish,PRO Hedging (bought puts >20K),1227,7978,-39694,48899,Mildly Bullish,-954,-44937,-33561,-12330,Neutral,-217194,Strong Bearish,-260205,Strong Bearish
2026-09-28,-312001,495011,-240969,683783,61031,441058,57077,179961,-2179,20024,-2370,Bullish,FII Neutral,4766,196968,-18496,Bullish,PRO Neutral,-2690,12124,-24332,33766,Mildly Bullish,2297,4854,-41658,48809,Mildly Bullish,20215,Neutral,220230,Strong Bullish
2026-09-29,-319669,511652,-246475,673794,55163,438212,-200015,186627,-7668,-5506,-9989,Neutral,FII Neutral,-5868,-257092,6666,Bearish,PRO Mildly Bearish,-248,-50739,31538,-82525,Bearish,243,-53284,20961,-74002,Bearish,-3185,Neutral,-269626,Strong Bearish
2026-09-30,-267307,496408,-421463,651257,7986,528726,100235,45318,52362,-174988,-22537,Bearish,FII Bullish (bought fut + sold puts),-47177,300250,-141309,Bullish,PRO Bearish (sold fut >10K),-8,15193,-6933,22118,Neutral,-293,2524,-41103,43334,Mildly Bullish,-100089,Strong Bearish,394382,Strong Bullish
2026-10-01,-282870,489549,-465583,668125,8394,520644,26254,127910,-15563,-44120,16868,Bearish,FII Bearish (sold fut >10K),408,-73981,82592,Bearish,PRO Hedging (bought puts >20K),-13,12131,-8401,20519,Neutral,172,10338,82751,-72241,Bearish,-76551,Bearish,-156165,Strong Bearish
2026-10-05,-310174,535081,-431465,666578,27105,507563,131005,137044,-27304,34118,-1547,Neutral,FII Bearish (sold fut >10K),18711,104751,9134,Bullish,PRO Mildly Bullish,-44,12852,17733,-4925,Neutral,-196,28489,-22936,51229,Bullish,8361,Neutral,114328,Strong Bullish
