date,day_of_week,expiry_type,sensex_daily_direction,nifty_proxy_afternoon_direction,concordance,is_nifty_expiry_day,vix_open,vix_close,vix_bucket,t1_fii_stance,t1_pro_stance,fii_composite,fii_view,pro_composite,pro_view,sensex_open,sensex_close,sensex_daily_move_pct,nifty_price_at_2pm,nifty_session_close,nifty_move_from_2pm_pct,inflection_time,inflection_price,move_from_inflection_pct
2020-08-07,Friday,weekly,Down to Up,Down to Up,Match,0,23.15,22.58,High (>20),FII Neutral,PRO Hedging (bought puts >20K),27702,Neutral,52873,Bullish,37951.07,38040.57,0.236,11190.85,11216.9,0.233,14:20,11186.05,0.276
2020-08-14,Friday,weekly,Top to Down,Top to Down,Match,0,20.57,21.67,High (>20),FII Neutral,PRO Hedging (bought puts >20K),18534,Neutral,-6165,Neutral,38432.94,37877.34,1.446,11213.4,11183.05,0.271,14:00,11213.4,0.271
2020-08-21,Friday,weekly,Top to Down,Top to Down,Match,0,20.62,19.94,High (>20),FII Bearish (sold fut >10K),PRO Hedging (bought puts >20K),-40981,Mildly Bearish,-20716,Neutral,38471.93,38434.72,0.097,11397.6,11378.4,0.168,14:05,11406.15,0.243
2020-08-28,Friday,monthly,Down to Up,Down to Up,Match,0,18.9,18.35,Medium (15-20),FII Mildly Bullish,PRO Very Bearish (sold fut >10K + bought puts >20K),1561,Neutral,-70083,Bearish,39264.48,39467.31,0.517,11648.05,11657.1,0.078,15:15,11633.5,0.203
2020-09-04,Friday,weekly,Down to Up,Top to Down,Mismatch,0,20.5,22.15,High (>20),FII Neutral,PRO Hedging (bought puts >20K),-5640,Neutral,54781,Bullish,38325.0,38357.18,0.084,11416.2,11358.35,0.507,14:05,11418.15,0.524
2020-09-11,Friday,weekly,Top to Down,Down to Up,Mismatch,0,21.26,20.71,High (>20),FII Neutral,PRO Neutral,36351,Mildly Bullish,143047,Strong Bullish,38865.17,38854.55,0.027,11437.05,11454.85,0.156,14:00,11435.75,0.167
2020-09-18,Friday,weekly,Top to Down,Top to Down,Match,0,20.1,20.05,High (>20),FII Neutral,PRO Hedging (bought puts >20K),-13003,Neutral,-24688,Neutral,39200.42,38845.82,0.905,11564.45,11515.95,0.419,14:00,11575.7,0.516
2020-09-25,Friday,monthly,Down to Up,Down to Up,Match,0,23.51,20.68,High (>20),FII Bearish (sold fut >10K),PRO Hedging (bought puts >20K),43770,Mildly Bullish,89862,Bullish,36991.89,37388.66,1.073,10981.75,11035.8,0.492,14:00,10979.3,0.515
2020-10-09,Friday,weekly,Down to Up,Down to Up,Match,0,20.38,20.38,High (>20),FII Mildly Bullish,PRO Hedging (bought puts >20K),14524,Neutral,-40176,Mildly Bearish,40226.25,40509.49,0.704,11888.8,11938.0,0.414,14:10,11876.15,0.521
2020-10-16,Friday,weekly,Down to Up,Down to Up,Match,0,22.06,21.65,High (>20),FII Neutral,PRO Hedging (bought puts >20K),3144,Neutral,-15467,Neutral,39936.61,39982.98,0.116,11765.4,11770.25,0.041,14:20,11736.65,0.286
2020-10-23,Friday,weekly,Top to Down,Top to Down,Match,0,22.64,21.83,High (>20),FII Neutral,PRO Hedging (bought puts >20K),-13750,Neutral,-20442,Neutral,40728.39,40685.5,0.105,11947.95,11929.8,0.152,14:45,11960.85,0.26
2020-10-30,Friday,monthly,Top to Down,Down to Up,Mismatch,0,24.02,24.75,High (>20),FII Neutral,PRO Very Bearish (sold fut >10K + bought puts >20K),-131,Neutral,108777,Strong Bullish,39779.82,39614.07,0.417,11602.35,11646.45,0.38,14:25,11593.95,0.453
2020-11-06,Friday,weekly,Down to Up,Flat,Flat,0,20.97,20.5,High (>20),FII Mildly Bullish,PRO Very Bearish (sold fut >10K + bought puts >20K),58158,Bullish,4460,Neutral,41438.76,41893.06,1.096,12260.65,12261.35,0.006,,,0.0
2020-11-13,Friday,weekly,Down to Up,Down to Up,Match,0,20.62,19.7,High (>20),FII Bearish (sold fut >10K),PRO Hedging (bought puts >20K),-21146,Neutral,-100210,Strong Bearish,43298.92,43443.0,0.333,12694.55,12723.1,0.225,14:20,12685.7,0.295
2020-11-20,Friday,weekly,Down to Up,Top to Down,Mismatch,0,19.57,19.62,Medium (15-20),FII Neutral,PRO Hedging (bought puts >20K),-36358,Mildly Bearish,-115989,Strong Bearish,43732.14,43882.25,0.343,12862.15,12846.0,0.126,14:25,12890.95,0.349
2020-11-27,Friday,monthly,Top to Down,Top to Down,Match,0,20.02,19.82,High (>20),FII Bullish (bought fut + sold puts),PRO Bearish (sold fut >10K),55107,Bullish,124826,Strong Bullish,44325.03,44149.72,0.396,12975.1,12942.85,0.249,14:25,12990.85,0.369
2020-12-04,Friday,weekly,Down to Up,Down to Up,Match,0,19.0,18.03,Medium (15-20),FII Confident (sold puts >20K),PRO Hedging (bought puts >20K),31839,Mildly Bullish,67584,Bullish,44665.91,45079.55,0.926,13205.8,13270.7,0.491,14:10,13195.7,0.568
2020-12-11,Friday,weekly,Down to Up,Down to Up,Match,0,18.71,18.79,Medium (15-20),FII Bearish (sold fut >10K),PRO Hedging (bought puts >20K),-27314,Neutral,-122562,Strong Bearish,46060.32,46099.01,0.084,13496.55,13505.55,0.067,14:20,13403.25,0.763
2020-12-18,Friday,weekly,Top to Down,Down to Up,Mismatch,0,19.16,18.62,Medium (15-20),FII Confident (sold puts >20K),PRO Hedging (bought puts >20K),6349,Neutral,27397,Neutral,47026.02,46960.69,0.139,13735.7,13744.1,0.061,14:30,13727.2,0.123
2021-01-01,Friday,weekly,Flat,Top to Down,Mismatch,0,21.11,21.1,High (>20),FII Bullish (bought fut + sold puts),PRO Very Bearish (sold fut >10K + bought puts >20K),34093,Mildly Bullish,-24046,Neutral,47753.11,47751.33,0.004,14033.8,14014.8,0.135,14:30,14049.8,0.249
2021-01-08,Friday,weekly,Down to Up,Down to Up,Match,0,20.62,20.64,High (>20),FII Confident (sold puts >20K),PRO Hedging (bought puts >20K),18023,Neutral,38581,Mildly Bullish,48464.91,48782.51,0.655,14295.5,14343.9,0.339,14:15,14260.8,0.583
2021-01-15,Friday,weekly,Top to Down,Top to Down,Match,0,23.03,24.01,High (>20),FII Confident (sold puts >20K),PRO Hedging (bought puts >20K),11418,Neutral,19781,Neutral,49656.71,49034.67,1.253,14469.2,14434.4,0.241,14:00,14469.2,0.241
2021-01-22,Friday,weekly,Top to Down,Top to Down,Match,0,21.55,22.18,High (>20),FII Bullish (bought fut + sold puts),PRO Hedging (bought puts >20K),47360,Mildly Bullish,-33598,Mildly Bearish,50096.57,49624.76,0.942,14372.0,14366.8,0.036,14:30,14486.35,0.825
2021-01-29,Friday,monthly,Top to Down,Top to Down,Match,0,24.29,25.34,High (>20),FII Confident (sold puts >20K),PRO Neutral,37322,Mildly Bullish,190072,Strong Bullish,47423.47,46285.77,2.399,13755.6,13660.8,0.689,14:35,13873.0,1.53
2021-02-05,Friday,weekly,Top to Down,Down to Up,Mismatch,0,23.12,23.42,High (>20),FII Bearish (sold fut >10K),PRO Hedging (bought puts >20K),-19530,Neutral,-86561,Bearish,51031.39,50731.63,0.587,14925.7,14940.85,0.102,15:10,14899.45,0.278
2021-02-12,Friday,weekly,Top to Down,Down to Up,Mismatch,0,23.05,22.04,High (>20),FII Neutral,PRO Hedging (bought puts >20K),346,Neutral,52746,Bullish,51614.77,51544.3,0.137,15138.55,15164.7,0.173,14:00,15081.4,0.552
2021-02-19,Friday,weekly,Top to Down,Top to Down,Match,0,21.54,22.25,High (>20),FII Neutral,PRO Hedging (bought puts >20K),15547,Neutral,40354,Mildly Bullish,51238.02,50889.76,0.68,15026.75,15003.45,0.155,14:00,15030.15,0.178
2021-02-26,Friday,monthly,Top to Down,Top to Down,Match,0,22.89,28.14,High (>20),FII Mildly Bullish,PRO Hedging (bought puts >20K),-28859,Neutral,-65390,Bearish,50256.71,49099.99,2.302,14656.2,14523.15,0.908,14:15,14697.65,1.187
2021-03-05,Friday,weekly,Top to Down,Down to Up,Mismatch,0,24.15,25.56,High (>20),FII Bearish (sold fut >10K),PRO Hedging (bought puts >20K),-50434,Bearish,-100661,Strong Bearish,50517.36,50405.32,0.222,14932.5,14963.15,0.205,14:10,14862.6,0.677
2021-03-12,Friday,weekly,Top to Down,Top to Down,Match,0,20.75,21.71,High (>20),FII Neutral,PRO Neutral,0,Neutral,0,Neutral,51660.98,50792.08,1.682,15105.35,15023.95,0.539,14:00,15105.35,0.539
2021-03-19,Friday,weekly,Down to Up,Down to Up,Match,0,20.08,19.99,High (>20),FII Confident (sold puts >20K),PRO Neutral,16293,Neutral,140561,Strong Bullish,48881.19,49858.24,1.999,14665.15,14733.55,0.466,14:15,14638.95,0.646
2021-03-26,Friday,monthly,Down to Up,Top to Down,Mismatch,0,22.7,20.65,High (>20),FII Confident (sold puts >20K),PRO Hedging (bought puts >20K),51965,Bullish,88926,Bullish,48969.25,49008.5,0.08,14545.8,14518.9,0.185,14:00,14565.5,0.32
2021-04-09,Friday,weekly,Top to Down,Down to Up,Mismatch,0,20.31,19.79,High (>20),FII Neutral,PRO Hedging (bought puts >20K),-23972,Neutral,-36079,Mildly Bearish,49743.39,49591.32,0.306,14807.7,14838.05,0.205,14:00,14791.7,0.313
2021-04-16,Friday,weekly,Top to Down,Top to Down,Match,0,20.89,20.4,High (>20),FII Mildly Bullish,PRO Hedging (bought puts >20K),-6877,Neutral,16184,Neutral,48935.74,48832.03,0.212,14656.05,14590.45,0.448,14:25,14696.25,0.72
2021-04-23,Friday,weekly,Down to Up,Top to Down,Mismatch,0,23.03,22.69,High (>20),FII Neutral,PRO Bearish (sold fut >10K),50369,Bullish,128380,Strong Bullish,47863.81,47878.45,0.031,14379.25,14331.25,0.334,14:00,14390.75,0.413
2021-04-30,Friday,monthly,Top to Down,Top to Down,Match,0,23.31,23.03,High (>20),FII Confident (sold puts >20K),PRO Hedging (bought puts >20K),-37779,Mildly Bearish,-142523,Strong Bearish,49360.89,48782.36,1.172,14742.8,14617.55,0.85,14:00,14744.15,0.859
2021-05-07,Friday,weekly,Down to Up,Top to Down,Mismatch,0,21.96,22.04,High (>20),FII Neutral,PRO Hedging (bought puts >20K),8871,Neutral,54926,Bullish,48877.78,48949.76,0.147,14823.9,14810.8,0.088,14:50,14852.0,0.277
2021-05-14,Friday,weekly,Top to Down,Down to Up,Mismatch,0,20.08,20.27,High (>20),FII Neutral,PRO Neutral,0,Neutral,0,Neutral,48898.93,48732.55,0.34,14638.6,14683.85,0.309,14:00,14629.75,0.37
2021-05-21,Friday,weekly,Down to Up,Down to Up,Match,0,19.65,19.08,Medium (15-20),FII Hedging (bought puts >20K),PRO Hedging (bought puts >20K),-86155,Bearish,-1163,Neutral,49833.98,50540.48,1.418,15101.05,15183.55,0.546,14:10,15093.35,0.598
2021-05-28,Friday,monthly,Down to Up,Top to Down,Mismatch,0,19.91,17.4,Medium (15-20),FII Bullish (bought fut + sold puts),PRO Hedging (bought puts >20K),65646,Bullish,7384,Neutral,51381.27,51422.88,0.081,15463.8,15455.3,0.055,14:00,15466.25,0.071
2021-06-04,Friday,weekly,Top to Down,Down to Up,Mismatch,0,15.75,15.94,Medium (15-20),FII Neutral,PRO Neutral,15754,Neutral,31745,Mildly Bullish,52367.52,52100.05,0.511,15650.0,15670.65,0.132,14:05,15641.35,0.187
2021-06-11,Friday,weekly,Flat,Down to Up,Mismatch,0,15.0,14.1,Medium (15-20),FII Neutral,PRO Confident (sold puts >20K),28036,Neutral,174058,Strong Bullish,52477.19,52474.76,0.005,15789.35,15805.1,0.1,14:50,15783.25,0.138
2021-06-18,Friday,weekly,Top to Down,Down to Up,Mismatch,0,15.29,14.8,Medium (15-20),FII Neutral,PRO Neutral,6694,Neutral,61204,Bullish,52568.07,52344.45,0.425,15627.3,15719.85,0.592,15:00,15617.55,0.655
2021-06-25,Friday,monthly,Down to Up,Top to Down,Mismatch,0,15.1,13.37,Medium (15-20),FII Bullish (bought fut + sold puts),PRO Hedging (bought puts >20K),121302,Strong Bullish,140231,Strong Bullish,52877.16,52925.04,0.091,15855.25,15847.6,0.048,15:10,15870.2,0.142
2021-07-02,Friday,weekly,Down to Up,Down to Up,Match,0,12.84,12.09,Low (<15),FII Neutral,PRO Confident (sold puts >20K),-8820,Neutral,88753,Bullish,52434.55,52484.67,0.096,15677.35,15729.0,0.329,14:05,15663.6,0.418
2021-07-09,Friday,weekly,Top to Down,Down to Up,Mismatch,0,13.56,12.94,Low (<15),FII Very Bearish (sold fut >10K + bought puts >20K),PRO Hedging (bought puts >20K),-103680,Strong Bearish,-147406,Strong Bearish,52508.24,52386.19,0.232,15675.4,15697.05,0.138,14:30,15653.3,0.279
2021-07-16,Friday,weekly,Top to Down,Down to Up,Mismatch,0,12.27,11.71,Low (<15),FII Neutral,PRO Neutral,14364,Neutral,-22845,Neutral,53244.4,53140.06,0.196,15889.55,15923.6,0.214,14:05,15883.25,0.254
2021-07-23,Friday,weekly,Down to Up,Top to Down,Mismatch,0,11.89,11.76,Low (<15),FII Bullish (bought fut + sold puts),PRO Bearish (sold fut >10K),87055,Bullish,170684,Strong Bullish,52967.87,52975.8,0.015,15884.75,15850.8,0.214,14:00,15899.5,0.306
2021-07-30,Friday,monthly,Top to Down,Top to Down,Match,0,12.95,12.8,Low (<15),FII Bullish (bought fut + sold puts),PRO Bearish (sold fut >10K),97098,Bullish,113695,Strong Bullish,52792.36,52586.84,0.389,15856.3,15773.65,0.521,14:20,15862.35,0.559
2021-08-06,Friday,weekly,Top to Down,Down to Up,Mismatch,0,12.87,12.61,Low (<15),FII Neutral,PRO Hedging (bought puts >20K),1299,Neutral,-102115,Strong Bearish,54492.17,54277.72,0.394,16249.7,16254.7,0.031,15:10,16224.0,0.189
2021-08-13,Friday,weekly,Down to Up,Down to Up,Match,0,12.37,12.99,Low (<15),FII Mildly Bullish,PRO Confident (sold puts >20K),48102,Mildly Bullish,142249,Strong Bullish,54911.95,55437.29,0.957,16499.3,16519.5,0.122,14:00,16495.6,0.145
2021-08-20,Friday,weekly,Down to Up,Top to Down,Mismatch,0,12.91,14.02,Low (<15),FII Neutral,PRO Neutral,0,Neutral,0,Neutral,55159.13,55329.32,0.309,16436.8,16415.65,0.129,14:15,16506.5,0.55
2021-08-27,Friday,monthly,Down to Up,Top to Down,Mismatch,0,13.54,13.41,Low (<15),FII Bearish (sold fut >10K),PRO Hedging (bought puts >20K),59691,Bullish,-1209,Neutral,55862.93,56124.72,0.469,16700.9,16691.55,0.056,14:35,16720.75,0.175
2021-09-03,Friday,weekly,Down to Up,Down to Up,Match,0,14.24,14.54,Low (<15),FII Mildly Bullish,PRO Neutral,31765,Mildly Bullish,71298,Bullish,57983.45,58129.95,0.253,17283.3,17320.55,0.216,14:05,17228.55,0.534
2021-09-17,Friday,weekly,Top to Down,Top to Down,Match,0,14.41,15.23,Low (<15),FII Neutral,PRO Hedging (bought puts >20K),-14607,Neutral,-41982,Mildly Bearish,59409.98,59015.89,0.663,17658.3,17602.2,0.318,14:00,17658.85,0.321
2021-09-24,Friday,monthly,Top to Down,Top to Down,Match,0,16.6,16.92,Medium (15-20),FII Confident (sold puts >20K),PRO Confident (sold puts >20K),75304,Bullish,190842,Strong Bullish,60158.76,60048.47,0.183,17852.25,17841.55,0.06,14:50,17881.4,0.223
2021-10-01,Friday,weekly,Top to Down,Down to Up,Mismatch,0,18.4,17.21,Medium (15-20),FII Bullish (bought fut + sold puts),PRO Very Bearish (sold fut >10K + bought puts >20K),30538,Mildly Bullish,57989,Bullish,58889.77,58765.58,0.211,17498.65,17526.35,0.158,14:00,17492.2,0.195
2021-10-08,Friday,weekly,Down to Up,Down to Up,Match,0,16.16,15.65,Medium (15-20),FII Bullish (bought fut + sold puts),PRO Confident (sold puts >20K),56253,Bullish,221600,Strong Bullish,59960.39,60059.06,0.165,17891.3,17907.5,0.091,15:25,17886.45,0.118
2021-10-22,Friday,weekly,Top to Down,Down to Up,Mismatch,0,18.04,17.55,Medium (15-20),FII Very Bearish (sold fut >10K + bought puts >20K),PRO Hedging (bought puts >20K),-31803,Mildly Bearish,93395,Bullish,61044.54,60821.62,0.365,18090.75,18111.5,0.115,14:25,18035.05,0.424
2021-10-29,Friday,monthly,Top to Down,Top to Down,Match,0,17.91,17.43,Medium (15-20),FII Bullish (bought fut + sold puts),PRO Hedging (bought puts >20K),27139,Neutral,60711,Bullish,59857.33,59306.93,0.92,17719.8,17708.8,0.062,14:35,17765.2,0.317
2021-11-12,Friday,weekly,Down to Up,Down to Up,Match,0,16.35,15.22,Medium (15-20),FII Neutral,PRO Confident (sold puts >20K),403,Neutral,112994,Strong Bullish,60248.04,60686.69,0.728,18058.4,18098.65,0.223,14:00,18045.95,0.292
2021-11-26,Friday,monthly,Top to Down,Top to Down,Match,0,16.66,20.8,Medium (15-20),FII Bullish (bought fut + sold puts),PRO Very Bearish (sold fut >10K + bought puts >20K),75470,Bullish,126407,Strong Bullish,58254.79,57107.15,1.97,17076.4,17006.55,0.409,14:20,17158.95,0.888
2021-12-03,Friday,weekly,Top to Down,Top to Down,Match,0,18.09,18.45,Medium (15-20),FII Neutral,PRO Neutral,9392,Neutral,53034,Bullish,58555.58,57696.46,1.467,17280.85,17210.3,0.408,14:00,17281.85,0.414
2021-12-10,Friday,weekly,Down to Up,Down to Up,Match,0,16.6,16.06,Medium (15-20),FII Hedging (bought puts >20K),PRO Hedging (bought puts >20K),-28325,Neutral,-151167,Strong Bearish,58696.71,58786.67,0.153,17449.1,17499.2,0.287,14:00,17441.85,0.329
2021-12-17,Friday,weekly,Top to Down,Top to Down,Match,0,15.9,16.34,Medium (15-20),FII Confident (sold puts >20K),PRO Confident (sold puts >20K),41400,Mildly Bullish,146099,Strong Bullish,58021.63,57011.74,1.741,17093.95,16994.05,0.584,14:00,17107.65,0.664
2021-12-24,Friday,weekly,Top to Down,Top to Down,Match,0,15.83,16.15,Medium (15-20),FII Hedging (bought puts >20K),PRO Very Bearish (sold fut >10K + bought puts >20K),15910,Neutral,-36698,Mildly Bearish,57567.11,57124.31,0.769,17010.55,16999.9,0.063,14:45,17068.15,0.4
2021-12-31,Friday,monthly,Down to Up,Top to Down,Mismatch,0,16.57,16.22,Medium (15-20),FII Confident (sold puts >20K),PRO Hedging (bought puts >20K),108404,Strong Bullish,89356,Bullish,57849.76,58253.82,0.698,17376.9,17364.25,0.073,14:05,17384.65,0.117
2022-01-07,Friday,weekly,Top to Down,Down to Up,Mismatch,0,17.98,17.6,Medium (15-20),FII Very Bearish (sold fut >10K + bought puts >20K),PRO Hedging (bought puts >20K),-86668,Bearish,-175789,Strong Bearish,59776.1,59744.65,0.053,17793.6,17818.2,0.138,14:15,17740.1,0.44
2022-01-14,Friday,weekly,Down to Up,Top to Down,Mismatch,0,16.7,16.56,Medium (15-20),FII Mildly Bullish,PRO Hedging (bought puts >20K),17136,Neutral,-61215,Bearish,61040.32,61223.03,0.299,18243.4,18235.5,0.043,15:05,18286.6,0.279
2022-01-21,Friday,weekly,Flat,Down to Up,Mismatch,0,17.79,18.89,Medium (15-20),FII Bearish (sold fut >10K),PRO Hedging (bought puts >20K),-51177,Bearish,172273,Strong Bullish,59039.37,59037.18,0.004,17627.4,17650.45,0.131,14:55,17487.2,0.934
2022-01-28,Friday,monthly,Top to Down,Top to Down,Match,0,21.07,20.7,High (>20),FII Bearish (sold fut >10K),PRO Hedging (bought puts >20K),-46178,Mildly Bearish,2746,Neutral,57795.11,57200.23,1.029,17246.15,17106.35,0.811,14:00,17246.35,0.812
2022-02-04,Friday,weekly,Top to Down,Top to Down,Match,0,19.16,18.9,Medium (15-20),FII Very Bearish (sold fut >10K + bought puts >20K),PRO Very Bearish (sold fut >10K + bought puts >20K),-48433,Mildly Bearish,-145731,Strong Bearish,58918.65,58644.82,0.465,17552.45,17503.0,0.282,14:00,17565.1,0.354
2022-02-11,Friday,weekly,Top to Down,Top to Down,Match,0,17.71,18.68,Medium (15-20),FII Bullish (bought fut + sold puts),PRO Hedging (bought puts >20K),63377,Bullish,21604,Neutral,58447.15,58152.92,0.503,17415.05,17345.55,0.399,14:00,17415.05,0.399
2022-02-18,Friday,weekly,Down to Up,Top to Down,Mismatch,0,22.01,22.17,High (>20),FII Mildly Bullish,PRO Very Bearish (sold fut >10K + bought puts >20K),-13681,Neutral,92793,Bullish,57488.39,57832.97,0.599,17352.15,17268.75,0.481,14:00,17358.5,0.517
2022-02-25,Friday,monthly,Down to Up,Down to Up,Match,0,31.98,26.74,High (>20),FII Bearish (sold fut >10K),PRO Neutral,-13515,Neutral,77560,Bullish,55321.72,55858.52,0.97,16645.7,16668.8,0.139,14:35,16627.75,0.247
2022-03-04,Friday,weekly,Top to Down,Top to Down,Match,0,28.16,27.96,High (>20),FII Hedging (bought puts >20K),PRO Hedging (bought puts >20K),-8524,Neutral,114473,Strong Bullish,54653.59,54333.81,0.585,16427.95,16243.55,1.122,14:00,16427.95,1.122
2022-03-11,Friday,weekly,Down to Up,Down to Up,Match,0,25.58,25.35,High (>20),FII Bullish (bought fut + sold puts),PRO Very Bearish (sold fut >10K + bought puts >20K),13339,Neutral,5726,Neutral,55218.78,55550.3,0.6,16606.45,16620.5,0.085,14:05,16582.3,0.23
2022-03-25,Friday,monthly,Top to Down,Down to Up,Mismatch,0,23.93,23.43,High (>20),FII Neutral,PRO Hedging (bought puts >20K),-4028,Neutral,148281,Strong Bullish,57801.72,57362.2,0.76,17102.6,17177.95,0.441,14:05,17077.05,0.591
2022-04-01,Friday,weekly,Down to Up,Down to Up,Match,0,20.56,18.43,High (>20),FII Bullish (bought fut + sold puts),PRO Very Bearish (sold fut >10K + bought puts >20K),21877,Neutral,-46435,Mildly Bearish,58530.73,59276.69,1.274,17579.85,17688.35,0.617,14:30,17570.1,0.673
2022-04-08,Friday,weekly,Down to Up,Down to Up,Match,0,19.0,17.69,Medium (15-20),FII Very Bearish (sold fut >10K + bought puts >20K),PRO Hedging (bought puts >20K),-69423,Bearish,66022,Bullish,59256.97,59447.18,0.321,17793.35,17800.3,0.039,15:10,17764.15,0.203
2022-04-22,Friday,weekly,Top to Down,Top to Down,Match,0,17.85,18.35,Medium (15-20),FII Neutral,PRO Bearish (sold fut >10K),16162,Neutral,208454,Strong Bullish,57531.95,57197.15,0.582,17268.6,17172.1,0.559,14:00,17274.2,0.591
2022-04-29,Friday,monthly,Top to Down,Top to Down,Match,0,19.38,19.42,Medium (15-20),FII Bullish (bought fut + sold puts),PRO Hedging (bought puts >20K),105192,Strong Bullish,252182,Strong Bullish,57817.51,57060.87,1.309,17340.95,17111.6,1.323,14:00,17342.5,1.331
2022-05-06,Friday,weekly,Top to Down,Down to Up,Mismatch,0,20.29,21.25,High (>20),FII Bullish (bought fut + sold puts),PRO Hedging (bought puts >20K),71408,Bullish,260255,Strong Bullish,54928.29,54835.58,0.169,16414.25,16438.25,0.146,15:05,16376.8,0.375
2022-05-13,Friday,weekly,Top to Down,Top to Down,Match,0,24.27,23.49,High (>20),FII Bearish (sold fut >10K),PRO Hedging (bought puts >20K),-68344,Bearish,27825,Neutral,53565.74,52793.62,1.441,16022.7,15767.15,1.595,14:00,16034.5,1.667
2022-05-20,Friday,weekly,Down to Up,Down to Up,Match,0,24.56,23.1,High (>20),FII Bearish (sold fut >10K),PRO Hedging (bought puts >20K),-23559,Neutral,-2084,Neutral,53513.97,54326.39,1.518,16200.8,16278.7,0.481,14:25,16183.7,0.587
2022-06-03,Friday,weekly,Top to Down,Top to Down,Match,0,20.32,19.98,High (>20),FII Bearish (sold fut >10K),PRO Hedging (bought puts >20K),7055,Neutral,93007,Bullish,56245.6,55769.23,0.847,16688.8,16583.6,0.63,14:05,16720.0,0.816
2022-06-10,Friday,weekly,Top to Down,Top to Down,Match,0,19.14,19.58,Medium (15-20),FII Bearish (sold fut >10K),PRO Hedging (bought puts >20K),48503,Mildly Bullish,314524,Strong Bullish,54760.25,54303.44,0.834,16213.25,16191.45,0.134,15:05,16229.25,0.233
2022-06-17,Friday,weekly,Down to Up,Down to Up,Match,0,22.87,22.76,High (>20),FII Bearish (sold fut >10K),PRO Hedging (bought puts >20K),6088,Neutral,103123,Strong Bullish,51181.99,51360.42,0.349,15316.35,15330.75,0.094,14:20,15250.05,0.529
2022-06-24,Friday,monthly,Down to Up,Down to Up,Match,0,20.88,20.55,High (>20),FII Mildly Bullish,PRO Hedging (bought puts >20K),17423,Neutral,166782,Strong Bullish,52654.24,52727.98,0.14,15683.45,15698.95,0.099,14:05,15672.0,0.172
2022-07-01,Friday,weekly,Down to Up,Down to Up,Match,0,21.84,21.25,High (>20),FII Bullish (bought fut + sold puts),PRO Very Bearish (sold fut >10K + bought puts >20K),57007,Bullish,132535,Strong Bullish,52863.34,52907.93,0.084,15666.25,15764.0,0.624,14:30,15634.0,0.832
2022-07-08,Friday,weekly,Top to Down,Down to Up,Mismatch,0,19.2,18.4,Medium (15-20),FII Mildly Bullish,PRO Hedging (bought puts >20K),-3773,Neutral,-191976,Strong Bearish,54574.43,54481.84,0.17,16188.75,16217.5,0.178,14:30,16157.9,0.369
2022-07-15,Friday,weekly,Down to Up,Down to Up,Match,0,18.34,17.6,Medium (15-20),FII Neutral,PRO Very Bearish (sold fut >10K + bought puts >20K),71748,Bullish,214964,Strong Bullish,53637.88,53760.78,0.229,15973.4,16052.85,0.497,14:00,15959.15,0.587
2022-07-22,Friday,weekly,Down to Up,Down to Up,Match,0,16.86,16.65,Medium (15-20),FII Bullish (bought fut + sold puts),PRO Hedging (bought puts >20K),76732,Bullish,-62242,Bearish,55800.84,56072.23,0.486,16706.1,16714.3,0.049,14:00,16699.2,0.09
2022-07-29,Friday,monthly,Down to Up,Down to Up,Match,0,17.01,16.55,Medium (15-20),FII Bullish (bought fut + sold puts),PRO Hedging (bought puts >20K),92004,Bullish,-107218,Strong Bearish,57258.13,57570.25,0.545,17103.3,17157.95,0.32,14:15,17061.5,0.565
2022-08-05,Friday,weekly,Top to Down,Top to Down,Match,0,19.26,18.92,Medium (15-20),FII Mildly Bearish,PRO Hedging (bought puts >20K),-17138,Neutral,-261198,Strong Bearish,58421.04,58387.93,0.057,17416.65,17389.05,0.158,14:00,17420.35,0.18
2022-08-12,Friday,weekly,Down to Up,Top to Down,Mismatch,0,18.36,17.61,Medium (15-20),FII Confident (sold puts >20K),PRO Hedging (bought puts >20K),68000,Bullish,-17065,Neutral,59235.98,59462.78,0.383,17706.85,17698.65,0.046,15:15,17713.5,0.084
2022-08-19,Friday,weekly,Top to Down,Top to Down,Match,0,17.35,18.29,Medium (15-20),FII Bearish (sold fut >10K),PRO Hedging (bought puts >20K),-45877,Mildly Bearish,-143286,Strong Bearish,60351.23,59646.15,1.168,17750.85,17726.95,0.135,14:45,17804.2,0.434
2022-08-26,Friday,monthly,Top to Down,Top to Down,Match,0,19.57,18.22,Medium (15-20),FII Bearish (sold fut >10K),PRO Hedging (bought puts >20K),53805,Bullish,-28305,Neutral,59050.67,58833.87,0.367,17587.7,17582.9,0.027,14:00,17611.2,0.161
2022-09-02,Friday,weekly,Top to Down,Top to Down,Match,0,19.87,19.55,Medium (15-20),FII Bearish (sold fut >10K),PRO Hedging (bought puts >20K),-83465,Bearish,-334952,Strong Bearish,58969.02,58803.33,0.281,17591.95,17527.85,0.364,14:15,17623.45,0.542
2022-09-09,Friday,weekly,Top to Down,Top to Down,Match,0,18.31,17.72,Medium (15-20),FII Confident (sold puts >20K),PRO Hedging (bought puts >20K),85437,Bullish,199994,Strong Bullish,60045.75,59793.14,0.421,17847.9,17829.3,0.104,14:50,17868.3,0.218
2022-09-16,Friday,weekly,Top to Down,Top to Down,Match,0,18.39,19.82,Medium (15-20),FII Bearish (sold fut >10K),PRO Hedging (bought puts >20K),-34129,Mildly Bearish,-204360,Strong Bearish,59585.72,58840.79,1.25,17560.9,17550.1,0.062,15:00,17618.9,0.39
2022-09-23,Friday,weekly,Top to Down,Top to Down,Match,0,18.82,20.59,Medium (15-20),FII Bearish (sold fut >10K),PRO Hedging (bought puts >20K),-46519,Mildly Bearish,-18,Neutral,59005.18,58098.92,1.536,17372.9,17332.25,0.234,14:10,17374.75,0.245
2022-09-30,Friday,monthly,Down to Up,Top to Down,Mismatch,0,21.3,19.97,High (>20),FII Bearish (sold fut >10K),PRO Hedging (bought puts >20K),13297,Neutral,292638,Strong Bullish,56240.15,57426.92,2.11,17137.6,17107.2,0.177,14:25,17186.8,0.463
2022-10-07,Friday,weekly,Down to Up,Down to Up,Match,0,19.32,18.81,Medium (15-20),FII Confident (sold puts >20K),PRO Hedging (bought puts >20K),-46090,Mildly Bearish,-225614,Strong Bearish,58092.56,58191.29,0.17,17280.8,17316.15,0.205,14:00,17274.4,0.242
2022-10-14,Friday,weekly,Top to Down,Top to Down,Match,0,20.29,18.26,High (>20),FII Neutral,PRO Hedging (bought puts >20K),-33176,Mildly Bearish,-106972,Strong Bearish,58162.74,57919.97,0.417,17243.0,17200.35,0.247,14:10,17271.7,0.413
2022-10-21,Friday,weekly,Top to Down,Top to Down,Match,0,17.23,17.28,Medium (15-20),FII Bearish (sold fut >10K),PRO Hedging (bought puts >20K),-51077,Bearish,-136483,Strong Bearish,59381.36,59307.15,0.125,17602.0,17583.75,0.104,14:00,17603.9,0.114
2022-10-28,Friday,monthly,Down to Up,Down to Up,Match,0,16.6,15.92,Medium (15-20),FII Bullish (bought fut + sold puts),PRO Very Bearish (sold fut >10K + bought puts >20K),185327,Strong Bullish,29548,Neutral,59746.8,59959.85,0.357,17728.45,17795.95,0.381,14:00,17726.9,0.39
2022-11-04,Friday,weekly,Down to Up,Down to Up,Match,0,15.94,15.66,Medium (15-20),FII Bearish (sold fut >10K),PRO Hedging (bought puts >20K),5377,Neutral,47896,Mildly Bullish,60698.27,60950.36,0.415,18052.05,18127.9,0.42,14:05,18042.05,0.476
2022-11-11,Friday,weekly,Down to Up,Down to Up,Match,0,15.57,14.41,Medium (15-20),FII Bearish (sold fut >10K),PRO Hedging (bought puts >20K),34954,Mildly Bullish,-6937,Neutral,61311.02,61795.04,0.789,18341.55,18355.3,0.075,14:00,18322.2,0.181
2022-11-18,Friday,weekly,Top to Down,Down to Up,Mismatch,0,14.88,14.39,Low (<15),FII Hedging (bought puts >20K),PRO Hedging (bought puts >20K),-118220,Strong Bearish,-211175,Strong Bearish,61858.2,61663.48,0.315,18216.8,18304.35,0.481,14:15,18210.6,0.515
2022-11-25,Friday,monthly,Top to Down,Top to Down,Match,0,13.48,13.33,Low (<15),FII Bullish (bought fut + sold puts),PRO Hedging (bought puts >20K),117717,Strong Bullish,105384,Strong Bullish,62327.88,62293.64,0.055,18501.3,18498.4,0.016,15:10,18534.7,0.196
2022-12-02,Friday,weekly,Top to Down,Down to Up,Mismatch,0,13.36,13.45,Low (<15),FII Hedging (bought puts >20K),PRO Hedging (bought puts >20K),-133003,Strong Bearish,-260122,Strong Bearish,62978.58,62868.5,0.175,18689.5,18705.2,0.084,14:40,18675.95,0.157
2022-12-09,Friday,weekly,Top to Down,Down to Up,Mismatch,0,13.4,13.48,Low (<15),FII Confident (sold puts >20K),PRO Bearish (sold fut >10K),155273,Strong Bullish,243431,Strong Bullish,62690.86,62181.67,0.812,18471.55,18493.25,0.117,14:20,18411.15,0.446
2022-12-16,Friday,weekly,Top to Down,Top to Down,Match,0,13.73,14.07,Low (<15),FII Bearish (sold fut >10K),PRO Hedging (bought puts >20K),-96455,Bearish,-295488,Strong Bearish,61534.24,61337.81,0.319,18320.15,18270.1,0.273,14:10,18356.05,0.468
2022-12-23,Friday,weekly,Top to Down,Top to Down,Match,0,15.19,16.16,Medium (15-20),FII Confident (sold puts >20K),PRO Bearish (sold fut >10K),81629,Bullish,229477,Strong Bullish,60205.56,59845.29,0.598,17863.6,17824.1,0.221,14:35,17883.6,0.333
2022-12-30,Friday,monthly,Top to Down,Top to Down,Match,0,14.81,14.87,Low (<15),FII Bullish (bought fut + sold puts),PRO Hedging (bought puts >20K),56387,Bullish,-44759,Mildly Bearish,61329.16,60840.74,0.796,18169.35,18117.05,0.288,14:55,18206.7,0.492
2023-01-06,Friday,weekly,Top to Down,Down to Up,Mismatch,0,14.98,15.03,Low (<15),FII Bullish (bought fut + sold puts),PRO Very Bearish (sold fut >10K + bought puts >20K),131632,Strong Bullish,250251,Strong Bullish,60388.74,59900.37,0.809,17839.45,17865.85,0.148,14:20,17797.55,0.384
2023-01-13,Friday,weekly,Down to Up,Top to Down,Mismatch,0,15.28,14.46,Medium (15-20),FII Confident (sold puts >20K),PRO Hedging (bought puts >20K),59411,Bullish,7707,Neutral,60044.96,60261.18,0.36,17980.5,17950.5,0.167,14:10,17998.95,0.269
2023-01-20,Friday,weekly,Top to Down,Top to Down,Match,0,13.96,13.79,Low (<15),FII Hedging (bought puts >20K),PRO Hedging (bought puts >20K),-174899,Strong Bearish,-338818,Strong Bearish,60901.16,60621.77,0.459,18056.15,18027.3,0.16,14:15,18065.1,0.209
2023-01-27,Friday,monthly,Top to Down,Down to Up,Mismatch,0,14.66,17.32,Low (<15),FII Neutral,PRO Neutral,0,Neutral,0,Neutral,60166.9,59330.9,1.389,17542.0,17607.9,0.376,14:25,17494.2,0.65
2023-02-03,Friday,weekly,Down to Up,Down to Up,Match,0,15.73,14.4,Medium (15-20),FII Very Bearish (sold fut >10K + bought puts >20K),PRO Hedging (bought puts >20K),-37281,Mildly Bearish,163846,Strong Bullish,60350.01,60841.88,0.815,17744.9,17830.8,0.484,14:10,17733.7,0.548
2023-02-10,Friday,weekly,Top to Down,Flat,Flat,0,13.04,12.75,Low (<15),FII Neutral,PRO Hedging (bought puts >20K),14200,Neutral,-114278,Strong Bearish,60706.81,60682.7,0.04,17842.75,17843.35,0.003,,,0.0
2023-02-17,Friday,weekly,Down to Up,Down to Up,Match,0,12.89,13.09,Low (<15),FII Hedging (bought puts >20K),PRO Hedging (bought puts >20K),-102406,Strong Bearish,-376956,Strong Bearish,60993.54,61002.57,0.015,17900.85,17942.6,0.233,14:10,17892.15,0.282
2023-02-24,Friday,monthly,Top to Down,Top to Down,Match,0,15.08,14.19,Medium (15-20),FII Confident (sold puts >20K),PRO Very Bearish (sold fut >10K + bought puts >20K),56550,Bullish,343050,Strong Bullish,59859.48,59463.93,0.661,17478.15,17465.45,0.073,14:00,17484.5,0.109
2023-03-03,Friday,weekly,Down to Up,Top to Down,Mismatch,0,12.97,12.18,Low (<15),FII Mildly Bearish,PRO Hedging (bought puts >20K),-73899,Bearish,-282886,Strong Bearish,59241.2,59808.97,0.958,17597.75,17592.3,0.031,14:55,17644.7,0.297
2023-03-10,Friday,weekly,Top to Down,Down to Up,Mismatch,0,12.73,13.41,Low (<15),FII Very Bearish (sold fut >10K + bought puts >20K),PRO Hedging (bought puts >20K),-177043,Strong Bearish,-415588,Strong Bearish,59259.83,59135.13,0.21,17391.65,17418.6,0.155,14:50,17367.15,0.296
2023-03-17,Friday,weekly,Top to Down,Down to Up,Mismatch,0,16.22,14.77,Medium (15-20),FII Very Bearish (sold fut >10K + bought puts >20K),PRO Hedging (bought puts >20K),-45912,Mildly Bearish,314393,Strong Bullish,58038.17,57989.9,0.083,17068.15,17123.7,0.325,14:25,17008.7,0.676
2023-03-24,Friday,weekly,Top to Down,Top to Down,Match,0,14.49,15.24,Low (<15),FII Hedging (bought puts >20K),PRO Very Bearish (sold fut >10K + bought puts >20K),-19282,Neutral,-193899,Strong Bearish,57890.66,57527.1,0.628,17042.0,16932.6,0.642,14:00,17043.1,0.648
2023-03-31,Friday,monthly,Down to Up,Down to Up,Match,0,13.63,12.94,Low (<15),FII Neutral,PRO Neutral,0,Neutral,0,Neutral,58273.86,58991.52,1.232,17355.9,17358.3,0.014,15:20,17337.7,0.119
2023-04-21,Friday,weekly,Down to Up,Down to Up,Match,0,11.94,11.63,Low (<15),FII Hedging (bought puts >20K),PRO Hedging (bought puts >20K),51406,Bullish,90578,Bullish,59538.79,59655.06,0.195,17604.75,17618.9,0.08,14:05,17596.3,0.128
2023-04-28,Friday,monthly,Down to Up,Down to Up,Match,0,11.43,10.95,Low (<15),FII Confident (sold puts >20K),PRO Hedging (bought puts >20K),26314,Neutral,-339386,Strong Bearish,60721.61,61112.44,0.644,17977.5,18048.9,0.397,14:25,17962.95,0.478
2023-05-05,Friday,weekly,Top to Down,Top to Down,Match,0,11.73,12.3,Low (<15),FII Confident (sold puts >20K),PRO Hedging (bought puts >20K),10511,Neutral,19920,Neutral,61163.1,61054.29,0.178,18118.45,18069.95,0.268,14:15,18146.6,0.422
2023-05-12,Friday,weekly,Down to Up,Top to Down,Mismatch,0,13.22,12.85,Low (<15),FII Hedging (bought puts >20K),PRO Hedging (bought puts >20K),-2275,Neutral,-90734,Bearish,61857.69,62027.9,0.275,18332.2,18312.2,0.109,14:05,18342.0,0.162
2023-05-19,Friday,weekly,Down to Up,Down to Up,Match,0,12.8,12.3,Low (<15),FII Hedging (bought puts >20K),PRO Hedging (bought puts >20K),108756,Strong Bullish,98856,Bullish,61556.25,61729.68,0.282,18142.05,18205.45,0.349,14:00,18142.05,0.349
2023-05-26,Friday,monthly,Down to Up,Down to Up,Match,0,12.52,11.9,Low (<15),FII Bullish (bought fut + sold puts),PRO Hedging (bought puts >20K),110653,Strong Bullish,125719,Strong Bullish,61985.36,62501.69,0.833,18466.35,18491.9,0.138,14:00,18466.35,0.138
2023-06-02,Friday,weekly,Top to Down,Top to Down,Match,0,11.6,11.13,Low (<15),FII Bearish (sold fut >10K),PRO Hedging (bought puts >20K),-61707,Bearish,-91840,Bearish,62601.97,62547.11,0.088,18555.3,18525.85,0.159,14:00,18563.6,0.203
2023-06-09,Friday,weekly,Top to Down,Top to Down,Match,0,11.26,11.12,Low (<15),FII Hedging (bought puts >20K),PRO Hedging (bought puts >20K),-106910,Strong Bearish,-458051,Strong Bearish,62810.68,62625.63,0.295,18582.9,18567.3,0.084,14:35,18592.65,0.136
2023-06-16,Friday,weekly,Down to Up,Down to Up,Match,0,11.08,10.84,Low (<15),FII Mildly Bearish,PRO Hedging (bought puts >20K),-113096,Strong Bearish,-187835,Strong Bearish,62960.73,63384.58,0.673,18765.75,18823.6,0.308,14:00,18764.3,0.316
2023-06-23,Friday,weekly,Top to Down,Top to Down,Match,0,11.55,11.24,Low (<15),FII Hedging (bought puts >20K),PRO Hedging (bought puts >20K),-61672,Bearish,-260838,Strong Bearish,63124.28,62979.37,0.23,18705.35,18668.55,0.197,14:00,18708.4,0.213
2023-06-30,Friday,monthly,Down to Up,Down to Up,Match,0,10.89,10.8,Low (<15),FII Neutral,PRO Neutral,0,Neutral,0,Neutral,64068.44,64718.56,1.015,19153.6,19183.2,0.155,14:05,19137.7,0.238
2023-07-07,Friday,weekly,Top to Down,Top to Down,Match,0,11.84,11.53,Low (<15),FII Neutral,PRO Hedging (bought puts >20K),-10059,Neutral,-50430,Bearish,65559.41,65280.45,0.426,19369.2,19324.65,0.23,14:45,19418.9,0.485
2023-07-14,Friday,weekly,Down to Up,Down to Up,Match,0,10.94,10.68,Low (<15),FII Confident (sold puts >20K),PRO Neutral,90172,Bullish,239453,Strong Bullish,65775.49,66060.9,0.434,19496.4,19587.35,0.466,14:55,19482.95,0.536
2023-07-28,Friday,monthly,Top to Down,Down to Up,Mismatch,0,10.51,10.14,Low (<15),FII Bearish (sold fut >10K),PRO Hedging (bought puts >20K),-4180,Neutral,-237969,Strong Bearish,66266.35,66160.2,0.16,19588.9,19638.0,0.251,14:00,19578.7,0.303
2023-08-04,Friday,weekly,Down to Up,Down to Up,Match,0,11.19,10.57,Low (<15),FII Bearish (sold fut >10K),PRO Hedging (bought puts >20K),-37777,Mildly Bearish,132882,Strong Bullish,65453.55,65721.25,0.409,19461.45,19510.05,0.25,14:00,19450.7,0.305
2023-08-11,Friday,weekly,Top to Down,Top to Down,Match,0,11.4,11.52,Low (<15),FII Bearish (sold fut >10K),PRO Hedging (bought puts >20K),-93609,Bearish,-174690,Strong Bearish,65727.8,65322.65,0.616,19482.8,19424.25,0.301,14:30,19486.0,0.317
2023-08-18,Friday,weekly,Top to Down,Top to Down,Match,0,12.24,12.14,Low (<15),FII Confident (sold puts >20K),PRO Hedging (bought puts >20K),-60630,Bearish,-106068,Strong Bearish,65025.71,64948.66,0.118,19305.6,19281.5,0.125,14:15,19373.8,0.476
2023-08-25,Friday,monthly,Top to Down,Top to Down,Match,0,11.7,12.08,Low (<15),FII Hedging (bought puts >20K),PRO Hedging (bought puts >20K),-80878,Bearish,-401810,Strong Bearish,65000.67,64886.51,0.176,19299.8,19244.3,0.288,14:05,19309.0,0.335
2023-09-01,Friday,weekly,Down to Up,Down to Up,Match,0,12.06,11.37,Low (<15),FII Bullish (bought fut + sold puts),PRO Hedging (bought puts >20K),-3364,Neutral,262144,Strong Bullish,64855.51,65387.16,0.82,19416.65,19423.35,0.035,14:00,19416.55,0.035
2023-09-08,Friday,weekly,Down to Up,Top to Down,Mismatch,0,10.87,10.78,Low (<15),FII Bullish (bought fut + sold puts),PRO Bearish (sold fut >10K),114927,Strong Bullish,123001,Strong Bullish,66381.43,66598.91,0.328,19827.6,19820.5,0.036,14:30,19867.15,0.235
2023-09-15,Friday,weekly,Down to Up,Flat,Flat,0,11.32,10.9,Low (<15),FII Hedging (bought puts >20K),PRO Hedging (bought puts >20K),-64659,Bearish,-117147,Strong Bearish,67659.91,67838.63,0.264,20169.45,20169.0,0.002,,,0.0
2023-09-22,Friday,weekly,Top to Down,Top to Down,Match,0,10.82,10.66,Low (<15),FII Very Bearish (sold fut >10K + bought puts >20K),PRO Bearish (sold fut >10K),-102874,Strong Bearish,-103890,Strong Bearish,66215.04,66009.15,0.311,19704.5,19684.6,0.101,14:30,19722.6,0.193
2023-09-29,Friday,monthly,Down to Up,Top to Down,Mismatch,0,12.82,11.45,Low (<15),FII Very Bearish (sold fut >10K + bought puts >20K),PRO Hedging (bought puts >20K),-40299,Mildly Bearish,-153602,Strong Bearish,65743.93,65828.41,0.128,19699.95,19638.2,0.313,14:30,19726.25,0.446
2023-10-06,Friday,weekly,Down to Up,Top to Down,Mismatch,0,10.94,10.3,Low (<15),FII Confident (sold puts >20K),PRO Hedging (bought puts >20K),-14085,Neutral,32285,Mildly Bullish,65867.54,65995.63,0.194,19657.15,19649.9,0.037,15:00,19675.75,0.131
2023-10-13,Friday,weekly,Down to Up,Top to Down,Mismatch,0,10.62,10.62,Low (<15),FII Confident (sold puts >20K),PRO Hedging (bought puts >20K),-6933,Neutral,-56876,Bearish,66034.21,66282.74,0.376,19752.45,19730.95,0.109,14:20,19805.4,0.376
2023-10-20,Friday,weekly,Top to Down,Flat,Flat,0,10.9,10.82,Low (<15),FII Hedging (bought puts >20K),PRO Confident (sold puts >20K),-55993,Bearish,104766,Strong Bullish,65437.07,65397.62,0.06,19543.4,19541.75,0.008,,,0.0
2023-10-27,Friday,monthly,Down to Up,Top to Down,Mismatch,0,11.73,10.91,Low (<15),FII Bearish (sold fut >10K),PRO Hedging (bought puts >20K),-128382,Strong Bearish,304025,Strong Bullish,63559.32,63782.8,0.352,19073.15,19060.5,0.066,14:35,19076.15,0.082
2023-11-03,Friday,weekly,Top to Down,Top to Down,Match,0,11.08,10.88,Low (<15),FII Bearish (sold fut >10K),PRO Neutral,-19619,Neutral,102354,Strong Bullish,64444.9,64363.78,0.126,19251.45,19226.05,0.132,14:25,19269.0,0.223
2023-11-10,Friday,weekly,Down to Up,Down to Up,Match,0,10.98,11.11,Low (<15),FII Hedging (bought puts >20K),PRO Confident (sold puts >20K),-20984,Neutral,71909,Bullish,64756.11,64904.68,0.229,19393.45,19443.45,0.258,14:30,19363.3,0.414
2023-11-17,Friday,weekly,Flat,Top to Down,Mismatch,0,11.65,11.83,Low (<15),FII Mildly Bullish,PRO Hedging (bought puts >20K),14767,Neutral,-84945,Bearish,65788.79,65794.73,0.009,19737.4,19719.7,0.09,14:10,19771.1,0.26
2023-11-24,Friday,monthly,Top to Down,Top to Down,Match,0,11.32,11.33,Low (<15),FII Hedging (bought puts >20K),PRO Neutral,-52024,Bearish,-15741,Neutral,66000.29,65970.04,0.046,19792.15,19788.7,0.017,14:15,19806.2,0.088
2023-12-01,Friday,weekly,Down to Up,Top to Down,Mismatch,0,12.69,12.38,Low (<15),FII Mildly Bullish,PRO Very Bearish (sold fut >10K + bought puts >20K),-50741,Bearish,-687127,Strong Bearish,67181.15,67481.19,0.447,20277.4,20255.75,0.107,14:05,20291.55,0.176
2023-12-08,Friday,weekly,Down to Up,Down to Up,Match,0,12.67,12.47,Low (<15),FII Confident (sold puts >20K),PRO Neutral,55956,Bullish,32605,Mildly Bullish,69666.38,69825.6,0.229,20891.6,20972.1,0.385,14:00,20883.45,0.424
2023-12-15,Friday,weekly,Down to Up,Down to Up,Match,0,12.32,13.13,Low (<15),FII Confident (sold puts >20K),PRO Confident (sold puts >20K),-12405,Neutral,82090,Bullish,70804.13,71483.75,0.96,21362.0,21448.7,0.406,14:15,21328.15,0.565
2023-12-22,Friday,weekly,Down to Up,Down to Up,Match,0,13.76,13.71,Low (<15),FII Confident (sold puts >20K),PRO Confident (sold puts >20K),35931,Mildly Bullish,470395,Strong Bullish,71045.65,71106.96,0.086,21254.65,21332.35,0.366,14:00,21251.55,0.38
2023-12-29,Friday,monthly,Top to Down,Down to Up,Mismatch,0,15.14,14.5,Medium (15-20),FII Confident (sold puts >20K),PRO Very Bearish (sold fut >10K + bought puts >20K),75097,Bullish,-559008,Strong Bearish,72351.59,72240.26,0.154,21716.25,21728.3,0.055,14:20,21676.9,0.237
2024-01-05,Friday,weekly,Down to Up,Down to Up,Match,0,13.33,12.63,Low (<15),FII Confident (sold puts >20K),PRO Confident (sold puts >20K),105742,Strong Bullish,328494,Strong Bullish,72016.71,72026.15,0.013,21678.75,21709.55,0.142,14:20,21629.2,0.371
2024-01-12,Friday,weekly,Down to Up,Down to Up,Match,0,12.77,13.1,Low (<15),FII Confident (sold puts >20K),PRO Hedging (bought puts >20K),-15595,Neutral,-210651,Strong Bearish,72148.07,72568.45,0.583,21894.6,21908.25,0.062,15:10,21852.6,0.255
2024-01-19,Friday,weekly,Top to Down,Down to Up,Mismatch,0,14.07,13.88,Low (<15),FII Very Bearish (sold fut >10K + bought puts >20K),PRO Confident (sold puts >20K),-92919,Bearish,132040,Strong Bullish,71786.74,71683.23,0.144,21605.4,21638.2,0.152,14:15,21587.2,0.236
2024-02-02,Friday,weekly,Down to Up,Top to Down,Mismatch,0,14.46,14.7,Low (<15),FII Hedging (bought puts >20K),PRO Neutral,24832,Neutral,-20579,Neutral,71977.56,72085.63,0.15,21872.6,21853.3,0.088,14:40,21906.7,0.244
2024-02-09,Friday,weekly,Down to Up,Down to Up,Match,0,15.83,15.45,Medium (15-20),FII Very Bearish (sold fut >10K + bought puts >20K),PRO Hedging (bought puts >20K),-78256,Bearish,-344307,Strong Bearish,71410.29,71595.49,0.259,21743.85,21786.0,0.194,14:00,21738.0,0.221
2024-02-16,Friday,weekly,Down to Up,Top to Down,Mismatch,0,15.23,15.22,Medium (15-20),FII Confident (sold puts >20K),PRO Very Bearish (sold fut >10K + bought puts >20K),108641,Strong Bullish,-46356,Mildly Bearish,72406.02,72426.64,0.028,22053.8,22033.5,0.092,15:00,22067.5,0.154
2024-02-23,Friday,monthly,Top to Down,Top to Down,Match,0,15.2,14.97,Medium (15-20),FII Hedging (bought puts >20K),PRO Bearish (sold fut >10K),-12012,Neutral,136657,Strong Bullish,73394.44,73142.8,0.343,22237.5,22194.25,0.194,14:40,22251.3,0.256
2024-03-01,Friday,weekly,Down to Up,Down to Up,Match,0,15.57,15.24,Medium (15-20),FII Very Bearish (sold fut >10K + bought puts >20K),PRO Bullish (bought fut + sold puts),94947,Bullish,759564,Strong Bullish,72606.31,73745.35,1.569,22319.7,22326.05,0.028,14:00,22311.25,0.066
2024-03-15,Friday,weekly,Top to Down,Top to Down,Match,0,13.62,13.69,Low (<15),FII Hedging (bought puts >20K),PRO Bullish (bought fut + sold puts),-12416,Neutral,277391,Strong Bullish,72886.77,72643.43,0.334,22006.65,21996.35,0.047,15:00,22052.85,0.256
2024-03-22,Friday,weekly,Down to Up,Top to Down,Mismatch,0,12.51,12.22,Low (<15),FII Hedging (bought puts >20K),PRO Confident (sold puts >20K),25304,Neutral,15173,Neutral,72231.66,72831.94,0.831,22092.05,22080.8,0.051,14:45,22180.7,0.45
2024-04-05,Friday,weekly,Top to Down,Down to Up,Mismatch,0,11.22,11.34,Low (<15),FII Neutral,PRO Hedging (bought puts >20K),48737,Mildly Bullish,47266,Mildly Bullish,74287.02,74248.22,0.052,22508.95,22523.4,0.064,14:40,22487.25,0.161
2024-04-12,Friday,weekly,Top to Down,Top to Down,Match,0,11.11,11.53,Low (<15),FII Neutral,PRO Neutral,0,Neutral,0,Neutral,74889.64,74244.9,0.861,22579.9,22519.4,0.268,14:00,22582.4,0.279
2024-04-19,Friday,weekly,Down to Up,Down to Up,Match,0,13.04,13.46,Low (<15),FII Very Bearish (sold fut >10K + bought puts >20K),PRO Hedging (bought puts >20K),-45634,Mildly Bearish,-113170,Strong Bearish,71999.65,73088.33,1.512,22141.25,22149.7,0.038,14:40,22100.6,0.222
2024-04-26,Friday,monthly,Top to Down,Down to Up,Mismatch,0,10.73,10.93,Low (<15),FII Bullish (bought fut + sold puts),PRO Bearish (sold fut >10K),112466,Strong Bullish,106626,Strong Bullish,74509.31,73730.16,1.046,22432.55,22450.2,0.079,15:05,22385.55,0.289
2024-05-03,Friday,weekly,Top to Down,Down to Up,Mismatch,0,13.45,14.62,Low (<15),FII Confident (sold puts >20K),PRO Mildly Bearish,-7564,Neutral,-67909,Bearish,75017.82,73878.15,1.519,22384.6,22456.7,0.322,14:00,22373.2,0.373
2024-05-10,Friday,weekly,Down to Up,Top to Down,Mismatch,0,18.2,18.47,Medium (15-20),FII Bearish (sold fut >10K),PRO Hedging (bought puts >20K),-202153,Strong Bearish,-210166,Strong Bearish,72475.45,72664.47,0.261,22059.7,22054.0,0.026,15:05,22072.4,0.083
2024-05-17,Friday,weekly,Down to Up,Top to Down,Mismatch,0,20.0,19.8,High (>20),FII Bearish (sold fut >10K),PRO Mildly Bullish,-28862,Neutral,108496,Strong Bullish,73711.31,73917.03,0.279,22473.2,22465.55,0.034,14:05,22493.3,0.123
2024-05-24,Friday,weekly,Down to Up,Top to Down,Mismatch,0,21.38,21.71,High (>20),FII Bullish (bought fut + sold puts),PRO Bearish (sold fut >10K),146536,Strong Bullish,203080,Strong Bullish,75335.45,75410.39,0.099,22999.45,22952.0,0.206,14:20,23026.4,0.323
2024-05-31,Friday,monthly,Top to Down,Top to Down,Match,0,24.18,24.6,High (>20),FII Bearish (sold fut >10K),PRO Hedging (bought puts >20K),-444137,Strong Bearish,-4550,Neutral,74208.53,73961.31,0.333,22601.5,22550.45,0.226,14:00,22631.4,0.358
2024-06-07,Friday,weekly,Down to Up,Down to Up,Match,0,16.8,16.88,Medium (15-20),FII Hedging (bought puts >20K),PRO Hedging (bought puts >20K),237645,Strong Bullish,107126,Strong Bullish,75031.79,76693.36,2.214,23200.9,23270.05,0.298,14:00,23192.1,0.336
2024-06-14,Friday,weekly,Down to Up,Down to Up,Match,0,13.49,12.82,Low (<15),FII Mildly Bullish,PRO Very Bearish (sold fut >10K + bought puts >20K),70992,Bullish,-62311,Bearish,76912.38,76992.77,0.105,23432.5,23454.15,0.092,14:00,23429.45,0.105
2024-06-21,Friday,weekly,Top to Down,Top to Down,Match,0,13.35,13.18,Low (<15),FII Bullish (bought fut + sold puts),PRO Confident (sold puts >20K),94481,Bullish,129362,Strong Bullish,77729.48,77209.9,0.668,23523.95,23453.15,0.301,14:05,23585.7,0.562
2024-06-28,Friday,monthly,Top to Down,Top to Down,Match,0,14.15,13.8,Low (<15),FII Bullish (bought fut + sold puts),PRO Very Bearish (sold fut >10K + bought puts >20K),189229,Strong Bullish,-93311,Bearish,79457.58,79032.73,0.535,24089.45,24009.8,0.331,14:10,24135.45,0.521
2024-07-05,Friday,weekly,Down to Up,Down to Up,Match,0,12.86,12.7,Low (<15),FII Hedging (bought puts >20K),PRO Mildly Bearish,23931,Neutral,-79314,Bearish,79778.98,79996.6,0.273,24249.1,24316.75,0.279,14:55,24204.2,0.465
2024-07-12,Friday,weekly,Down to Up,Top to Down,Mismatch,0,14.0,13.73,Low (<15),FII Bearish (sold fut >10K),PRO Mildly Bullish,68359,Bullish,227487,Strong Bullish,80093.62,80519.34,0.532,24551.85,24512.4,0.161,14:15,24581.05,0.279
2024-07-19,Friday,weekly,Top to Down,Top to Down,Match,0,14.51,14.83,Low (<15),FII Bullish (bought fut + sold puts),PRO Confident (sold puts >20K),96989,Bullish,51695,Bullish,81585.06,80604.65,1.202,24627.15,24525.85,0.411,14:00,24635.75,0.446
2024-07-26,Friday,monthly,Down to Up,Down to Up,Match,0,12.62,12.25,Low (<15),FII Bearish (sold fut >10K),PRO Hedging (bought puts >20K),77725,Bullish,64394,Bullish,80158.5,81332.72,1.465,24787.35,24851.75,0.26,14:20,24759.45,0.373
2024-08-02,Friday,weekly,Top to Down,Top to Down,Match,0,12.93,14.32,Low (<15),FII Bullish (bought fut + sold puts),PRO Hedging (bought puts >20K),112781,Strong Bullish,-285061,Strong Bearish,81158.99,80981.95,0.218,24801.5,24699.45,0.411,14:00,24808.9,0.441
2024-08-09,Friday,weekly,Top to Down,Top to Down,Match,0,16.6,15.34,Medium (15-20),FII Bearish (sold fut >10K),PRO Hedging (bought puts >20K),-52305,Bearish,-91170,Bearish,79984.24,79705.91,0.348,24367.15,24364.4,0.011,14:10,24389.6,0.103
2024-08-16,Friday,weekly,Down to Up,Down to Up,Match,0,15.44,14.4,Medium (15-20),FII Neutral,PRO Neutral,0,Neutral,0,Neutral,79754.85,80436.84,0.855,24481.7,24539.2,0.235,14:40,24473.25,0.269
2024-08-23,Friday,weekly,Top to Down,Top to Down,Match,0,13.0,13.55,Low (<15),FII Confident (sold puts >20K),PRO Hedging (bought puts >20K),43769,Mildly Bullish,-99327,Bearish,81165.65,81086.21,0.098,24835.65,24831.85,0.015,14:25,24848.85,0.068
2024-08-30,Friday,monthly,Top to Down,Down to Up,Mismatch,0,13.79,13.39,Low (<15),FII Bullish (bought fut + sold puts),PRO Hedging (bought puts >20K),198975,Strong Bullish,-11984,Neutral,82637.03,82365.77,0.328,25238.2,25247.0,0.035,15:00,25206.8,0.159
2024-09-06,Friday,weekly,Top to Down,Flat,Flat,0,14.21,15.22,Low (<15),FII Bearish (sold fut >10K),PRO Hedging (bought puts >20K),46515,Mildly Bullish,-87975,Bearish,82171.08,81183.93,1.201,24867.7,24868.5,0.003,,,0.0
2024-09-20,Friday,weekly,Down to Up,Down to Up,Match,0,12.47,12.79,Low (<15),FII Very Bearish (sold fut >10K + bought puts >20K),PRO Hedging (bought puts >20K),-8179,Neutral,16230,Neutral,83603.04,84544.31,1.126,25662.35,25820.35,0.616,14:20,25593.75,0.885
2024-09-27,Friday,monthly,Top to Down,Top to Down,Match,0,12.0,11.96,Low (<15),FII Bearish (sold fut >10K),PRO Hedging (bought puts >20K),88675,Bullish,-117156,Strong Bearish,85893.84,85571.85,0.375,26219.7,26175.0,0.17,14:00,26225.4,0.192
2024-10-04,Friday,weekly,Top to Down,Down to Up,Mismatch,0,13.17,14.13,Low (<15),FII Bearish (sold fut >10K),PRO Hedging (bought puts >20K),-263575,Strong Bearish,-241752,Strong Bearish,82244.25,81688.45,0.676,25046.15,25049.1,0.012,15:05,24966.8,0.33
2024-10-11,Friday,weekly,Top to Down,Down to Up,Mismatch,0,13.5,13.22,Low (<15),FII Bearish (sold fut >10K),PRO Hedging (bought puts >20K),81712,Bullish,76849,Bullish,81478.49,81381.36,0.119,24967.6,24975.05,0.03,14:15,24942.35,0.131
2024-10-18,Friday,weekly,Down to Up,Top to Down,Mismatch,0,13.39,13.04,Low (<15),FII Confident (sold puts >20K),PRO Very Bearish (sold fut >10K + bought puts >20K),-85201,Bearish,-89172,Bearish,80749.26,81224.75,0.589,24868.55,24862.65,0.024,15:00,24886.2,0.095
2024-10-25,Friday,monthly,Top to Down,Down to Up,Mismatch,0,13.97,14.63,Low (<15),FII Bullish (bought fut + sold puts),PRO Very Bearish (sold fut >10K + bought puts >20K),97455,Bullish,125700,Strong Bullish,80187.34,79402.29,0.979,24109.2,24211.8,0.426,14:20,24073.9,0.573
2024-11-08,Friday,weekly,Top to Down,Top to Down,Match,0,14.94,14.47,Low (<15),FII Bearish (sold fut >10K),PRO Hedging (bought puts >20K),-148689,Strong Bearish,-255036,Strong Bearish,79611.9,79486.32,0.158,24151.25,24110.35,0.169,14:40,24172.3,0.256
2024-11-22,Friday,weekly,Down to Up,Down to Up,Match,0,15.99,16.1,Medium (15-20),FII Confident (sold puts >20K),PRO Bullish (bought fut + sold puts),-70190,Bearish,76665,Bullish,77349.74,79117.11,2.285,23798.1,23873.5,0.317,14:00,23792.05,0.342
2024-11-29,Friday,monthly,Down to Up,Top to Down,Mismatch,0,15.21,14.43,Medium (15-20),FII Bullish (bought fut + sold puts),PRO Very Bearish (sold fut >10K + bought puts >20K),-310929,Strong Bearish,-424631,Strong Bearish,79032.99,79802.79,0.974,24144.4,24123.65,0.086,14:40,24188.45,0.268
2024-12-06,Friday,weekly,Top to Down,Top to Down,Match,0,14.53,14.14,Low (<15),FII Bullish (bought fut + sold puts),PRO Confident (sold puts >20K),-23444,Neutral,-144438,Strong Bearish,81887.54,81709.12,0.218,24682.1,24669.0,0.053,14:15,24699.05,0.122
2024-12-13,Friday,weekly,Down to Up,Down to Up,Match,0,13.19,13.05,Low (<15),FII Very Bearish (sold fut >10K + bought puts >20K),PRO Hedging (bought puts >20K),-63512,Bearish,52652,Bullish,81212.45,82133.12,1.134,24739.15,24781.3,0.17,14:50,24705.85,0.305
2024-12-20,Friday,weekly,Top to Down,Top to Down,Match,0,14.51,15.07,Low (<15),FII Bearish (sold fut >10K),PRO Hedging (bought puts >20K),-39150,Mildly Bearish,325240,Strong Bullish,79335.48,78041.59,1.631,23721.55,23631.35,0.38,14:25,23725.2,0.396
2024-12-27,Friday,monthly,Down to Up,Top to Down,Mismatch,0,14.04,13.24,Low (<15),FII Bullish (bought fut + sold puts),PRO Very Bearish (sold fut >10K + bought puts >20K),39914,Mildly Bullish,-237860,Strong Bearish,78607.62,78699.07,0.116,23857.5,23832.45,0.105,14:00,23868.45,0.151
2025-01-07,Tuesday,weekly,Down to Up,Down to Up,Match,0,15.65,14.66,Medium (15-20),FII Hedging (bought puts >20K),PRO Confident (sold puts >20K),71435,Bullish,-349177,Strong Bearish,78019.8,78199.11,0.23,23689.4,23694.6,0.022,14:45,23684.35,0.043
2025-01-14,Tuesday,weekly,Down to Up,Down to Up,Match,0,16.0,15.47,Medium (15-20),FII Very Bearish (sold fut >10K + bought puts >20K),PRO Confident (sold puts >20K),-109008,Strong Bearish,-78486,Bearish,76335.75,76499.63,0.215,23158.0,23206.85,0.211,14:05,23148.5,0.252
2025-01-21,Tuesday,weekly,Top to Down,Top to Down,Match,0,16.42,17.06,Medium (15-20),FII Neutral,PRO Confident (sold puts >20K),34673,Mildly Bullish,260825,Strong Bullish,77261.72,75838.36,1.842,23212.1,23053.05,0.685,14:05,23243.15,0.818
2025-01-28,Tuesday,monthly,Down to Up,Top to Down,Mismatch,0,18.13,18.2,Medium (15-20),FII Bullish (bought fut + sold puts),PRO Bearish (sold fut >10K),119468,Strong Bullish,-135729,Strong Bearish,75659.0,75901.41,0.32,23057.35,22976.3,0.352,14:35,23137.95,0.699
2025-02-04,Tuesday,weekly,Down to Up,Down to Up,Match,0,14.35,14.02,Low (<15),FII Confident (sold puts >20K),PRO Hedging (bought puts >20K),-63115,Bearish,-40371,Mildly Bearish,77687.6,78583.81,1.154,23680.3,23707.7,0.116,14:10,23627.25,0.34
2025-02-11,Tuesday,weekly,Top to Down,Down to Up,Mismatch,0,14.45,14.87,Low (<15),FII Very Bearish (sold fut >10K + bought puts >20K),PRO Hedging (bought puts >20K),-22168,Neutral,-49503,Mildly Bearish,77384.98,76293.6,1.41,23043.1,23070.5,0.119,14:05,22986.65,0.365
2025-02-18,Tuesday,weekly,Top to Down,Down to Up,Mismatch,0,15.72,15.67,Medium (15-20),FII Neutral,PRO Confident (sold puts >20K),1352,Neutral,120818,Strong Bullish,76073.71,75967.39,0.14,22914.7,22923.15,0.037,14:05,22890.0,0.145
2025-02-25,Tuesday,monthly,Down to Up,Top to Down,Mismatch,0,14.44,13.72,Low (<15),FII Mildly Bearish,PRO Confident (sold puts >20K),-33668,Mildly Bearish,-33405,Mildly Bearish,74440.3,74602.12,0.217,22582.55,22526.3,0.249,14:00,22591.0,0.286
2025-03-04,Tuesday,weekly,Down to Up,Down to Up,Match,0,13.76,13.83,Low (<15),FII Neutral,PRO Confident (sold puts >20K),11670,Neutral,116686,Strong Bullish,72817.34,72989.93,0.237,22069.55,22080.3,0.049,14:00,22064.05,0.074
2025-03-11,Tuesday,weekly,Down to Up,Down to Up,Match,0,13.99,14.07,Low (<15),FII Neutral,PRO Hedging (bought puts >20K),-7951,Neutral,-128326,Strong Bearish,73743.88,74102.32,0.486,22496.4,22522.1,0.114,15:10,22469.35,0.235
2025-03-18,Tuesday,weekly,Down to Up,Down to Up,Match,0,13.42,13.21,Low (<15),FII Mildly Bullish,PRO Confident (sold puts >20K),65484,Bullish,140801,Strong Bullish,74608.66,75301.26,0.928,22788.8,22848.75,0.263,14:20,22770.35,0.344
2025-03-25,Tuesday,monthly,Top to Down,Top to Down,Match,0,13.7,13.64,Low (<15),FII Confident (sold puts >20K),PRO Mildly Bullish,5814,Neutral,-11511,Neutral,78296.28,78017.19,0.356,23729.45,23605.95,0.52,14:15,23744.6,0.584
2025-04-01,Tuesday,weekly,Top to Down,Down to Up,Mismatch,0,12.72,13.78,Low (<15),FII Neutral,PRO Neutral,0,Neutral,0,Neutral,76882.58,76024.51,1.116,23154.5,23179.7,0.109,14:20,23137.45,0.183
2025-04-08,Tuesday,weekly,Down to Up,Flat,Flat,0,22.79,20.44,High (>20),FII Very Bearish (sold fut >10K + bought puts >20K),PRO Mildly Bullish,-11807,Neutral,47529,Mildly Bullish,74013.73,74227.08,0.288,22546.95,22547.2,0.001,,,0.0
2025-04-15,Tuesday,weekly,Top to Down,Down to Up,Mismatch,0,20.11,16.13,High (>20),FII Neutral,PRO Neutral,0,Neutral,0,Neutral,76852.06,76734.89,0.152,23325.45,23344.1,0.08,14:40,23308.35,0.153
2025-04-22,Tuesday,weekly,Top to Down,Top to Down,Match,0,15.52,15.23,Medium (15-20),FII Confident (sold puts >20K),PRO Confident (sold puts >20K),28769,Neutral,26020,Neutral,79728.39,79595.59,0.167,24179.6,24134.05,0.188,14:05,24189.4,0.229
2025-04-29,Tuesday,monthly,Top to Down,Top to Down,Match,0,16.94,17.37,Medium (15-20),FII Bullish (bought fut + sold puts),PRO Confident (sold puts >20K),64331,Bullish,129453,Strong Bullish,80396.92,80288.38,0.135,24360.15,24325.45,0.142,14:05,24375.5,0.205
2025-05-06,Tuesday,weekly,Top to Down,Top to Down,Match,0,18.34,19.0,Medium (15-20),FII Confident (sold puts >20K),PRO Confident (sold puts >20K),47962,Mildly Bullish,66398,Bullish,80907.24,80641.07,0.329,24405.55,24335.9,0.285,14:00,24408.4,0.297
2025-05-13,Tuesday,weekly,Top to Down,Down to Up,Mismatch,0,18.39,18.2,Medium (15-20),FII Neutral,PRO Hedging (bought puts >20K),45193,Mildly Bullish,7714,Neutral,82249.6,81148.22,1.339,24585.1,24593.65,0.035,15:20,24547.5,0.188
2025-05-20,Tuesday,weekly,Top to Down,Top to Down,Match,0,17.36,17.39,Medium (15-20),FII Neutral,PRO Mildly Bearish,-20089,Neutral,-31917,Mildly Bearish,82116.17,81186.44,1.132,24767.5,24713.85,0.217,14:00,24770.25,0.228
2025-05-27,Tuesday,monthly,Top to Down,Down to Up,Mismatch,0,18.02,18.54,Medium (15-20),FII Hedging (bought puts >20K),PRO Hedging (bought puts >20K),3895,Neutral,-42799,Mildly Bearish,82038.2,81551.63,0.593,24761.6,24837.7,0.307,14:20,24704.1,0.541
2025-06-03,Tuesday,weekly,Top to Down,Top to Down,Match,0,17.16,16.56,Medium (15-20),FII Hedging (bought puts >20K),PRO Neutral,-26016,Neutral,147597,Strong Bullish,81492.5,80737.51,0.926,24567.5,24538.4,0.118,14:35,24601.7,0.257
2025-06-10,Tuesday,weekly,Top to Down,Top to Down,Match,0,14.69,14.02,Low (<15),FII Mildly Bearish,PRO Confident (sold puts >20K),-15418,Neutral,-15802,Neutral,82643.73,82391.72,0.305,25126.7,25091.5,0.14,14:05,25132.65,0.164
2025-06-17,Tuesday,weekly,Top to Down,Top to Down,Match,0,14.84,14.4,Low (<15),FII Confident (sold puts >20K),PRO Bullish (bought fut + sold puts),28541,Neutral,226998,Strong Bullish,81869.47,81583.3,0.35,24849.15,24841.5,0.031,14:25,24869.25,0.112
2025-06-24,Tuesday,monthly,Top to Down,Top to Down,Match,0,14.05,13.64,Low (<15),FII Hedging (bought puts >20K),PRO Hedging (bought puts >20K),-31015,Mildly Bearish,-92332,Bearish,82534.61,82055.11,0.581,25082.25,25071.55,0.043,14:00,25092.75,0.084
2025-07-01,Tuesday,weekly,Down to Up,Flat,Flat,0,12.79,12.53,Low (<15),FII Confident (sold puts >20K),PRO Hedging (bought puts >20K),-28329,Neutral,-88841,Bearish,83685.66,83697.29,0.014,25530.6,25533.0,0.009,,,0.0
2025-07-08,Tuesday,weekly,Down to Up,Down to Up,Match,0,12.56,12.2,Low (<15),FII Neutral,PRO Mildly Bearish,-3899,Neutral,-76012,Bearish,83387.03,83712.51,0.39,25475.35,25523.1,0.187,14:35,25447.45,0.297
2025-07-15,Tuesday,weekly,Down to Up,Down to Up,Match,0,11.98,11.48,Low (<15),FII Bearish (sold fut >10K),PRO Hedging (bought puts >20K),-16750,Neutral,43677,Mildly Bullish,82233.16,82570.91,0.411,25193.4,25219.65,0.104,14:55,25156.05,0.253
2025-07-22,Tuesday,weekly,Top to Down,Top to Down,Match,0,11.2,10.75,Low (<15),FII Confident (sold puts >20K),PRO Neutral,49029,Mildly Bullish,158814,Strong Bullish,82527.43,82186.81,0.413,25088.2,25064.9,0.093,14:10,25107.65,0.17
2025-07-29,Tuesday,monthly,Down to Up,Down to Up,Match,0,12.06,11.53,Low (<15),FII Mildly Bearish,PRO Hedging (bought puts >20K),-63804,Bearish,9225,Neutral,80620.25,81337.95,0.89,24785.2,24830.4,0.182,15:00,24771.7,0.237
2025-08-05,Tuesday,weekly,Top to Down,Down to Up,Mismatch,0,11.97,11.71,Low (<15),FII Confident (sold puts >20K),PRO Neutral,64934,Bullish,159032,Strong Bullish,80946.43,80710.25,0.292,24623.55,24649.5,0.105,14:45,24590.3,0.241
2025-08-12,Tuesday,weekly,Top to Down,Top to Down,Match,0,12.22,12.23,Low (<15),FII Confident (sold puts >20K),PRO Confident (sold puts >20K),81160,Bullish,263870,Strong Bullish,80508.51,80235.59,0.339,24603.7,24485.85,0.479,14:00,24606.15,0.489
2025-08-19,Tuesday,weekly,Down to Up,Down to Up,Match,0,12.34,11.79,Low (<15),FII Mildly Bullish,PRO Hedging (bought puts >20K),15461,Neutral,1698,Neutral,81319.11,81644.39,0.4,24950.35,24989.7,0.158,14:05,24919.4,0.282
2025-08-26,Tuesday,monthly,Top to Down,Top to Down,Match,0,11.76,12.19,Low (<15),FII Confident (sold puts >20K),PRO Confident (sold puts >20K),46151,Mildly Bullish,169087,Strong Bullish,81377.39,80786.54,0.726,24806.25,24710.7,0.385,14:05,24811.1,0.405
2025-09-02,Tuesday,weekly,Top to Down,Top to Down,Match,0,11.29,11.4,Low (<15),FII Confident (sold puts >20K),PRO Neutral,104805,Strong Bullish,93205,Bullish,80520.09,80157.88,0.45,24589.15,24575.0,0.058,14:45,24617.25,0.172
2025-09-04,Thursday,weekly,Top to Down,Top to Down,Match,1,10.93,10.85,Low (<15),FII Confident (sold puts >20K),PRO Confident (sold puts >20K),51399,Bullish,142279,Strong Bullish,81456.67,80718.01,0.907,24776.65,24739.8,0.149,14:00,24790.7,0.205
2025-09-11,Thursday,weekly,Down to Up,Flat,Flat,1,10.54,10.36,Low (<15),FII Confident (sold puts >20K),PRO Hedging (bought puts >20K),6732,Neutral,14295,Neutral,81217.3,81548.73,0.408,25008.6,25008.1,0.002,,,0.0
2025-09-18,Thursday,weekly,Top to Down,Down to Up,Mismatch,1,10.25,9.89,Low (<15),FII Neutral,PRO Hedging (bought puts >20K),26768,Neutral,20355,Neutral,83108.92,83013.96,0.114,25362.05,25420.75,0.231,14:35,25329.75,0.359
2025-09-25,Thursday,monthly,Top to Down,Top to Down,Match,1,10.52,10.78,Low (<15),FII Mildly Bearish,PRO Hedging (bought puts >20K),-37057,Mildly Bearish,-87948,Bearish,81574.31,81159.68,0.508,24980.35,24904.55,0.303,14:00,24987.45,0.332
2025-10-09,Thursday,weekly,Down to Up,Down to Up,Match,1,10.31,10.12,Low (<15),FII Hedging (bought puts >20K),PRO Hedging (bought puts >20K),-46935,Mildly Bearish,-36769,Mildly Bearish,81900.0,82172.1,0.332,25165.5,25170.3,0.019,14:20,25120.5,0.198
2025-10-16,Thursday,weekly,Down to Up,Down to Up,Match,1,10.53,10.87,Low (<15),FII Confident (sold puts >20K),PRO Neutral,66940,Bullish,195674,Strong Bullish,82794.79,83467.66,0.813,25539.75,25566.3,0.104,14:00,25538.4,0.109
2025-10-23,Thursday,weekly,Top to Down,Top to Down,Match,1,11.3,11.73,Low (<15),FII Neutral,PRO Neutral,0,Neutral,0,Neutral,85154.15,84556.4,0.702,25988.85,25870.3,0.456,14:45,25996.85,0.487
2025-10-30,Thursday,monthly,Top to Down,Flat,Flat,1,11.97,12.07,Low (<15),FII Confident (sold puts >20K),PRO Confident (sold puts >20K),43769,Mildly Bullish,141666,Strong Bullish,84750.9,84404.46,0.409,25889.7,25891.2,0.006,,,0.0
2025-11-06,Thursday,weekly,Top to Down,Top to Down,Match,1,12.65,12.41,Low (<15),FII Neutral,PRO Neutral,0,Neutral,0,Neutral,83516.69,83311.01,0.246,25539.2,25519.95,0.075,14:55,25564.6,0.175
2025-11-13,Thursday,weekly,Top to Down,Top to Down,Match,1,12.11,12.16,Low (<15),FII Confident (sold puts >20K),PRO Confident (sold puts >20K),57122,Bullish,92096,Bullish,84525.89,84478.67,0.056,25931.55,25884.1,0.183,14:40,25939.95,0.215
2025-11-20,Thursday,weekly,Down to Up,Top to Down,Mismatch,1,11.97,12.14,Low (<15),FII Confident (sold puts >20K),PRO Confident (sold puts >20K),111541,Strong Bullish,139927,Strong Bullish,85470.92,85632.68,0.189,26218.55,26197.4,0.081,14:15,26246.65,0.188
2025-11-27,Thursday,monthly,Top to Down,Down to Up,Mismatch,1,11.97,11.79,Low (<15),FII Confident (sold puts >20K),PRO Confident (sold puts >20K),184421,Strong Bullish,297918,Strong Bullish,85745.05,85720.38,0.029,26185.85,26219.85,0.13,14:00,26168.3,0.197
2025-12-04,Thursday,weekly,Down to Up,Down to Up,Match,1,11.21,10.82,Low (<15),FII Very Bearish (sold fut >10K + bought puts >20K),PRO Neutral,-23815,Neutral,-2623,Neutral,84987.56,85265.32,0.327,25973.45,26017.1,0.168,14:00,25970.5,0.179
2025-12-11,Thursday,weekly,Down to Up,Down to Up,Match,1,10.91,10.4,Low (<15),FII Neutral,PRO Hedging (bought puts >20K),3052,Neutral,-154563,Strong Bearish,84456.75,84818.13,0.428,25890.65,25898.4,0.03,14:50,25848.25,0.194
2025-12-18,Thursday,weekly,Top to Down,Top to Down,Match,1,9.84,9.71,Low (<15),FII Neutral,PRO Hedging (bought puts >20K),-21491,Neutral,-25911,Neutral,84518.33,84481.81,0.043,25843.55,25815.65,0.108,14:00,25843.6,0.108
2026-01-01,Thursday,weekly,Down to Up,Top to Down,Mismatch,1,9.68,9.48,Low (<15),FII Neutral,PRO Confident (sold puts >20K),38065,Mildly Bullish,251029,Strong Bullish,84793.58,85220.6,0.504,26157.1,26140.25,0.064,14:20,26178.0,0.144
2026-01-08,Thursday,weekly,Top to Down,Top to Down,Match,1,9.95,10.6,Low (<15),FII Neutral,PRO Hedging (bought puts >20K),-28000,Neutral,-101125,Strong Bearish,84778.02,84180.96,0.704,25929.0,25868.9,0.232,14:20,25946.2,0.298
2026-01-22,Thursday,weekly,Top to Down,Down to Up,Mismatch,1,13.78,13.35,Low (<15),FII Mildly Bearish,PRO Confident (sold puts >20K),-57939,Bearish,225069,Strong Bullish,82459.66,82307.37,0.185,25228.35,25320.45,0.365,14:15,25168.5,0.604
2026-01-29,Thursday,monthly,Down to Up,Top to Down,Mismatch,1,13.53,13.37,Low (<15),FII Mildly Bearish,PRO Neutral,-44951,Mildly Bearish,14928,Neutral,82368.96,82566.37,0.24,25430.05,25422.1,0.031,14:50,25458.15,0.142
2026-02-05,Thursday,weekly,Top to Down,Down to Up,Mismatch,1,12.25,12.17,Low (<15),FII Bullish (bought fut + sold puts),PRO Confident (sold puts >20K),93082,Bullish,141093,Strong Bullish,83757.54,83313.93,0.53,25635.4,25641.6,0.024,14:10,25579.5,0.243
2026-02-12,Thursday,weekly,Top to Down,Top to Down,Match,1,11.55,11.73,Low (<15),FII Confident (sold puts >20K),PRO Hedging (bought puts >20K),27682,Neutral,-5765,Neutral,83968.43,83674.92,0.35,25817.2,25796.15,0.082,15:00,25840.7,0.172
2026-02-19,Thursday,weekly,Top to Down,Top to Down,Match,1,12.22,13.46,Low (<15),FII Confident (sold puts >20K),PRO Confident (sold puts >20K),45583,Mildly Bullish,87221,Bullish,83969.82,82498.14,1.753,25562.85,25416.45,0.573,14:20,25609.95,0.756
2026-02-26,Thursday,monthly,Top to Down,Down to Up,Mismatch,1,13.49,13.06,Low (<15),FII Neutral,PRO Hedging (bought puts >20K),9093,Neutral,-20728,Neutral,82418.78,82248.61,0.206,25440.8,25493.3,0.206,14:05,25406.15,0.343
2026-03-05,Thursday,weekly,Down to Up,Down to Up,Match,1,21.14,17.86,High (>20),FII Bearish (sold fut >10K),PRO Bullish (bought fut + sold puts),-17177,Neutral,7402,Neutral,79530.48,80015.9,0.61,24572.5,24737.45,0.671,14:15,24529.4,0.848
2026-03-12,Thursday,weekly,Top to Down,Top to Down,Match,1,21.06,21.52,High (>20),FII Very Bearish (sold fut >10K + bought puts >20K),PRO Hedging (bought puts >20K),-111665,Strong Bearish,-176297,Strong Bearish,76369.65,76034.42,0.439,23740.55,23639.35,0.426,14:05,23771.55,0.556
2026-03-19,Thursday,weekly,Top to Down,Top to Down,Match,1,18.72,22.8,Medium (15-20),FII Mildly Bullish,PRO Hedging (bought puts >20K),18811,Neutral,4625,Neutral,74750.92,74207.24,0.727,23163.3,23087.85,0.326,14:00,23171.8,0.362
2026-04-02,Thursday,weekly,Down to Up,Down to Up,Match,1,25.01,25.52,High (>20),FII Mildly Bearish,PRO Hedging (bought puts >20K),-15470,Neutral,29112,Neutral,72262.05,73319.55,1.463,22529.45,22700.7,0.76,14:00,22519.85,0.803
2026-04-09,Thursday,weekly,Top to Down,Flat,Flat,1,19.7,20.43,Medium (15-20),FII Bullish (bought fut + sold puts),PRO Bearish (sold fut >10K),76289,Bullish,43541,Mildly Bullish,77319.33,76631.65,0.889,23767.85,23766.05,0.008,,,0.0
2026-04-16,Thursday,weekly,Top to Down,Down to Up,Mismatch,1,18.67,18.09,Medium (15-20),FII Neutral,PRO Neutral,9146,Neutral,-36366,Mildly Bearish,78677.56,77988.68,0.876,24181.9,24188.4,0.027,14:05,24132.45,0.232
2026-04-23,Thursday,weekly,Top to Down,Top to Down,Match,1,18.3,18.59,Medium (15-20),FII Hedging (bought puts >20K),PRO Hedging (bought puts >20K),-132219,Strong Bearish,-137963,Strong Bearish,77983.66,77664.0,0.41,24242.1,24156.05,0.355,14:00,24242.75,0.358
2026-04-30,Thursday,monthly,Top to Down,Top to Down,Match,1,17.44,18.46,Medium (15-20),FII Neutral,PRO Neutral,-4259,Neutral,85501,Bullish,77014.21,76913.5,0.131,24054.9,24043.7,0.047,14:40,24087.45,0.182
2026-05-07,Thursday,weekly,Top to Down,Top to Down,Match,1,16.68,16.62,Medium (15-20),FII Confident (sold puts >20K),PRO Confident (sold puts >20K),46490,Mildly Bullish,215410,Strong Bullish,78339.24,77844.52,0.632,24368.05,24336.4,0.13,14:30,24385.3,0.201
2026-05-14,Thursday,weekly,Down to Up,Top to Down,Mismatch,1,19.43,18.61,Medium (15-20),FII Confident (sold puts >20K),PRO Confident (sold puts >20K),27162,Neutral,163375,Strong Bullish,74947.12,75398.72,0.603,23751.85,23713.75,0.16,14:30,23777.2,0.267
2026-05-21,Thursday,weekly,Top to Down,Top to Down,Match,1,18.44,17.82,Medium (15-20),FII Confident (sold puts >20K),PRO Confident (sold puts >20K),26270,Neutral,178526,Strong Bullish,75732.42,75183.36,0.725,23673.95,23648.6,0.107,14:40,23705.4,0.24
2026-06-04,Thursday,weekly,Down to Up,Down to Up,Match,1,16.28,15.89,Medium (15-20),FII Very Bearish (sold fut >10K + bought puts >20K),PRO Mildly Bullish,-43621,Mildly Bearish,122561,Strong Bullish,73935.83,74360.01,0.574,23368.9,23438.0,0.296,14:00,23367.75,0.301
2026-06-11,Thursday,weekly,Down to Up,Top to Down,Mismatch,1,15.63,15.61,Medium (15-20),FII Neutral,PRO Very Bearish (sold fut >10K + bought puts >20K),-9864,Neutral,-16672,Neutral,73615.99,73832.55,0.294,23233.0,23186.55,0.2,14:25,23252.05,0.282
2026-06-18,Thursday,weekly,Down to Up,Down to Up,Match,1,13.19,12.67,Low (<15),FII Mildly Bearish,PRO Confident (sold puts >20K),-22303,Neutral,68248,Bullish,77131.66,77409.98,0.361,24109.95,24179.4,0.288,14:30,24074.7,0.435
2026-06-25,Thursday,monthly,Top to Down,Top to Down,Match,1,13.39,13.05,Low (<15),FII Confident (sold puts >20K),PRO Bullish (bought fut + sold puts),52582,Bullish,315832,Strong Bullish,77391.07,77100.47,0.375,24180.25,24052.95,0.526,14:00,24187.85,0.558
2026-07-02,Thursday,weekly,Down to Up,Down to Up,Match,1,13.24,12.29,Low (<15),FII Confident (sold puts >20K),PRO Neutral,7081,Neutral,70216,Bullish,77083.14,77502.12,0.544,24131.65,24167.2,0.147,14:15,24127.4,0.165
2026-07-09,Thursday,weekly,Down to Up,Top to Down,Mismatch,1,14.68,13.36,Low (<15),FII Very Bearish (sold fut >10K + bought puts >20K),PRO Mildly Bearish,-227259,Strong Bearish,-33196,Mildly Bearish,76576.14,76741.82,0.216,24050.85,23981.9,0.287,14:30,24078.6,0.402
2026-07-16,Thursday,weekly,Top to Down,Top to Down,Match,1,13.27,12.88,Low (<15),FII Mildly Bearish,PRO Neutral,-50111,Bearish,48286,Mildly Bullish,77388.42,77186.87,0.26,24098.4,24081.1,0.072,15:00,24126.55,0.188
2026-07-23,Thursday,weekly,Top to Down,Down to Up,Mismatch,1,13.29,13.48,Low (<15),FII Very Bearish (sold fut + bought puts),PRO Hedging (bought puts >20K),-137256,Strong Bearish,14731,Neutral,76515.1,76391.39,0.162,23862.05,23871.7,0.04,14:50,23807.2,0.271
2026-07-30,Thursday,monthly,Down to Up,Down to Up,Match,1,12.01,12.16,Low (<15),FII Bullish (bought fut + sold puts),PRO Confident (sold puts >20K),144841,Strong Bullish,197620,Strong Bullish,77638.86,77928.15,0.373,24283.35,24296.6,0.055,14:30,24227.25,0.286
2026-08-06,Thursday,weekly,Down to Up,Top to Down,Mismatch,1,12.06,12.16,Low (<15),FII Confident (sold puts >20K),PRO Hedging (bought puts >20K),-44168,Mildly Bearish,90494,Bullish,78782.43,78954.76,0.219,24646.25,24636.0,0.042,14:25,24662.8,0.109
2026-08-13,Thursday,weekly,Top to Down,Flat,Flat,1,11.69,11.42,Low (<15),FII Mildly Bearish,PRO Hedging (bought puts >20K),-56991,Bearish,38876,Mildly Bullish,78111.91,78079.96,0.041,24395.5,24395.85,0.001,,,0.0
2026-08-20,Thursday,weekly,Down to Up,Flat,Flat,1,11.32,10.76,Low (<15),FII Bearish (sold fut >10K),PRO Hedging (bought puts >20K),-58118,Bearish,54165,Bullish,77468.45,77537.72,0.089,24231.7,24231.85,0.001,,,0.0
