date,fii_fut_idx_net,fii_fut_stk_net,fii_call_net,fii_put_net,pro_fut_idx_net,pro_fut_stk_net,pro_call_net,pro_put_net,dii_fut_idx_net,dii_fut_stk_net,dii_call_net,dii_put_net,client_fut_idx_net,client_fut_stk_net,client_call_net,client_put_net,fii_fut_daily,fii_call_daily,fii_put_daily,fii_direction,fii_stance,pro_fut_daily,pro_call_daily,pro_put_daily,pro_direction,pro_stance,dii_fut_daily,dii_call_daily,dii_put_daily,dii_direction,dii_stance,client_fut_daily,client_call_daily,client_put_daily,client_direction,client_stance
2026-07-24,-270847,574712,-258810,535178,29221,416153,206503,126665,65128,-3904944,7540,41049,176498,2914079,44766,-702891,0,0,0,Neutral,FII Neutral,0,0,0,Neutral,PRO Neutral,0,0,0,Neutral,DII Neutral,0,0,0,Neutral,CLIENT Neutral
2026-07-27,-266925,651191,-225538,482049,32647,380567,151379,121788,65085,-3930238,7535,50521,169193,2898480,66623,-654358,3922,33272,-53129,Bullish,FII Confident (sold puts >20K),3426,-55124,-4877,Bearish,PRO Mildly Bearish,-43,-5,9472,Neutral,DII Neutral,-7305,21857,48533,Bearish,CLIENT Hedging (bought puts >20K)
2026-07-28,-205601,564209,-247547,521900,-2123,498366,55221,63350,54471,-3940979,3280,38077,153253,2878404,189046,-623327,61324,-22009,39851,Neutral,FII Hedging (bought puts >20K),-34770,-96158,-58438,Bearish,PRO Bearish (sold fut >10K),-10614,-4255,-12444,Neutral,DII Bearish (sold fut >10K),-15940,122423,31031,Bullish,CLIENT Very Bearish (sold fut + bought puts)
2026-07-29,-194818,626378,-158213,477176,5236,477538,145235,-36897,54192,-3948178,4330,45914,135390,2844262,8648,-486193,10783,89334,-44724,Bullish,FII Bullish (bought fut + sold puts),7359,90014,-100247,Bullish,PRO Confident (sold puts >20K),-279,1050,7837,Neutral,DII Neutral,-17863,-180398,137134,Bearish,CLIENT Very Bearish (sold fut + bought puts)
2026-07-30,-186612,622289,-176285,440725,3566,453555,132067,-22921,49558,-3931438,4345,52405,133488,2855594,39874,-470209,8206,-18072,-36451,Bullish,FII Confident (sold puts >20K),-1670,-13168,13976,Bearish,PRO Neutral,-4634,15,6491,Neutral,DII Neutral,-1902,31226,15984,Neutral,CLIENT Neutral
2026-07-31,-173113,644463,-184525,453770,-18,447724,155914,181150,45207,-3939708,4495,52700,127924,2847521,24116,-687620,13499,-8240,13045,Neutral,FII Mildly Bullish,-3584,23847,204071,Bearish,PRO Hedging (bought puts >20K),-4351,150,295,Neutral,DII Neutral,-5564,-15758,-217411,Bullish,CLIENT Confident (sold puts >20K)
2026-08-03,-150816,643226,-128530,433395,-11121,429299,181963,75732,45655,-3922923,4240,51905,116282,2850398,-57674,-561032,22297,55995,-20375,Bullish,FII Bullish (bought fut + sold puts),-11103,26049,-105418,Bullish,PRO Bearish (sold fut >10K),448,-255,-795,Neutral,DII Neutral,-11642,-81790,126588,Bearish,CLIENT Very Bearish (sold fut + bought puts)
2026-08-04,-153773,627538,-164997,485728,-18363,411365,-18078,-34252,37839,-3919592,5270,48525,134297,2880689,177805,-500002,-2957,-36467,52333,Bearish,FII Hedging (bought puts >20K),-7242,-200041,-109984,Bearish,PRO Confident (sold puts >20K),-7816,1030,-3380,Neutral,DII Neutral,18015,235479,61030,Bullish,CLIENT Hedging (bought puts >20K)
2026-08-05,-158903,636075,-228591,461172,-12240,423653,147214,46669,34992,-3961651,5260,49779,136151,2901923,76116,-557620,-5130,-63594,-24556,Bearish,FII Confident (sold puts >20K),6123,165292,80921,Bullish,PRO Hedging (bought puts >20K),-2847,-10,1254,Neutral,DII Neutral,1854,-101689,-57618,Bearish,CLIENT Confident (sold puts >20K)
2026-08-06,-145118,639164,-163045,387627,-13225,420198,190664,-39833,34476,-3961705,5815,50694,123867,2902343,-33433,-398489,13785,65546,-73545,Bullish,FII Bullish (bought fut + sold puts),-985,43450,-86502,Bullish,PRO Confident (sold puts >20K),-516,555,915,Neutral,DII Neutral,-12284,-109549,159131,Bearish,CLIENT Very Bearish (sold fut + bought puts)
2026-08-07,-150058,633534,-213031,414412,-14661,420153,240413,100174,34333,-3968597,6978,52164,130386,2914910,-34360,-566751,-4940,-49986,26785,Bearish,FII Hedging (bought puts >20K),-1436,49749,140007,Bearish,PRO Hedging (bought puts >20K),-143,1163,1470,Neutral,DII Neutral,6519,-927,-168262,Bullish,CLIENT Confident (sold puts >20K)
2026-08-10,-152163,626950,-199936,429792,-12782,422297,213586,72417,34593,-3974470,7010,50647,130352,2925223,-20660,-552857,-2105,13095,15380,Neutral,FII Neutral,1879,-26827,-27757,Neutral,PRO Confident (sold puts >20K),260,32,-1517,Neutral,DII Neutral,-34,13700,13894,Neutral,CLIENT Neutral
2026-08-11,-156131,616514,-197579,485144,-11128,428765,1855,-13074,31585,-3992937,6990,51200,135674,2947658,188733,-523270,-3968,2357,55352,Bearish,FII Hedging (bought puts >20K),1654,-211731,-85491,Bearish,PRO Confident (sold puts >20K),-3008,-20,553,Neutral,DII Neutral,5322,209393,29587,Bullish,CLIENT Hedging (bought puts >20K)
2026-08-12,-165169,624262,-230939,499737,-9775,439661,75882,23430,30045,-4041574,7270,50975,144899,2977651,147788,-574142,-9038,-33360,14593,Bearish,FII Mildly Bearish,1353,74027,36504,Bullish,PRO Hedging (bought puts >20K),-1540,280,-225,Neutral,DII Neutral,9225,-40945,-50872,Bullish,CLIENT Confident (sold puts >20K)
2026-08-13,-168702,628431,-288841,474116,-10733,444692,87180,-39305,30049,-4070339,7290,50751,149386,2997216,194372,-485562,-3533,-57902,-25621,Bearish,FII Confident (sold puts >20K),-958,11298,-62735,Bullish,PRO Confident (sold puts >20K),4,20,-224,Neutral,DII Neutral,4487,46584,88580,Bearish,CLIENT Hedging (bought puts >20K)
2026-08-14,-176698,624269,-276645,497176,-9774,435600,136817,59914,30790,-4073020,7250,50603,155682,3013151,132579,-607692,-7996,12196,23060,Bearish,FII Hedging (bought puts >20K),959,49637,99219,Bearish,PRO Hedging (bought puts >20K),741,-40,-148,Neutral,DII Neutral,6296,-61793,-122130,Bullish,CLIENT Confident (sold puts >20K)
2026-08-17,-181587,627976,-228525,502455,-10043,435717,125614,112002,31039,-4095305,7310,46308,160591,3031612,95601,-660766,-4889,48120,5279,Bullish,FII Neutral,-269,-11203,52088,Bearish,PRO Hedging (bought puts >20K),249,60,-4295,Neutral,DII Neutral,4909,-36978,-53074,Bullish,CLIENT Confident (sold puts >20K)
2026-08-18,-194158,605363,-231661,611080,-10711,425352,-71246,39113,31073,-4093832,7270,47208,173796,3063117,295638,-697400,-12571,-3136,108625,Bearish,FII Very Bearish (sold fut + bought puts),-668,-196860,-72889,Bearish,PRO Confident (sold puts >20K),34,-40,900,Neutral,DII Neutral,13205,200037,-36634,Bullish,CLIENT Bullish (bought fut + sold puts)
2026-08-19,-209807,617137,-313586,571624,-3170,415904,33355,97090,27569,-4104730,7270,44104,185408,3071689,272961,-712819,-15649,-81925,-39456,Bearish,FII Bearish (sold fut >10K),7541,104601,57977,Bullish,PRO Hedging (bought puts >20K),-3504,0,-3104,Neutral,DII Neutral,11612,-22677,-15419,Neutral,CLIENT Mildly Bullish
2026-08-20,-212113,666298,-233793,478916,11530,390329,114315,167492,27278,-4116362,8141,44254,173305,3059735,111337,-690662,-2306,79793,-92708,Bullish,FII Confident (sold puts >20K),14700,80960,70402,Bullish,PRO Hedging (bought puts >20K),-291,871,150,Neutral,DII Neutral,-12103,-161624,22157,Bearish,CLIENT Very Bearish (sold fut + bought puts)
2026-08-21,-209855,681759,-218113,467947,10724,361033,145158,185335,28115,-4118979,8091,44254,171016,3076187,64864,-697536,2258,15680,-10969,Bullish,FII Neutral,-806,30843,17843,Neutral,PRO Neutral,837,-50,0,Neutral,DII Neutral,-2289,-46473,-6874,Bearish,CLIENT Mildly Bearish
2026-08-24,-219383,683816,-199680,581958,13207,351844,-35340,198480,25020,-4115835,8009,63552,181156,3080175,227012,-843989,-9528,18433,114011,Bearish,FII Hedging (bought puts >20K),2483,-180498,13145,Bearish,PRO Mildly Bearish,-3095,-82,19298,Bearish,DII Neutral,10140,162148,-146453,Bullish,CLIENT Bullish (bought fut + sold puts)
2026-08-25,-184227,600618,-198430,549436,9249,450533,99801,24124,17342,-4100306,3935,30463,157636,3049155,94693,-604022,35156,1250,-32522,Bullish,FII Bullish (bought fut + sold puts),-3958,135141,-174356,Bullish,PRO Confident (sold puts >20K),-7678,-4074,-33089,Bullish,DII Confident (sold puts >20K),-23520,-132319,239967,Bearish,CLIENT Very Bearish (sold fut + bought puts)
2026-08-26,-186060,567763,-235885,555751,8188,441538,40908,75274,17589,-4124332,3905,31979,160283,3115031,191071,-663004,-1833,-37455,6315,Bearish,FII Mildly Bearish,-1061,-58893,51150,Bearish,PRO Hedging (bought puts >20K),247,-30,1516,Neutral,DII Neutral,2647,96378,-58982,Bullish,CLIENT Confident (sold puts >20K)
2026-08-27,-197792,541370,-265856,626360,4121,440834,-27622,101109,19513,-4136372,4325,33514,174158,3154168,289153,-760983,-11732,-29971,70609,Bearish,FII Very Bearish (sold fut + bought puts),-4067,-68530,25835,Bearish,PRO Hedging (bought puts >20K),1924,420,1535,Neutral,DII Neutral,13875,98082,-97979,Bullish,CLIENT Bullish (bought fut + sold puts)
2026-08-28,-202633,549226,-230020,594360,5461,453740,134473,96217,20213,-4163984,4350,34489,176959,3161018,91197,-725066,-4841,35836,-32000,Bullish,FII Confident (sold puts >20K),1340,162095,-4892,Bullish,PRO Neutral,700,25,975,Neutral,DII Neutral,2801,-197956,35917,Bearish,CLIENT Hedging (bought puts >20K)
2026-08-31,-209315,563880,-225462,551407,10808,464336,25471,102855,20288,-4220839,4310,31784,178219,3192623,195682,-686046,-6682,4558,-42953,Bullish,FII Confident (sold puts >20K),5347,-109002,6638,Bearish,PRO Mildly Bearish,75,-40,-2705,Neutral,DII Neutral,1260,104485,39020,Bullish,CLIENT Hedging (bought puts >20K)
2026-09-01,-222032,551323,-248061,632465,14425,459230,-18758,92559,20477,-4195881,4835,31923,187130,3185328,261983,-756948,-12717,-22599,81058,Bearish,FII Very Bearish (sold fut + bought puts),3617,-44229,-10296,Bearish,PRO Mildly Bearish,189,525,139,Neutral,DII Neutral,8911,66301,-70902,Bullish,CLIENT Confident (sold puts >20K)
