date,day_of_week,expiry_type,chart,sensex_open,sensex_high,sensex_low,sensex_close,vix_open,vix_close,vix_predicted_move_pct,actual_range_pct,actual_open_close_pct,intraday_high_pct,intraday_low_pct,range_vs_vix_ratio,diff_pct,vix_accuracy
2024-06-28,Friday,monthly,▆↓▁↑█↓▂ 📉,79457.58,79671.58,78905.89,79032.73,14.15,13.8,0.72,0.96,-0.53,0.27,-0.69,1.33,0.24,Overestimated
2024-07-05,Friday,weekly,▄↓▁↑█↓▆ 📈,79778.98,80149.87,79478.96,79996.6,12.86,12.7,0.66,0.84,0.27,0.46,-0.38,1.26,0.18,Overestimated
2024-07-12,Friday,weekly,▃↓▁↑█↓▆ 📈,80093.62,80893.51,79843.39,80519.34,14.0,13.73,0.72,1.31,0.53,1.0,-0.31,1.82,0.59,Underestimated
2024-07-19,Friday,weekly,█↓▁↑█↓▂ 📉,81585.06,81587.76,80499.1,80604.65,14.51,14.83,0.78,1.33,-1.2,0.0,-1.33,1.72,0.56,Underestimated
2024-07-26,Friday,monthly,▂↓▁↑█↓█ 📈,80158.5,81427.18,80013.6,81332.72,12.62,12.25,0.64,1.76,1.46,1.58,-0.18,2.75,1.12,Underestimated
2024-08-02,Friday,weekly,▅↓▁↑█↓▃ 📉,81158.99,81345.6,80868.91,80981.95,12.93,14.32,0.75,0.59,-0.22,0.23,-0.36,0.78,-0.16,Overestimated
2024-08-09,Friday,weekly,█↓▁↑█↓▄ 📉,79984.24,79984.24,79549.09,79705.91,16.6,15.34,0.8,0.54,-0.35,0.0,-0.54,0.68,-0.26,Overestimated
2024-08-16,Friday,weekly,▄↓▁↑█↓█ 📈,79754.85,80518.21,79306.69,80436.84,15.44,14.4,0.75,1.52,0.86,0.96,-0.56,2.01,0.77,Underestimated
2024-08-23,Friday,weekly,▇↓▁↑█↓▅ 📉,81165.65,81231.49,80883.26,81086.21,13.0,13.55,0.71,0.43,-0.1,0.08,-0.35,0.6,-0.28,Overestimated
2024-08-30,Friday,monthly,█↓▁↑█↓▃ 📉,82637.03,82637.03,82256.02,82365.77,13.79,13.39,0.7,0.46,-0.33,0.0,-0.46,0.66,-0.24,Overestimated
2024-09-06,Friday,weekly,█↓▁↑█↓▂ 📉,82171.08,82254.79,80981.93,81183.93,14.21,15.22,0.8,1.55,-1.2,0.1,-1.45,1.94,0.75,Underestimated
2024-09-13,Friday,weekly,█↓▁↑█↓▅ 📉,83091.55,83092.93,82653.22,82890.94,13.18,12.55,0.66,0.53,-0.24,0.0,-0.53,0.81,-0.13,Overestimated
2024-09-20,Friday,weekly,▃↓▁↑█↓▇ 📈,83603.04,84694.46,83187.64,84544.31,12.47,12.79,0.67,1.8,1.13,1.31,-0.5,2.69,1.13,Underestimated
2024-09-27,Friday,monthly,▇↓▁↑█↓▂ 📉,85893.84,85978.25,85474.58,85571.85,12.0,11.96,0.63,0.59,-0.37,0.1,-0.49,0.94,-0.04,Overestimated
2024-10-04,Friday,weekly,▄↓▁↑█↓▂ 📉,82244.25,83368.32,81532.68,81688.45,13.17,14.13,0.74,2.23,-0.68,1.37,-0.87,3.02,1.49,Underestimated
2024-10-11,Friday,weekly,▄↓▁↑█↓▂ 📉,81478.49,81671.38,81304.15,81381.36,13.5,13.22,0.69,0.45,-0.12,0.24,-0.21,0.65,-0.24,Overestimated
2024-10-18,Friday,weekly,▃↓▁↑█↓▇ 📈,80749.26,81391.15,80409.25,81224.75,13.39,13.04,0.68,1.22,0.59,0.79,-0.42,1.78,0.53,Underestimated
2024-10-25,Friday,monthly,█↓▁↑█↓▃ 📉,80187.34,80253.19,79137.98,79402.29,13.97,14.63,0.77,1.39,-0.98,0.08,-1.31,1.82,0.62,Underestimated
2024-11-01,Friday,weekly,█↓▁↑█↓▂ 📉,80023.75,80023.75,79655.55,79724.12,15.55,15.9,0.83,0.46,-0.37,0.0,-0.46,0.55,-0.37,Overestimated
2024-11-08,Friday,weekly,▆↓▁↑█↓▅ 📉,79611.9,79807.26,79117.37,79486.32,14.94,14.47,0.76,0.87,-0.16,0.25,-0.62,1.14,0.11,Overestimated
2024-11-15,Friday,weekly,▃↓▁↑█↓▃ 📉,77636.94,78055.52,77424.81,77580.31,15.44,14.78,0.77,0.81,-0.07,0.54,-0.27,1.05,0.04,Overestimated
2024-11-22,Friday,weekly,▁↓▁↑█↓█ 📈,77349.74,79218.19,77226.69,79117.11,15.99,16.1,0.84,2.57,2.28,2.42,-0.16,3.05,1.73,Underestimated
2024-11-29,Friday,monthly,▁↓▁↑█↓▇ 📈,79032.99,79923.9,79026.18,79802.79,15.21,14.43,0.76,1.14,0.97,1.13,-0.01,1.5,0.38,Overestimated
2024-12-06,Friday,weekly,▇↓▁↑█↓▄ 📉,81887.54,81925.91,81506.19,81709.12,14.53,14.14,0.74,0.51,-0.22,0.05,-0.47,0.69,-0.23,Overestimated
2024-12-13,Friday,weekly,▅↓▁↑█↓█ 📈,81212.45,82213.92,80082.82,82133.12,13.19,13.05,0.68,2.62,1.13,1.23,-1.39,3.84,1.94,Underestimated
2024-12-20,Friday,weekly,▇↓▁↑█↓▂ 📉,79335.48,79587.15,77874.59,78041.59,14.51,15.07,0.79,2.16,-1.63,0.32,-1.84,2.74,1.37,Underestimated
2024-12-27,Friday,monthly,▁↓▁↑█↓▃ 📈,78607.62,79043.15,78598.55,78699.07,14.04,13.24,0.69,0.57,0.12,0.55,-0.01,0.82,-0.13,Overestimated
2025-01-07,Tuesday,weekly,▂↓▁↑█↓▅ 📈,78019.8,78452.74,77925.09,78199.11,15.65,14.66,0.77,0.68,0.23,0.55,-0.12,0.88,-0.09,Overestimated
2025-01-14,Tuesday,weekly,▁→▁↑█↓▃ 📈,76335.75,76835.61,76335.75,76499.63,16.0,15.47,0.81,0.65,0.21,0.65,0.0,0.81,-0.16,Overestimated
2025-01-21,Tuesday,weekly,█↓▁↑█↓▂ 📉,77261.72,77337.36,75641.87,75838.36,16.42,17.06,0.89,2.19,-1.84,0.1,-2.1,2.46,1.3,Underestimated
2025-01-28,Tuesday,monthly,▁↓▁↑█↓▃ 📈,75659.0,76512.96,75622.88,75901.41,18.13,18.2,0.95,1.18,0.32,1.13,-0.05,1.23,0.22,Overestimated
2025-02-04,Tuesday,weekly,▃↓▁↑█↓█ 📈,77687.6,78658.59,77402.37,78583.81,14.35,14.02,0.73,1.62,1.15,1.25,-0.37,2.2,0.88,Underestimated
2025-02-11,Tuesday,weekly,█↓▁↑█↓▂ 📉,77384.98,77387.28,76030.59,76293.6,14.45,14.87,0.78,1.75,-1.41,0.0,-1.75,2.25,0.97,Underestimated
2025-02-18,Tuesday,weekly,█↓▁↑█↓▆ 📉,76073.71,76091.69,75531.01,75967.39,15.72,15.67,0.82,0.74,-0.14,0.02,-0.71,0.9,-0.08,Overestimated
2025-02-25,Tuesday,monthly,▂↓▁↑█↓▅ 📈,74440.3,74785.08,74400.37,74602.12,14.44,13.72,0.72,0.52,0.22,0.46,-0.05,0.72,-0.2,Overestimated
2025-03-04,Tuesday,weekly,▄↓▁↑█↓▇ 📈,72817.34,73033.18,72633.54,72989.93,13.76,13.83,0.72,0.55,0.24,0.3,-0.25,0.76,-0.18,Overestimated
2025-03-11,Tuesday,weekly,▂↓▁↑█↓▇ 📈,73743.88,74195.17,73663.6,74102.32,13.99,14.07,0.74,0.72,0.49,0.61,-0.11,0.98,-0.02,Overestimated
2025-03-18,Tuesday,weekly,▂↓▁↑█↓▇ 📈,74608.66,75385.76,74480.15,75301.26,13.42,13.21,0.69,1.21,0.93,1.04,-0.17,1.76,0.52,Underestimated
2025-03-25,Tuesday,monthly,▅↓▁↑█↓▃ 📉,78296.28,78741.69,77745.63,78017.19,13.7,13.64,0.71,1.27,-0.36,0.57,-0.7,1.78,0.56,Underestimated
2025-04-01,Tuesday,weekly,▅↓▁↑█↓▁ 📉,76882.58,77487.05,75912.18,76024.51,12.72,13.78,0.72,2.05,-1.12,0.79,-1.26,2.84,1.33,Underestimated
2025-04-08,Tuesday,weekly,▄↓▁↑█↓▅ 📈,74013.73,74859.39,73424.92,74227.08,22.79,20.44,1.07,1.94,0.29,1.14,-0.8,1.81,0.87,Underestimated
2025-04-15,Tuesday,weekly,▇↓▁↑█↓▅ 📉,76852.06,76907.63,76435.07,76734.89,20.11,16.13,0.84,0.61,-0.15,0.07,-0.54,0.73,-0.23,Overestimated
2025-04-22,Tuesday,weekly,▇↓▁↑█↓▅ 📉,79728.39,79824.3,79253.44,79595.59,15.52,15.23,0.8,0.72,-0.17,0.12,-0.6,0.9,-0.08,Overestimated
2025-04-29,Tuesday,monthly,▅↓▁↑█↓▃ 📉,80396.92,80661.31,80122.02,80288.38,16.94,17.37,0.91,0.67,-0.14,0.33,-0.34,0.74,-0.24,Overestimated
2025-05-06,Tuesday,weekly,▇↓▁↑█↓▃ 📉,80907.24,80981.58,80481.03,80641.07,18.34,19.0,0.99,0.62,-0.33,0.09,-0.53,0.62,-0.38,Overestimated
2025-05-13,Tuesday,weekly,▇↓▁↑█↓▁ 📉,82249.6,82572.81,81043.69,81148.22,18.39,18.2,0.95,1.86,-1.34,0.39,-1.47,1.95,0.91,Underestimated
2025-05-20,Tuesday,weekly,▇↓▁↑█↓▁ 📉,82116.17,82250.42,81153.7,81186.44,17.36,17.39,0.91,1.34,-1.13,0.16,-1.17,1.47,0.43,Overestimated
2025-05-27,Tuesday,monthly,▆↓▁↑█↓▃ 📉,82038.2,82410.52,81121.7,81551.63,18.02,18.54,0.97,1.57,-0.59,0.45,-1.12,1.62,0.6,Underestimated
2025-06-03,Tuesday,weekly,▆↓▁↑█↓▂ 📉,81492.5,81774.23,80575.09,80737.51,17.16,16.56,0.87,1.47,-0.93,0.35,-1.13,1.7,0.6,Underestimated
2025-06-10,Tuesday,weekly,▇↓▁↑█↓▃ 📉,82643.73,82680.79,82240.4,82391.72,14.69,14.02,0.73,0.53,-0.3,0.04,-0.49,0.73,-0.2,Overestimated
2025-06-17,Tuesday,weekly,█↓▁↑█↓▃ 📉,81869.47,81890.15,81427.01,81583.3,14.84,14.4,0.75,0.57,-0.35,0.03,-0.54,0.75,-0.19,Overestimated
2025-06-24,Tuesday,monthly,▅↓▁↑█↓▂ 📉,82534.61,83018.16,81900.12,82055.11,14.05,13.64,0.71,1.35,-0.58,0.59,-0.77,1.9,0.64,Underestimated
2025-07-01,Tuesday,weekly,▄↓▁↑█↓▄ 📈,83685.66,83874.29,83572.51,83697.29,12.79,12.53,0.66,0.36,0.01,0.23,-0.14,0.55,-0.3,Overestimated
2025-07-08,Tuesday,weekly,▂↓▁↑█↓▇ 📈,83387.03,83812.31,83320.95,83712.51,12.56,12.2,0.64,0.59,0.39,0.51,-0.08,0.92,-0.05,Overestimated
2025-07-15,Tuesday,weekly,▁↓▁↑█↓▆ 📈,82233.16,82743.62,82221.74,82570.91,11.98,11.48,0.6,0.63,0.41,0.62,-0.01,1.06,0.03,Overestimated
2025-07-22,Tuesday,weekly,█↓▁↑█↓▂ 📉,82527.43,82538.17,82110.63,82186.81,11.2,10.75,0.56,0.52,-0.41,0.01,-0.51,0.92,-0.04,Overestimated
2025-07-29,Tuesday,monthly,▁↓▁↑█↓▇ 📈,80620.25,81429.88,80575.45,81337.95,12.06,11.53,0.6,1.06,0.89,1.0,-0.06,1.76,0.46,Overestimated
2025-08-05,Tuesday,weekly,▇↓▁↑█↓▃ 📉,80946.43,81010.49,80554.4,80710.25,11.97,11.71,0.61,0.56,-0.29,0.08,-0.48,0.92,-0.05,Overestimated
2025-08-12,Tuesday,weekly,▄↓▁↑█↓▂ 📉,80508.51,80997.67,80164.36,80235.59,12.22,12.23,0.64,1.04,-0.34,0.61,-0.43,1.62,0.39,Overestimated
2025-08-19,Tuesday,weekly,▁↓▁↑█↓▆ 📈,81319.11,81755.88,81315.44,81644.39,12.34,11.79,0.62,0.54,0.4,0.54,-0.0,0.88,-0.08,Overestimated
2025-08-26,Tuesday,monthly,▇↓▁↑█↓▂ 📉,81377.39,81450.28,80685.98,80786.54,11.76,12.19,0.64,0.94,-0.73,0.09,-0.85,1.47,0.3,Overestimated
2025-09-02,Tuesday,weekly,▆↓▁↑█↓▂ 📉,80520.09,80761.14,80008.5,80157.88,11.29,11.4,0.6,0.93,-0.45,0.3,-0.64,1.57,0.34,Overestimated
2025-09-04,Thursday,weekly,█↓▁↑█↓▂ 📉,81456.67,81456.67,80608.94,80718.01,10.93,10.85,0.57,1.04,-0.91,0.0,-1.04,1.83,0.47,Overestimated
2025-09-11,Thursday,weekly,▁↓▁↑█↓▆ 📈,81217.3,81642.22,81216.91,81548.73,10.54,10.36,0.54,0.52,0.41,0.52,-0.0,0.97,-0.02,Overestimated
2025-09-18,Thursday,weekly,▇↓▁↑█↓▆ 📉,83108.92,83141.21,82704.92,83013.96,10.25,9.89,0.52,0.52,-0.11,0.04,-0.49,1.01,0.01,Overestimated
2025-09-25,Thursday,monthly,▆↓▁↑█↓▂ 📉,81574.31,81840.73,81092.89,81159.68,10.52,10.78,0.56,0.92,-0.51,0.33,-0.59,1.62,0.35,Overestimated
2025-10-02,Thursday,weekly,▁↓▁↑█↓▇ 📈,80173.24,81068.43,80159.9,80983.31,11.07,10.29,0.54,1.13,1.01,1.12,-0.02,2.1,0.59,Underestimated
2025-10-09,Thursday,weekly,▄↓▁↑█↓▇ 📈,81900.0,82247.73,81667.68,82172.1,10.31,10.12,0.53,0.71,0.33,0.42,-0.28,1.34,0.18,Overestimated
2025-10-16,Thursday,weekly,▁↓▁↑█↓▇ 📈,82794.79,83615.48,82791.35,83467.66,10.53,10.87,0.57,1.0,0.81,0.99,-0.0,1.75,0.43,Overestimated
2025-10-23,Thursday,weekly,▇↓▁↑█↓▂ 📉,85154.15,85290.06,84445.25,84556.4,11.3,11.73,0.61,0.99,-0.7,0.16,-0.83,1.62,0.38,Overestimated
2025-10-30,Thursday,monthly,▆↓▁↑█↓▂ 📉,84750.9,84906.95,84312.65,84404.46,11.97,12.07,0.63,0.7,-0.41,0.18,-0.52,1.11,0.07,Overestimated
2025-11-06,Thursday,weekly,▄↓▁↑█↓▂ 📉,83516.69,83846.35,83237.65,83311.01,12.65,12.41,0.65,0.73,-0.25,0.39,-0.33,1.12,0.08,Overestimated
2025-11-13,Thursday,weekly,▄↓▁↑█↓▃ 📉,84525.89,84919.43,84253.05,84478.67,12.11,12.16,0.64,0.79,-0.06,0.47,-0.32,1.24,0.15,Overestimated
2025-11-20,Thursday,weekly,▄↓▁↑█↓▆ 📈,85470.92,85801.7,85201.22,85632.68,11.97,12.14,0.64,0.7,0.19,0.39,-0.32,1.11,0.07,Overestimated
2025-11-27,Thursday,monthly,▄↓▁↑█↓▄ 📉,85745.05,86055.86,85473.85,85720.38,11.97,11.79,0.62,0.68,-0.03,0.36,-0.32,1.1,0.06,Overestimated
2025-12-04,Thursday,weekly,▁↓▁↑█↓▅ 📈,84987.56,85487.21,84949.98,85265.32,11.21,10.82,0.57,0.63,0.33,0.59,-0.04,1.12,0.07,Overestimated
2025-12-11,Thursday,weekly,▄↓▁↑█↓▇ 📈,84456.75,84906.93,84150.19,84818.13,10.91,10.4,0.54,0.9,0.43,0.53,-0.36,1.65,0.35,Overestimated
2025-12-18,Thursday,weekly,▅↓▁↑█↓▄ 📉,84518.33,84780.19,84238.43,84481.81,9.84,9.71,0.51,0.64,-0.04,0.31,-0.33,1.26,0.13,Overestimated
2025-12-25,Thursday,monthly,▄↓▁↑█↓▂ 📉,85533.11,85738.18,85342.19,85408.7,9.38,9.19,0.48,0.46,-0.15,0.24,-0.22,0.96,-0.02,Overestimated
2026-01-01,Thursday,weekly,▂↓▁↑█↓▆ 📈,84793.58,85437.17,84705.57,85220.6,9.68,9.48,0.5,0.86,0.5,0.76,-0.1,1.74,0.37,Overestimated
2026-01-08,Thursday,weekly,▆↓▁↑█↓▂ 📉,84778.02,84965.27,84110.1,84180.96,9.95,10.6,0.55,1.01,-0.7,0.22,-0.79,1.82,0.45,Overestimated
2026-01-15,Thursday,weekly,▃↓▁↑█↓▃ 📈,83358.54,83809.98,83185.2,83382.71,11.2,11.32,0.59,0.75,0.03,0.54,-0.21,1.26,0.16,Overestimated
2026-01-22,Thursday,weekly,▆↓▁↑█↓▄ 📉,82459.66,82783.18,81874.39,82307.37,13.78,13.35,0.7,1.1,-0.18,0.39,-0.71,1.58,0.4,Overestimated
2026-01-29,Thursday,monthly,▆↓▁↑█↓▇ 📈,82368.96,82689.96,81707.94,82566.37,13.53,13.37,0.7,1.19,0.24,0.39,-0.8,1.7,0.49,Overestimated
2026-02-05,Thursday,weekly,█↓▁↑█↓▃ 📉,83757.54,83784.17,83151.62,83313.93,12.25,12.17,0.64,0.76,-0.53,0.03,-0.72,1.19,0.12,Overestimated
2026-02-12,Thursday,weekly,▇↓▁↑█↓▃ 📉,83968.43,84061.62,83516.67,83674.92,11.55,11.73,0.61,0.65,-0.35,0.11,-0.54,1.06,0.03,Overestimated
2026-02-19,Thursday,weekly,█↓▁↑█↓▂ 📉,83969.82,83979.36,82264.2,82498.14,12.22,13.46,0.7,2.04,-1.75,0.01,-2.03,2.9,1.34,Underestimated
2026-02-26,Thursday,monthly,▆↓▁↑█↓▄ 📉,82418.78,82579.16,81970.47,82248.61,13.49,13.06,0.68,0.74,-0.21,0.19,-0.54,1.08,0.05,Overestimated
2026-03-05,Thursday,weekly,▃↓▁↑█↓▆ 📈,79530.48,80303.83,79201.69,80015.9,21.14,17.86,0.94,1.39,0.61,0.97,-0.41,1.48,0.45,Overestimated
2026-03-12,Thursday,weekly,▅↓▁↑█↓▂ 📉,76369.65,76681.71,75871.18,76034.42,21.06,21.52,1.13,1.06,-0.44,0.41,-0.65,0.94,-0.07,Overestimated
2026-03-19,Thursday,weekly,▅↓▁↑█↓▂ 📉,74750.92,75354.18,73950.95,74207.24,18.72,22.8,1.19,1.88,-0.73,0.81,-1.07,1.57,0.68,Underestimated
2026-03-26,Thursday,monthly,▂↓▁↑█↓▅ 📈,74652.01,75849.76,74550.47,75273.45,24.74,24.64,1.29,1.74,0.83,1.6,-0.14,1.35,0.45,Overestimated
2026-04-02,Thursday,weekly,▃↓▁↑█↓▇ 📈,72262.05,73568.54,71545.81,73319.55,25.01,25.52,1.34,2.8,1.46,1.81,-0.99,2.09,1.46,Underestimated
2026-04-09,Thursday,weekly,▇↓▁↑█↓▃ 📉,77319.33,77429.33,76347.9,76631.65,19.7,20.43,1.07,1.4,-0.89,0.14,-1.26,1.31,0.33,Overestimated
2026-04-16,Thursday,weekly,█↓▁↑█↓▃ 📉,78677.56,78730.32,77674.93,77988.68,18.67,18.09,0.95,1.34,-0.88,0.07,-1.27,1.42,0.39,Overestimated
2026-04-23,Thursday,weekly,▆↓▁↑█↓▂ 📉,77983.66,78178.54,77574.18,77664.0,18.3,18.59,0.97,0.77,-0.41,0.25,-0.53,0.8,-0.2,Overestimated
2026-04-30,Thursday,monthly,▆↓▁↑█↓▆ 📉,77014.21,77254.33,76258.86,76913.5,17.44,18.46,0.97,1.29,-0.13,0.31,-0.98,1.34,0.33,Overestimated
2026-05-07,Thursday,weekly,█↓▁↑█↓▂ 📉,78339.24,78384.7,77713.21,77844.52,16.68,16.62,0.87,0.86,-0.63,0.06,-0.8,0.99,-0.01,Overestimated
2026-05-14,Thursday,weekly,▄↓▁↑█↓▆ 📈,74947.12,75681.88,74526.77,75398.72,19.43,18.61,0.97,1.54,0.6,0.98,-0.56,1.58,0.57,Underestimated
2026-05-21,Thursday,weekly,▆↓▁↑█↓▂ 📉,75732.42,75945.79,74996.78,75183.36,18.44,17.82,0.93,1.25,-0.73,0.28,-0.97,1.34,0.32,Overestimated
2026-05-28,Thursday,monthly,▄↓▁↑█↓▃ 📉,75939.86,76224.68,75748.21,75867.8,16.13,14.98,0.78,0.63,-0.09,0.38,-0.25,0.8,-0.16,Overestimated
2026-06-04,Thursday,weekly,▂↓▁↑█↓▆ 📈,73935.83,74544.24,73807.3,74360.01,16.28,15.89,0.83,1.0,0.57,0.82,-0.17,1.2,0.16,Overestimated
2026-06-11,Thursday,weekly,▂↓▁↑█↓▄ 📈,73615.99,74394.34,73518.75,73832.55,15.63,15.61,0.82,1.19,0.29,1.06,-0.13,1.46,0.37,Overestimated
2026-06-18,Thursday,weekly,▃↓▁↑█↓▇ 📈,77131.66,77492.33,76953.0,77409.98,13.19,12.67,0.66,0.7,0.36,0.47,-0.23,1.05,0.04,Overestimated
2026-06-25,Thursday,monthly,▄↓▁↑█↓▂ 📉,77391.07,77803.18,76993.16,77100.47,13.39,13.05,0.68,1.05,-0.38,0.53,-0.51,1.53,0.36,Overestimated
2026-07-02,Thursday,weekly,▁↓▁↑█↓▇ 📈,77083.14,77578.93,77063.95,77502.12,13.24,12.29,0.64,0.67,0.54,0.64,-0.02,1.04,0.02,Overestimated
2026-07-09,Thursday,weekly,▁→▁↑█↓▃ 📈,76576.14,77326.65,76576.14,76741.82,14.68,13.36,0.7,0.98,0.22,0.98,0.0,1.4,0.28,Overestimated
2026-07-16,Thursday,weekly,▅↓▁↑█↓▂ 📉,77388.42,77579.69,77086.42,77186.87,13.27,12.88,0.67,0.64,-0.26,0.25,-0.39,0.95,-0.04,Overestimated
2026-07-23,Thursday,weekly,▅↓▁↑█↓▄ 📉,76515.1,76726.66,76151.98,76391.39,13.29,13.48,0.71,0.75,-0.16,0.28,-0.47,1.06,0.05,Overestimated
